0.000000000000000000e+00,0.000000000000000000e+00,0.000000000000000000e+00,0.000000000000000000e+00,0.000000000000000000e+00
6.510416666666666576e-05,8.326537269221822157e+01,7.905332859094275910e-02,6.873083142975229265e+00,6.623206598896765052e-02
1.302083333333333315e-04,1.664238438689317263e+02,1.806286222699624300e-01,1.509237323243900164e+01,1.484143222826322661e-01
1.953125000000000108e-04,2.495823150456452879e+02,2.822039159489820870e-01,2.331166332190277402e+01,2.305965785762968956e-01
2.604166666666666631e-04,3.325954972087791930e+02,3.877844990706048045e-01,3.151853197032347254e+01,3.126595765727686604e-01
3.255208333333333153e-04,4.151958290068204747e+02,5.047464328390443011e-01,3.969010409945989437e+01,3.943836925689892525e-01
3.906250000000000217e-04,4.977961608048618700e+02,6.217083666074838533e-01,4.786167622859631621e+01,4.761078085652099556e-01
4.557291666666666739e-04,5.800383889217403066e+02,7.435996176791510592e-01,5.599794885592458371e+01,5.574800524406097191e-01
5.208333333333333261e-04,6.613619201754205505e+02,8.781367827204186183e-01,6.404366239858134691e+01,6.379495862053645716e-01
5.859374999999999783e-04,7.426854514291009082e+02,1.012673947761686177e+00,7.208937594123811721e+01,7.184191199701193131e-01
6.510416666666666305e-04,8.240089826827812658e+02,1.147211112802953625e+00,8.013508948389488751e+01,7.988886537348740546e-01
7.161458333333332827e-04,9.051518386733541774e+02,1.283279435862597628e+00,8.816302966762634696e+01,8.791809458559438628e-01
7.812500000000000434e-04,9.842029982362486180e+02,1.437074135528354946e+00,9.598520581519404971e+01,9.574212929206967759e-01
8.463541666666666956e-04,1.063254157799142831e+03,1.590868835194112041e+00,1.038073819627617524e+02,1.035661639985449689e+00
9.114583333333333478e-04,1.142305317362037158e+03,1.744663534859869136e+00,1.116295581103294410e+02,1.113901987050202491e+00
9.765625000000000000e-04,1.221356476924931258e+03,1.898458234525626231e+00,1.194517342578971295e+02,1.192142334114955293e+00
1.041666666666666652e-03,1.296226053772733849e+03,2.073622500421814951e+00,1.268617860451641377e+02,1.266268844553302353e+00
1.106770833333333304e-03,1.370458179451225760e+03,2.252011209672183156e+00,1.342090121103618685e+02,1.339768221288687222e+00
1.171874999999999957e-03,1.444690305129717672e+03,2.430399918922551805e+00,1.415562381755596277e+02,1.413267598024072313e+00
1.236979166666666609e-03,1.518922430808209810e+03,2.608788628172920454e+00,1.489034642407573870e+02,1.486766974759456961e+00
1.302083333333333261e-03,1.593154556486701722e+03,2.787177337423288659e+00,1.562506903059551178e+02,1.560266351494842052e+00
1.367187499999999913e-03,1.667386682165193633e+03,2.965566046673657308e+00,1.635979163711528770e+02,1.633765728230226921e+00
1.432291666666666565e-03,1.741618807843685545e+03,3.143954755924025513e+00,1.709451424363506362e+02,1.707265104965611791e+00
1.497395833333333218e-03,1.815794860295790613e+03,3.322515218223244471e+00,1.782868356520538953e+02,1.780709219943545918e+00
1.562500000000000087e-03,1.881465607080123846e+03,3.527127546519404522e+00,1.847892945451302182e+02,1.845771114579551231e+00
1.627604166666666739e-03,1.947136353864456851e+03,3.731739874815563685e+00,1.912917534382065128e+02,1.910833009215556322e+00
1.692708333333333391e-03,2.012807100648789856e+03,3.936352203111722403e+00,1.977942123312828357e+02,1.975894903851561191e+00
1.757812500000000043e-03,2.078477847433122861e+03,4.140964531407881566e+00,2.042966712243591303e+02,2.040956798487566282e+00
1.822916666666666696e-03,2.144148594217455866e+03,4.345576859704040729e+00,2.107991301174354248e+02,2.106018693123571595e+00
1.888020833333333348e-03,2.209819341001788871e+03,4.550189188000199891e+00,2.173015890105117478e+02,2.171080587759576463e+00
1.953125000000000000e-03,2.275490087786121876e+03,4.754801516296359054e+00,2.238040479035880423e+02,2.236142482395581332e+00
2.018229166666666435e-03,2.339598258710951995e+03,4.962088835998394565e+00,2.301522095434363848e+02,2.299662725290775978e+00
2.083333333333333304e-03,2.394241062491011689e+03,5.185366762287999975e+00,2.355656902169587283e+02,2.353843667846678311e+00
2.148437500000000173e-03,2.448883866271071383e+03,5.408644688577606274e+00,2.409791708904810719e+02,2.408024610402581089e+00
2.213541666666666609e-03,2.503526670051131077e+03,5.631922614867211685e+00,2.463926515640033870e+02,2.462205552958482979e+00
2.278645833333333478e-03,2.558169473831190771e+03,5.855200541156817096e+00,2.518061322375257305e+02,2.516386495514385313e+00
2.343749999999999913e-03,2.612812277611250465e+03,6.078478467446422506e+00,2.572196129110480456e+02,2.570567438070287647e+00
2.408854166666666782e-03,2.667455081391310159e+03,6.301756393736028805e+00,2.626330935845704175e+02,2.624748380626189981e+00
2.473958333333333218e-03,2.722097885171369853e+03,6.525034320025633328e+00,2.680465742580927326e+02,2.678929323182092315e+00
2.539062500000000087e-03,2.773121287354882952e+03,6.751177807236494743e+00,2.731024668244775739e+02,2.729536343257572995e+00
2.604166666666666522e-03,2.814740423813417237e+03,6.984766861245001124e+00,2.772292407258262870e+02,2.770857265675796821e+00
2.669270833333333391e-03,2.856359560271951977e+03,7.218355915253509281e+00,2.813560146271750568e+02,2.812178188094021092e+00
2.734374999999999827e-03,2.897978696730486718e+03,7.451944969262016549e+00,2.854827885285237699e+02,2.853499110512244918e+00
2.799479166666666696e-03,2.939597833189021458e+03,7.685534023270524706e+00,2.896095624298725397e+02,2.894820032930469189e+00
2.864583333333333131e-03,2.981216969647555743e+03,7.919123077279031975e+00,2.937363363312212527e+02,2.936140955348693016e+00
2.929687500000000000e-03,3.022836106106090483e+03,8.152712131287540132e+00,2.978631102325700226e+02,2.977461877766917286e+00
2.994791666666666435e-03,3.064455242564625223e+03,8.386301185296046512e+00,3.019898841339187356e+02,3.018782800185141113e+00
3.059895833333333304e-03,3.100035781179842161e+03,8.620587277772463253e+00,3.055198278536934140e+02,3.054137502591141473e+00
3.125000000000000173e-03,3.127046733957521155e+03,8.855807132535609583e+00,3.082027943078643375e+02,3.081025565215697704e+00
3.190104166666666609e-03,3.154057686735199695e+03,9.091026987298754136e+00,3.108857607620352042e+02,3.107913627840254378e+00
3.255208333333333478e-03,3.181068639512878690e+03,9.326246842061900466e+00,3.135687272162061277e+02,3.134801690464810608e+00
3.320312499999999913e-03,3.208079592290557230e+03,9.561466696825045020e+00,3.162516936703769943e+02,3.161689753089366839e+00
3.385416666666666782e-03,3.235090545068235770e+03,9.796686551588189573e+00,3.189346601245479178e+02,3.188577815713923513e+00
3.450520833333333218e-03,3.262101497845914764e+03,1.003190640635133413e+01,3.216176265787187845e+02,3.215465878338479744e+00
3.515625000000000087e-03,3.289112450623593304e+03,1.026712626111448046e+01,3.243005930328896511e+02,3.242353940963036418e+00
3.580729166666666522e-03,3.307571754608080482e+03,1.049843595557521247e+01,3.261380842472616450e+02,3.260788824667925301e+00
3.645833333333333391e-03,3.319013577971421910e+03,1.072653697357935343e+01,3.272817787150142408e+02,3.272287032102493498e+00
3.710937499999999827e-03,3.330455401334763337e+03,1.095463799158349261e+01,3.284254731827668365e+02,3.283785239537062139e+00
3.776041666666666696e-03,3.341897224698105219e+03,1.118273900958763356e+01,3.295691676505194323e+02,3.295283446971630781e+00
3.841145833333333131e-03,3.353339048061446647e+03,1.141084002759177274e+01,3.307128621182720281e+02,3.306781654406199422e+00
3.906250000000000000e-03,3.364780871424788074e+03,1.163894104559591369e+01,3.318565565860246238e+02,3.318279861840767619e+00
3.971354166666666435e-03,3.376222694788129502e+03,1.186704206360005287e+01,3.330002510537772196e+02,3.329778069275336261e+00
4.036458333333332871e-03,3.387664518151470929e+03,1.209514308160419205e+01,3.341439455215298153e+02,3.341276276709904458e+00
4.101562500000000173e-03,3.388121285188020920e+03,1.231254985710249272e+01,3.342012685316249190e+02,3.341911314475495942e+00
4.166666666666666609e-03,3.383524755214648394e+03,1.252500684077408977e+01,3.337588346538894370e+02,3.337548967976027736e+00
4.231770833333333044e-03,3.378928225241276323e+03,1.273746382444568681e+01,3.333164007761540120e+02,3.333186621476559530e+00
4.296875000000000347e-03,3.374331695267904252e+03,1.294992080811728741e+01,3.328739668984185300e+02,3.328824274977091324e+00
4.361979166666666782e-03,3.369735165294531726e+03,1.316237779178888445e+01,3.324315330206831050e+02,3.324461928477623118e+00
4.427083333333333218e-03,3.365138635321159654e+03,1.337483477546048150e+01,3.319890991429476799e+02,3.320099581978154912e+00
4.492187499999999653e-03,3.360542105347787583e+03,1.358729175913208032e+01,3.315466652652121979e+02,3.315737235478686706e+00
4.557291666666666956e-03,3.355945575374415057e+03,1.379974874280367914e+01,3.311042313874767729e+02,3.311374888979218056e+00
4.622395833333333391e-03,3.338364243270867519e+03,1.399292010289219412e+01,3.293772877989410404e+02,3.294166093640868098e+00
4.687499999999999827e-03,3.317944736848595767e+03,1.418187607632904168e+01,3.273695804038569577e+02,3.274149364780251314e+00
4.752604166666666262e-03,3.297525230426324015e+03,1.437083204976588746e+01,3.253618730087728750e+02,3.254132635919634531e+00
4.817708333333333565e-03,3.277105724004051808e+03,1.455978802320273680e+01,3.233541656136887354e+02,3.234115907059017303e+00
4.882812500000000000e-03,3.256686217581780056e+03,1.474874399663958258e+01,3.213464582186046528e+02,3.214099178198400519e+00
4.947916666666666435e-03,3.236266711159507850e+03,1.493769997007643013e+01,3.193387508235205701e+02,3.194082449337783736e+00
5.013020833333332871e-03,3.215847204737236098e+03,1.512665594351327591e+01,3.173310434284364874e+02,3.174065720477166952e+00
5.078125000000000173e-03,3.195427698314963891e+03,1.531561191695012525e+01,3.153233360333523478e+02,3.154048991616549724e+00
5.143229166666666609e-03,3.160557396332568260e+03,1.547530572878549648e+01,3.118856719120082062e+02,3.119729020406154962e+00
5.208333333333333044e-03,3.125029967214893531e+03,1.563364549676357917e+01,3.083829735960280800e+02,3.084758510171035084e+00
5.273437500000000347e-03,3.089502538097218803e+03,1.579198526474166542e+01,3.048802752800479539e+02,3.049787999935914762e+00
5.338541666666666782e-03,3.053975108979544075e+03,1.595032503271974811e+01,3.013775769640678277e+02,3.014817489700794439e+00
5.403645833333333218e-03,3.018447679861869346e+03,1.610866480069783080e+01,2.978748786480877584e+02,2.979846979465674561e+00
5.468749999999999653e-03,2.982920250744195073e+03,1.626700456867591527e+01,2.943721803321076891e+02,2.944876469230554239e+00
5.533854166666666956e-03,2.947392821626519890e+03,1.642534433665399973e+01,2.908694820161275061e+02,2.909905958995433917e+00
5.598958333333333391e-03,2.910600713248368720e+03,1.658033344648578122e+01,2.872415946773716087e+02,2.873683013626573857e+00
5.664062499999999827e-03,2.861325209651656223e+03,1.670224888207479808e+01,2.823779916143401465e+02,2.825097532357350616e+00
5.729166666666666262e-03,2.812049706054944181e+03,1.682416431766381137e+01,2.775143885513086843e+02,2.776512051088127375e+00
5.794270833333333565e-03,2.762774202458231684e+03,1.694607975325282823e+01,2.726507854882771653e+02,2.727926569818903246e+00
5.859375000000000000e-03,2.713498698861519188e+03,1.706799518884184508e+01,2.677871824252457031e+02,2.679341088549680006e+00
5.924479166666666435e-03,2.664223195264807146e+03,1.718991062443085838e+01,2.629235793622142410e+02,2.630755607280456765e+00
5.989583333333332871e-03,2.614947691668095104e+03,1.731182606001987523e+01,2.580599762991827788e+02,2.582170126011233524e+00
6.054687500000000173e-03,2.565672188071382152e+03,1.743374149560889208e+01,2.531963732361512598e+02,2.533584644742009395e+00
6.119791666666666609e-03,2.513670084040783422e+03,1.754631451811366816e+01,2.480627275872889470e+02,2.482297093036945679e+00
6.184895833333333044e-03,2.452440774739996414e+03,1.762714785528779160e+01,2.420153071384073087e+02,2.421865546702889560e+00
6.250000000000000347e-03,2.391211465439208951e+03,1.770798119246191504e+01,2.359678866895256135e+02,2.361434000368832997e+00
6.315104166666666782e-03,2.329982156138421942e+03,1.778881452963603493e+01,2.299204662406440036e+02,2.301002454034776878e+00
6.380208333333333218e-03,2.268752846837634934e+03,1.786964786681015838e+01,2.238730457917623653e+02,2.240570907700720760e+00
6.445312499999999653e-03,2.207523537536848380e+03,1.795048120398428182e+01,2.178256253428807554e+02,2.180139361366664641e+00
6.510416666666666956e-03,2.146294228236060462e+03,1.803131454115840526e+01,2.117782048939990602e+02,2.119707815032607634e+00
6.575520833333333391e-03,2.085064918935273454e+03,1.811214787833252515e+01,2.057307844451174219e+02,2.059276268698551515e+00
6.640624999999999827e-03,2.020329469282974060e+03,1.817699879698142595e+01,1.993359224163833971e+02,1.995366910480659950e+00
6.705729166666666262e-03,1.949450663241811981e+03,1.821384579019875360e+01,1.923322834319801018e+02,1.925363832184903590e+00
6.770833333333333565e-03,1.878571857200648765e+03,1.825069278341608126e+01,1.853286444475767212e+02,1.855360753889146341e+00
6.835937500000000000e-03,1.807693051159486458e+03,1.828753977663340535e+01,1.783250054631734258e+02,1.785357675593389981e+00
6.901041666666666435e-03,1.736814245118324152e+03,1.832438676985073300e+01,1.713213664787701589e+02,1.715354597297633621e+00
6.966145833333332871e-03,1.665935439077161845e+03,1.836123376306806065e+01,1.643177274943668635e+02,1.645351519001877261e+00
7.031250000000000173e-03,1.595056633035998630e+03,1.839808075628538830e+01,1.573140885099634829e+02,1.575348440706120012e+00
7.096354166666666609e-03,1.524177826994836323e+03,1.843492774950271240e+01,1.503104495255601876e+02,1.505345362410363652e+00
7.161458333333333044e-03,1.449850808572613005e+03,1.844970551910818202e+01,1.429647701303593692e+02,1.431916517513173170e+00
7.226562499999999480e-03,1.372078725718380838e+03,1.844234244101222586e+01,1.352773326166150127e+02,1.355065057414870378e+00
7.291666666666666782e-03,1.294306642864147534e+03,1.843497936291626615e+01,1.275898951028705710e+02,1.278213597316566696e+00
7.356770833333333218e-03,1.216534560009915367e+03,1.842761628482030645e+01,1.199024575891262288e+02,1.201362137218263904e+00
7.421874999999999653e-03,1.138762477155682973e+03,1.842025320672434674e+01,1.122150200753818865e+02,1.124510677119961333e+00
7.486979166666666956e-03,1.060990394301449896e+03,1.841289012862838703e+01,1.045275825616374448e+02,1.047659217021657430e+00
7.552083333333333391e-03,9.832183114472177294e+02,1.840552705053242732e+01,9.684014504789308830e+01,9.708077569233548587e-01
7.617187499999999827e-03,9.051210328914377214e+02,1.839475009018565643e+01,8.912037494233908319e+01,8.936321053977770434e-01
7.682291666666666262e-03,8.232915887770197969e+02,1.834479311086230879e+01,8.102953417072396292e+01,8.127358140435564371e-01
7.747395833333333565e-03,7.414621446626006218e+02,1.829483613153896471e+01,7.293869339910872895e+01,7.318395226893347205e-01
7.812500000000000000e-03,6.596327005481826973e+02,1.824487915221562062e+01,6.484785262749360868e+01,6.509432313351140031e-01
7.877604166666666435e-03,5.778032564337646591e+02,1.819492217289227298e+01,5.675701185587848840e+01,5.700469399808933968e-01
7.942708333333332871e-03,4.959738123193466777e+02,1.814496519356892890e+01,4.866617108426336813e+01,4.891506486266727349e-01
8.007812499999999306e-03,4.141443682049286394e+02,1.809500821424558481e+01,4.057533031264824075e+01,4.082543572724521286e-01
8.072916666666665741e-03,3.323149240905106581e+02,1.804505123492223717e+01,3.248448954103312047e+01,3.273580659182314667e-01
8.138020833333333912e-03,2.496737109724356856e+02,1.797944528100363826e+01,2.431254413496880318e+01,2.456465238231169690e-01
8.203125000000000347e-03,1.664843822434106642e+02,1.789887490149635596e+01,1.608558912908137728e+01,1.633808269976764760e-01
8.268229166666666782e-03,8.324951045706754371e+01,1.781605825713028679e+01,7.854007078209088277e+00,8.106824431931261565e-02
8.333333333333333218e-03,4.265618096255252567e-05,1.773148001997489231e+01,-3.791154476809914797e-01,-1.260240695793161947e-03
8.398437499999999653e-03,-8.322450417503918629e+01,1.763535788921537772e+01,-8.610415784584050769e+00,-8.357380086081660220e-02
8.463541666666666088e-03,-1.661509952922655771e+02,1.752591435600621850e+01,-1.681299718577743363e+01,-1.656040448507533069e-01
8.528645833333332524e-03,-2.490774864094919678e+02,1.741647082279705572e+01,-2.501557858697081826e+01,-2.476342888406899978e-01
8.593750000000000694e-03,-3.320039775267205755e+02,1.730702728958789294e+01,-3.321815998816441606e+01,-3.296645328306288536e-01
8.658854166666667129e-03,-4.149304686439469378e+02,1.719758375637873371e+01,-4.142074138935780780e+01,-4.116947768205655445e-01
8.723958333333333565e-03,-4.978569597611733570e+02,1.708814022316957448e+01,-4.962332279055119244e+01,-4.937250208105022353e-01
8.789062500000000000e-03,-5.795528983384481307e+02,1.695925299894620508e+01,-5.770535470148359991e+01,-5.745556799660097580e-01
8.854166666666666435e-03,-6.607599471090452425e+02,1.682264093402532978e+01,-6.573949315392854942e+01,-6.549097525648628348e-01
8.919270833333332871e-03,-7.419669958796422407e+02,1.668602886910445093e+01,-7.377363160637351314e+01,-7.352638251637160227e-01
8.984374999999999306e-03,-8.231740446502393524e+02,1.654941680418357564e+01,-8.180777005881846264e+01,-8.156178977625690996e-01
9.049479166666665741e-03,-9.043810934208363506e+02,1.641280473926270034e+01,-8.984190851126342636e+01,-8.959719703614221764e-01
9.114583333333333912e-03,-9.851902579801802631e+02,1.627259676418852408e+01,-9.783691719311110546e+01,-9.759358928564580982e-01
9.179687500000000347e-03,-1.064568638118527588e+03,1.611984905433005011e+01,-1.056911951023002842e+02,-1.054496524883396624e+00
9.244791666666666782e-03,-1.140693507446868125e+03,1.594878564169965074e+01,-1.132249172840517133e+02,-1.129857879153313593e+00
9.309895833333333218e-03,-1.216818376775208662e+03,1.577772222906925137e+01,-1.207586394658031423e+02,-1.205219233423230563e+00
9.374999999999999653e-03,-1.292943246103549200e+03,1.560665881643885200e+01,-1.282923616475545714e+02,-1.280580587693147532e+00
9.440104166666666088e-03,-1.369068115431889510e+03,1.543559540380845085e+01,-1.358260838293060146e+02,-1.355941941963064501e+00
9.505208333333332524e-03,-1.445192984760230047e+03,1.526453199117805148e+01,-1.433598060110574579e+02,-1.431303296232981470e+00
9.570312500000000694e-03,-1.521317854088572858e+03,1.509346857854764679e+01,-1.508935281928090717e+02,-1.506664650502900660e+00
9.635416666666667129e-03,-1.597442723416913395e+03,1.492240516591724742e+01,-1.584272503745605150e+02,-1.582026004772817629e+00
9.700520833333333565e-03,-1.672178499308647133e+03,1.474634471417997261e+01,-1.658239501468586639e+02,-1.656018993177631904e+00
9.765625000000000000e-03,-1.740474383029345972e+03,1.454711779129348237e+01,-1.725854086037488742e+02,-1.723668183253578068e+00
9.830729166666666435e-03,-1.808770266750044811e+03,1.434789086840699035e+01,-1.793468670606390560e+02,-1.791317373329524454e+00
9.895833333333332871e-03,-1.877066150470743651e+03,1.414866394552050011e+01,-1.861083255175292663e+02,-1.858966563405470840e+00
9.960937499999999306e-03,-1.945362034191442490e+03,1.394943702263400809e+01,-1.928697839744194766e+02,-1.926615753481417226e+00
1.002604166666666574e-02,-2.013657917912141329e+03,1.375021009974751607e+01,-1.996312424313096869e+02,-1.994264943557363612e+00
1.009114583333333391e-02,-2.081953801632841987e+03,1.355098317686102050e+01,-2.063927008882000678e+02,-2.061914133633311774e+00
1.015625000000000035e-02,-2.150249685353540826e+03,1.335175625397452848e+01,-2.131541593450902781e+02,-2.129563323709258160e+00
1.022135416666666678e-02,-2.215298154926430470e+03,1.314598047775109002e+01,-2.195950064803020894e+02,-2.194009361299442684e+00
1.028645833333333322e-02,-2.273202997200014579e+03,1.292589981918568220e+01,-2.253305542194241013e+02,-2.251408692482745888e+00
1.035156249999999965e-02,-2.331107839473598688e+03,1.270581916062027439e+01,-2.310661019585460849e+02,-2.308808023666048648e+00
1.041666666666666609e-02,-2.389012681747183251e+03,1.248573850205486657e+01,-2.368016496976680969e+02,-2.366207354849351852e+00
1.048177083333333252e-02,-2.446917524020767360e+03,1.226565784348945876e+01,-2.425371974367901089e+02,-2.423606686032655055e+00
1.054687500000000069e-02,-2.504822366294353287e+03,1.204557718492404561e+01,-2.482727451759122630e+02,-2.481006017215959591e+00
1.061197916666666713e-02,-2.562727208567937851e+03,1.182549652635863779e+01,-2.540082929150342750e+02,-2.538405348399262795e+00
1.067708333333333356e-02,-2.620632050841521959e+03,1.160541586779322998e+01,-2.597438406541563154e+02,-2.595804679582565999e+00
1.074218750000000000e-02,-2.672922700001621706e+03,1.137965629415454671e+01,-2.649247903607301282e+02,-2.647661422122106423e+00
1.080729166666666644e-02,-2.718317908206911852e+03,1.114692178702433978e+01,-2.694245739745480819e+02,-2.692710669451325423e+00
1.087239583333333287e-02,-2.763713116412201998e+03,1.091418727989413107e+01,-2.739243575883659787e+02,-2.737759916780544422e+00
1.093749999999999931e-02,-2.809108324617492144e+03,1.068145277276392235e+01,-2.784241412021838755e+02,-2.782809164109763422e+00
1.100260416666666574e-02,-2.854503532822782290e+03,1.044871826563371542e+01,-2.829239248160018292e+02,-2.827858411438982422e+00
1.106770833333333391e-02,-2.899898741028073346e+03,1.021598375850350138e+01,-2.874237084298198397e+02,-2.872907658768202754e+00
1.113281250000000035e-02,-2.945293949233363492e+03,9.983249251373292665e+00,-2.919234920436377934e+02,-2.917956906097421754e+00
1.119791666666666678e-02,-2.990689157438653638e+03,9.750514744243083953e+00,-2.964232756574556902e+02,-2.963006153426640754e+00
1.126302083333333322e-02,-3.027769135739692501e+03,9.515387793744963574e+00,-3.001013158823503204e+02,-2.999841329188919214e+00
1.132812499999999965e-02,-3.058931228657696465e+03,9.278598922937367988e+00,-3.031944997969398514e+02,-3.030830306446554268e+00
1.139322916666666609e-02,-3.090093321575699974e+03,9.041810052129772401e+00,-3.062876837115294393e+02,-3.061819283704189765e+00
1.145833333333333252e-02,-3.121255414493703938e+03,8.805021181322175039e+00,-3.093808676261189703e+02,-3.092808260961825262e+00
1.152343750000000069e-02,-3.152417507411708357e+03,8.568232310514572347e+00,-3.124740515407086150e+02,-3.123797238219461203e+00
1.158854166666666713e-02,-3.183579600329711866e+03,8.331443439706976761e+00,-3.155672354552982029e+02,-3.154786215477096700e+00
1.165364583333333356e-02,-3.214741693247715375e+03,8.094654568899381175e+00,-3.186604193698877907e+02,-3.185775192734732197e+00
1.171875000000000000e-02,-3.245903786165719339e+03,7.857865698091783813e+00,-3.217536032844773217e+02,-3.216764169992367695e+00
1.178385416666666644e-02,-3.266012260139672435e+03,7.624474604376857201e+00,-3.237540410365342609e+02,-3.236828261744537194e+00
1.184895833333333287e-02,-3.281825292770363376e+03,7.392403888383734412e+00,-3.253298371334017816e+02,-3.252646938026161116e+00
1.191406249999999931e-02,-3.297638325401054317e+03,7.160333172390611622e+00,-3.269056332302693022e+02,-3.268465614307784595e+00
1.197916666666666574e-02,-3.313451358031744803e+03,6.928262456397488833e+00,-3.284814293271368797e+02,-3.284284290589408517e+00
1.204427083333333391e-02,-3.329264390662436199e+03,6.696191740404360715e+00,-3.300572254240044572e+02,-3.300102966871032883e+00
1.210937500000000035e-02,-3.345077423293127140e+03,6.464121024411237926e+00,-3.316330215208719778e+02,-3.315921643152656806e+00
1.217447916666666678e-02,-3.360890455923817626e+03,6.232050308418115137e+00,-3.332088176177395553e+02,-3.331740319434280728e+00
1.223958333333333322e-02,-3.376703488554508567e+03,5.999979592424992347e+00,-3.347846137146070760e+02,-3.347558995715904651e+00
1.230468749999999965e-02,-3.378841089781320989e+03,5.779305496559518751e+00,-3.350080587679426003e+02,-3.349855201983271691e+00
1.236979166666666609e-02,-3.378673878263022289e+03,5.560576515091489647e+00,-3.350035995869584440e+02,-3.349872651005115998e+00
1.243489583333333252e-02,-3.378506666744723589e+03,5.341847533623460542e+00,-3.349991404059742877e+02,-3.349890100026960305e+00
1.250000000000000069e-02,-3.378339455226424889e+03,5.123118552155425220e+00,-3.349946812249900745e+02,-3.349907549048804611e+00
1.256510416666666713e-02,-3.378172243708126189e+03,4.904389570687396116e+00,-3.349902220440059182e+02,-3.349924998070649362e+00
1.263020833333333356e-02,-3.378005032189827489e+03,4.685660589219367012e+00,-3.349857628630217050e+02,-3.349942447092493669e+00
1.269531250000000000e-02,-3.377837820671528789e+03,4.466931607751337907e+00,-3.349813036820375487e+02,-3.349959896114337976e+00
1.276041666666666644e-02,-3.377670609153230089e+03,4.248202626283308803e+00,-3.349768445010533924e+02,-3.349977345136182283e+00
1.282552083333333287e-02,-3.361709269806960492e+03,4.050687853577750630e+00,-3.334100955261145032e+02,-3.334370873210402486e+00
1.289062499999999931e-02,-3.345612682984767162e+03,3.853354741310812237e+00,-3.318299684302945707e+02,-3.318630611315641410e+00
1.295572916666666574e-02,-3.329516096162573831e+03,3.656021629043873400e+00,-3.302498413344746382e+02,-3.302890349420879890e+00
1.302083333333333391e-02,-3.313419509340380046e+03,3.458688516776929678e+00,-3.286697142386546489e+02,-3.287150087526117925e+00
1.308593750000000035e-02,-3.297322922518186715e+03,3.261355404509990841e+00,-3.270895871428347164e+02,-3.271409825631356405e+00
1.315104166666666678e-02,-3.281226335695993384e+03,3.064022292243052448e+00,-3.255094600470147270e+02,-3.255669563736594885e+00
1.321614583333333322e-02,-3.265129748873800054e+03,2.866689179976113611e+00,-3.239293329511947945e+02,-3.239929301841833365e+00
1.328124999999999965e-02,-3.247161402810400432e+03,2.672806226457733469e+00,-3.221639736354600814e+02,-3.222336630873405383e+00
1.334635416666666609e-02,-3.216408488585558189e+03,2.502638540906991338e+00,-3.191336769391879216e+02,-3.192091652783105360e+00
1.341145833333333252e-02,-3.185655574360715946e+03,2.332470855356249650e+00,-3.161033802429158186e+02,-3.161846674692805337e+00
1.347656249999999896e-02,-3.154902660135873703e+03,2.162303169805507963e+00,-3.130730835466436588e+02,-3.131601696602505314e+00
1.354166666666666713e-02,-3.124149745911031005e+03,1.992135484254761835e+00,-3.100427868503713853e+02,-3.101356718512203958e+00
1.360677083333333356e-02,-3.093396831686188762e+03,1.821967798704019925e+00,-3.070124901540992823e+02,-3.071111740421903935e+00
1.367187500000000000e-02,-3.062643917461346973e+03,1.651800113153278238e+00,-3.039821934578271225e+02,-3.040866762331603912e+00
1.373697916666666644e-02,-3.031492370686314189e+03,1.482590324757485423e+00,-3.009124420872776113e+02,-3.010227092556957640e+00
1.380208333333333287e-02,-2.987826003618692539e+03,1.343453120116433031e+00,-2.966040358250299960e+02,-2.967196323515049361e+00
1.386718749999999931e-02,-2.944159636551070889e+03,1.204315915475380638e+00,-2.922956295627823238e+02,-2.924165554473140638e+00
1.393229166666666574e-02,-2.900493269483449239e+03,1.065178710834328246e+00,-2.879872233005347084e+02,-2.881134785431232359e+00
1.399739583333333391e-02,-2.856826902415826225e+03,9.260415061932721903e-01,-2.836788170382869225e+02,-2.838104016389323192e+00
1.406250000000000035e-02,-2.813160535348204576e+03,7.869043015522197981e-01,-2.793704107760393072e+02,-2.795073247347414469e+00
1.412760416666666678e-02,-2.769494168280582926e+03,6.477670969111674060e-01,-2.750620045137916350e+02,-2.752042478305506190e+00
1.419270833333333322e-02,-2.725827801212961276e+03,5.086298922701151248e-01,-2.707535982515440196e+02,-2.709011709263597911e+00
1.425781249999999965e-02,-2.675651295182177364e+03,3.879994067524902279e-01,-2.658006657730438747e+02,-2.659532872595072206e+00
1.432291666666666609e-02,-2.623339853946996300e+03,2.739871592217856255e-01,-2.606363849337811871e+02,-2.607938835310620984e+00
1.438802083333333252e-02,-2.569925820563218167e+03,1.635285500519883251e-01,-2.553628943978076791e+02,-2.555252270027377648e+00
1.445312499999999896e-02,-2.514453090578557294e+03,5.998956055235213358e-02,-2.498855522501127950e+02,-2.500525802789658414e+00
1.451822916666666713e-02,-2.457078989076804191e+03,-3.667700493416028301e-02,-2.442198956753599077e+02,-2.443914832320159825e+00
1.458333333333333356e-02,-2.397040096801779782e+03,-1.236020312460138493e-01,-2.382903052207640542e+02,-2.384662600441903368e+00
1.464843750000000000e-02,-2.337001204526755828e+03,-2.105270575578674086e-01,-2.323607147661682291e+02,-2.325410368563647356e+00
1.471354166666666644e-02,-2.276962312251731419e+03,-2.974520838697209957e-01,-2.264311243115723755e+02,-2.266158136685390900e+00
1.477864583333333287e-02,-2.216923419976707009e+03,-3.843771101815745550e-01,-2.205015338569765504e+02,-2.206905904807134888e+00
1.484374999999999931e-02,-2.151064509155557516e+03,-4.472764962907233022e-01,-2.139953398916728986e+02,-2.141882747390319253e+00
1.490885416666666574e-02,-2.085176525752083762e+03,-5.100558677646702677e-01,-2.074862656343391905e+02,-2.076830762624162219e+00
1.497395833333333391e-02,-2.019288542348608189e+03,-5.728352392386188985e-01,-2.009771913770052834e+02,-2.011778777858002965e+00
1.503906250000000035e-02,-1.953400558945134435e+03,-6.356146107125658640e-01,-1.944681171196715468e+02,-1.946726793091845487e+00
1.510416666666666678e-02,-1.885200961255995935e+03,-6.874559382543081743e-01,-1.877299524217779094e+02,-1.879381508946954993e+00
1.516927083333333322e-02,-1.815521889750080391e+03,-7.322967252193616217e-01,-1.808451658109708831e+02,-1.810568472847983612e+00
1.523437499999999965e-02,-1.744477958636935227e+03,-7.698891105491033615e-01,-1.738250751826032854e+02,-1.740400788636148333e+00
1.529947916666666609e-02,-1.672678451893133797e+03,-8.034688372816967128e-01,-1.667300813056839388e+02,-1.669483181797272842e+00
1.536458333333333252e-02,-1.598619798962502273e+03,-8.232460113447865879e-01,-1.594110113113730733e+02,-1.596321610889730902e+00
1.542968749999999896e-02,-1.523432191433023718e+03,-8.361154455222755688e-01,-1.519799771410510800e+02,-1.522038787254619496e+00
1.549479166666666713e-02,-1.448244583903542889e+03,-8.489848796997647717e-01,-1.445489429707288593e+02,-1.447755963619506092e+00
1.555989583333333356e-02,-1.373056976374064334e+03,-8.618543138772536416e-01,-1.371179088004068660e+02,-1.373473139984394686e+00
1.562500000000000000e-02,-1.297869368844585779e+03,-8.747237480547426225e-01,-1.296868746300848727e+02,-1.299190316349283281e+00
1.569010416666666644e-02,-1.220748652563766200e+03,-8.728021317100388421e-01,-1.220639466809040385e+02,-1.222984969608255978e+00
1.575520833333333287e-02,-1.141644615422999323e+03,-8.557052702991398974e-01,-1.142441405507926930e+02,-1.144807162612704099e+00
1.582031249999999931e-02,-1.062540578282232218e+03,-8.386084088882410637e-01,-1.064243344206813333e+02,-1.066629355617151997e+00
1.588541666666666574e-02,-9.834365411414653408e+02,-8.215115474773421189e-01,-9.860452829056997359e+01,-9.884515486216000069e-01
1.595052083333333218e-02,-9.043325040006983500e+02,-8.044146860664432852e-01,-9.078472216045861387e+01,-9.102737416260480163e-01
1.601562499999999861e-02,-8.246700707994424420e+02,-7.817980287339889589e-01,-8.290941984447024993e+01,-8.315395467497551651e-01
1.608072916666666505e-02,-7.436392385519889103e+02,-7.452123226506163212e-01,-7.489808498356833866e+01,-7.514415237779557000e-01
1.614583333333333148e-02,-6.619668066150468348e+02,-7.001531042110140657e-01,-6.682285891223372687e+01,-6.707024009244023643e-01
1.621093750000000139e-02,-5.802356189208569504e+02,-6.542995097263295534e-01,-5.874178138789047665e+01,-5.899045506505526948e-01
1.627604166666666782e-02,-4.978749171320566802e+02,-5.981313803011651942e-01,-5.059790938677831917e+01,-5.084760438388437054e-01
1.634114583333333426e-02,-4.154614843144699989e+02,-5.410992574507270669e-01,-4.244877742819980426e+01,-4.269947103019876011e-01
1.640625000000000069e-02,-3.325447736148934155e+02,-4.723208433527870675e-01,-3.424925302661426230e+01,-3.450062195194886216e-01
1.647135416666666713e-02,-2.495968702819247653e+02,-4.027988583061133943e-01,-2.604659860003194183e+01,-2.629862759903242031e-01
1.653645833333333356e-02,-1.665061000294564337e+02,-3.269388394605321491e-01,-1.782947099118093348e+01,-1.808198429010381969e-01
1.660156250000000000e-02,-8.325312728716951938e+01,-2.438829990326137342e-01,-9.595911403479940205e+00,-9.848709439410766042e-02
1.666666666666666644e-02,-2.801806393171180076e-06,-1.608042084249223791e-01,-1.362335542649364406e+00,-1.615417668046982558e-02
1.673177083333333287e-02,8.329330005604172982e+01,-6.814118428147759865e-02,6.875743713331642581e+00,6.622648968452093943e-02
1.679687499999999931e-02,1.665277850695140387e+02,2.985864005225425874e-02,1.510830616306462737e+01,1.485535188296289444e-01
1.686197916666666574e-02,2.496011583905796556e+02,1.352709420875513047e-01,2.332535630533887172e+01,2.307275908805875853e-01
1.692708333333333218e-02,3.326745317116452725e+02,2.406832441228483610e-01,3.154240644761311430e+01,3.129016629315462539e-01
1.699218749999999861e-02,4.153320774228581058e+02,3.566272581586844015e-01,3.971894021463185709e+01,3.946736807327663188e-01
1.705729166666666505e-02,4.979738030544158391e+02,4.729719491067920778e-01,4.789393254412049572e+01,4.764304024591087261e-01
1.712239583333333148e-02,5.800516436049479125e+02,5.983234848256495653e-01,5.601368865703290822e+01,5.576375086264216963e-01
1.718750000000000139e-02,6.619900885708876785e+02,7.258599061641116679e-01,6.411979157101121984e+01,6.387087206444561627e-01
1.725260416666666782e-02,7.434445703969028045e+02,8.588737632155777346e-01,7.217836215136763656e+01,7.193063430924309110e-01
1.731770833333333426e-02,8.244175405309015332e+02,9.973373107920631142e-01,8.018964116652070118e+01,7.994327748723805138e-01
1.738281250000000069e-02,9.048334221865000018e+02,1.139946200751167371e+00,8.814608730917962021e+01,8.790122055193433370e-01
1.744791666666666713e-02,9.831309583231885654e+02,1.298234505290148499e+00,9.589402342766776144e+01,9.565116846531891426e-01
1.751302083333333356e-02,1.061428494459877129e+03,1.456522809829129628e+00,1.036419595461559027e+02,1.034011163787035059e+00
1.757812500000000000e-02,1.139726030596565806e+03,1.614811114368110756e+00,1.113898956646440581e+02,1.111510642920880976e+00
1.764322916666666644e-02,1.218023566733254256e+03,1.773099418907091884e+00,1.191378317831321851e+02,1.189010122054726892e+00
1.770833333333333287e-02,1.296321102869942933e+03,1.931387723446072791e+00,1.268857679016203406e+02,1.266509601188572809e+00
1.777343749999999931e-02,1.374618639006631383e+03,2.089676027985054141e+00,1.346337040201084960e+02,1.344009080322418503e+00
1.783854166666666574e-02,1.449344589142594032e+03,2.264758151732886748e+00,1.420295526614320920e+02,1.417993579366983559e+00
1.790364583333333218e-02,1.522115318326578517e+03,2.449033845836914303e+00,1.492326553315986075e+02,1.490053845671541533e+00
1.796874999999999861e-02,1.594886047510563230e+03,2.633309539940941857e+00,1.564357580017651230e+02,1.562114111976099506e+00
1.803385416666666505e-02,1.667656776694547716e+03,2.817585234044969411e+00,1.636388606719316101e+02,1.634174378280657480e+00
1.809895833333333148e-02,1.740427505878532429e+03,3.001860928148996965e+00,1.708419633420981256e+02,1.706234644585215454e+00
1.816406250000000139e-02,1.813198235062520780e+03,3.186136622253034290e+00,1.780450660122650106e+02,1.778294910889777203e+00
1.822916666666666782e-02,1.885537363472739798e+03,3.371773559018252264e+00,1.852055849966272092e+02,1.849929868669574873e+00
1.829427083333333426e-02,1.953376050995410424e+03,3.571604613363116965e+00,1.919220701136164848e+02,1.917129996877696030e+00
1.835937500000000069e-02,2.021214738518080821e+03,3.771435667707982109e+00,1.986385552306057605e+02,1.984330125085816965e+00
1.842447916666666713e-02,2.085797283181681451e+03,3.978011027727148541e+00,2.050335684551778570e+02,2.048318469009299925e+00
1.848958333333333356e-02,2.146799780203645241e+03,4.192001583168868173e+00,2.110751313736325301e+02,2.108775536434383646e+00
1.855468750000000000e-02,2.207802277225609487e+03,4.405992138610589137e+00,2.171166942920872032e+02,2.169232603859467368e+00
1.861979166666666644e-02,2.268804774247573732e+03,4.619982694052309213e+00,2.231582572105418762e+02,2.229689671284551533e+00
1.868489583333333287e-02,2.329807271269537523e+03,4.833973249494029290e+00,2.291998201289965209e+02,2.290146738709635255e+00
1.874999999999999931e-02,2.390809768291501769e+03,5.047963804935749366e+00,2.352413830474511940e+02,2.350603806134719420e+00
1.881510416666666574e-02,2.451812265313466014e+03,5.261954360377469442e+00,2.412829459659058671e+02,2.411060873559803142e+00
1.888020833333333218e-02,2.512814762335429805e+03,5.475944915819189518e+00,2.473245088843605402e+02,2.471517940984886863e+00
1.894531249999999861e-02,2.566405979457912508e+03,5.699206951552800327e+00,2.526340451042808297e+02,2.524659748705462281e+00
1.901041666666666505e-02,2.615448424814991540e+03,5.928159481822746990e+00,2.574942901865059639e+02,2.573311718334401643e+00
1.907552083333333148e-02,2.664490870172070117e+03,6.157112012092692765e+00,2.623545352687310697e+02,2.621963687963341005e+00
1.914062500000000139e-02,2.713533315529151423e+03,6.386064542362650975e+00,2.672147803509564596e+02,2.670615657592283032e+00
1.920572916666666782e-02,2.762575760886230000e+03,6.615017072632597639e+00,2.720750254331816222e+02,2.719267627221222394e+00
1.927083333333333426e-02,2.811618206243308578e+03,6.843969602902543414e+00,2.769352705154067280e+02,2.767919596850161756e+00
1.933593750000000069e-02,2.860660651600387155e+03,7.072922133172490078e+00,2.817955155976318338e+02,2.816571566479101119e+00
1.940104166666666713e-02,2.909703096957465732e+03,7.301874663442435853e+00,2.866557606798569964e+02,2.865223536108040037e+00
1.946614583333333356e-02,2.948312360301259559e+03,7.535735225044325247e+00,2.904850313486381310e+02,2.903570606303801149e+00
1.953125000000000000e-02,2.983537186600618952e+03,7.771155303539663883e+00,2.939798794862450109e+02,2.938574891775956655e+00
1.959635416666666644e-02,3.018762012899977890e+03,8.006575382035002519e+00,2.974747276238518339e+02,2.973579177248112160e+00
1.966145833333333287e-02,3.053986839199337282e+03,8.241995460530340267e+00,3.009695757614586569e+02,3.008583462720267665e+00
1.972656249999999931e-02,3.089211665498696220e+03,8.477415539025679792e+00,3.044644238990655367e+02,3.043587748192423170e+00
1.979166666666666574e-02,3.124436491798055613e+03,8.712835617521019316e+00,3.079592720366723597e+02,3.078592033664578231e+00
1.985677083333333218e-02,3.159661318097414551e+03,8.948255696016357064e+00,3.114541201742792396e+02,3.113596319136733737e+00
1.992187499999999861e-02,3.194886144396773943e+03,9.183675774511696588e+00,3.149489683118860626e+02,3.148600604608889242e+00
1.998697916666666505e-02,3.216669355959200857e+03,9.417043949125604385e+00,3.171151167797053745e+02,3.170321566400896796e+00
2.005208333333333148e-02,3.236808695303034710e+03,9.650161181583236214e+00,3.191187689614188230e+02,3.190418014531731128e+00
2.011718750000000139e-02,3.256948034646869928e+03,9.883278414040882254e+00,3.211224211431324420e+02,3.210514462662566793e+00
2.018229166666666782e-02,3.277087373990704236e+03,1.011639564649851408e+01,3.231260733248458905e+02,3.230610910793401125e+00
2.024739583333333426e-02,3.297226713334538545e+03,1.034951287895614769e+01,3.251297255065593390e+02,3.250707358924235901e+00
2.031250000000000069e-02,3.317366052678372398e+03,1.058263011141377952e+01,3.271333776882728444e+02,3.270803807055070234e+00
2.037760416666666713e-02,3.337505392022206706e+03,1.081574734387141312e+01,3.291370298699862929e+02,3.290900255185904566e+00
2.044270833333333356e-02,3.357221984011208406e+03,1.104859266613150304e+01,3.310988608059413423e+02,3.310578618359535596e+00
2.050781250000000000e-02,3.361484557064458841e+03,1.127070942829595346e+01,3.315326132642516086e+02,3.314978017477559824e+00
2.057291666666666644e-02,3.365747130117709730e+03,1.149282619046040388e+01,3.319663657225619318e+02,3.319377416595584496e+00
2.063802083333333287e-02,3.370009703170960165e+03,1.171494295262485430e+01,3.324001181808722549e+02,3.323776815713608723e+00
2.070312499999999931e-02,3.374272276224211055e+03,1.193705971478930294e+01,3.328338706391825781e+02,3.328176214831633395e+00
2.076822916666666574e-02,3.378534849277461490e+03,1.215917647695375337e+01,3.332676230974928444e+02,3.332575613949657622e+00
2.083333333333333218e-02,3.382797422330712379e+03,1.238129323911820379e+01,3.337013755558031676e+02,3.336975013067681850e+00
2.089843749999999861e-02,3.387059995383962814e+03,1.260341000128265421e+01,3.341351280141134907e+02,3.341374412185706522e+00
2.096354166666666505e-02,3.388725888551330627e+03,1.282240419372190665e+01,3.343120465352378687e+02,3.343205417725040540e+00
2.102864583333333148e-02,3.376998025041941219e+03,1.302529207312162463e+01,3.331642075151255540e+02,3.331788568251464078e+00
2.109375000000000139e-02,3.365270161532551356e+03,1.322817995252135148e+01,3.320163684950131255e+02,3.320371718777887171e+00
2.115885416666666782e-02,3.353542298023162402e+03,1.343106783192106946e+01,3.308685294749008108e+02,3.308954869304310709e+00
2.122395833333333426e-02,3.341814434513772994e+03,1.363395571132078743e+01,3.297206904547884960e+02,3.297538019830734690e+00
2.128906250000000069e-02,3.330086571004384041e+03,1.383684359072050363e+01,3.285728514346761813e+02,3.286121170357158228e+00
2.135416666666666713e-02,3.318358707494994633e+03,1.403973147012022160e+01,3.274250124145638097e+02,3.274704320883581765e+00
2.141927083333333356e-02,3.306630843985605679e+03,1.424261934951993780e+01,3.262771733944514949e+02,3.263287471410005303e+00
2.148437500000000000e-02,3.290251524168281776e+03,1.443752281910370883e+01,3.246691326123201975e+02,3.247267659539199602e+00
2.154947916666666644e-02,3.262924482268877455e+03,1.461356129684207517e+01,3.219779547395100394e+02,3.220414828765729709e+00
2.161458333333333287e-02,3.235597440369473588e+03,1.478959977458043973e+01,3.192867768666999382e+02,3.193561997992259816e+00
2.167968749999999931e-02,3.208270398470069267e+03,1.496563825231880607e+01,3.165955989938897801e+02,3.166709167218789922e+00
2.174479166666666574e-02,3.180943356570665401e+03,1.514167673005717241e+01,3.139044211210796789e+02,3.139856336445320029e+00
2.180989583333333218e-02,3.153616314671261080e+03,1.531771520779553875e+01,3.112132432482695208e+02,3.113003505671850135e+00
2.187499999999999861e-02,3.126289272771856758e+03,1.549375368553390508e+01,3.085220653754593627e+02,3.086150674898380242e+00
2.194010416666666505e-02,3.098962230872452892e+03,1.566979216327227142e+01,3.058308875026492615e+02,3.059297844124910348e+00
2.200520833333333148e-02,3.065327618523188903e+03,1.583137624345309646e+01,3.025154586669609103e+02,3.026200364533947695e+00
2.207031250000000139e-02,3.023458612557415108e+03,1.597409042754248887e+01,2.983850840158138453e+02,2.984950634124882374e+00
2.213541666666666782e-02,2.981589606591643133e+03,1.611680461163187417e+01,2.942547093646670646e+02,2.943700903715819273e+00
2.220052083333333426e-02,2.939720600625871612e+03,1.625951879572125947e+01,2.901243347135202271e+02,2.902451173306756171e+00
2.226562500000000069e-02,2.897851594660100091e+03,1.640223297981064832e+01,2.859939600623733895e+02,2.861201442897693070e+00
2.233072916666666713e-02,2.855982588694328570e+03,1.654494716390003362e+01,2.818635854112265520e+02,2.819951712488629969e+00
2.239583333333333356e-02,2.814113582728557049e+03,1.668766134798941891e+01,2.777332107600797713e+02,2.778701982079566868e+00
2.246093750000000000e-02,2.772244576762785073e+03,1.683037553207880421e+01,2.736028361089329337e+02,2.737452251670503767e+00
2.252604166666666644e-02,2.722954050899330468e+03,1.695103714819407870e+01,2.687376385290977510e+02,2.688850456464517702e+00
2.259114583333333287e-02,2.668059544220560383e+03,1.705500467164450384e+01,2.633176438777835529e+02,2.634697766150988052e+00
2.265624999999999931e-02,2.613165037541790298e+03,1.715897219509493254e+01,2.578976492264693547e+02,2.580545075837457958e+00
2.272135416666666574e-02,2.558270530863020213e+03,1.726293971854535769e+01,2.524776545751552135e+02,2.526392385523928308e+00
2.278645833333333218e-02,2.503376024184250127e+03,1.736690724199578639e+01,2.470576599238410154e+02,2.472239695210398658e+00
2.285156249999999861e-02,2.448481517505480042e+03,1.747087476544621154e+01,2.416376652725268457e+02,2.418087004896869008e+00
2.291666666666666505e-02,2.393587010826709957e+03,1.757484228889664024e+01,2.362176706212126760e+02,2.363934314583339358e+00
2.298177083333333148e-02,2.338692504147939871e+03,1.767880981234706539e+01,2.307976759698985063e+02,2.309781624269809264e+00
2.304687500000000139e-02,2.276074850875932952e+03,1.775279965871431287e+01,2.246126465487738244e+02,2.247972515404111693e+00
2.311197916666666782e-02,2.210227228425037538e+03,1.781425226111439741e+01,2.181076648002609488e+02,2.182961344316025176e+00
2.317708333333333426e-02,2.144379605974141668e+03,1.787570486351448196e+01,2.116026830517480732e+02,2.117950173227938659e+00
2.324218750000000069e-02,2.078531983523245799e+03,1.793715746591457005e+01,2.050977013032351977e+02,2.052939002139852143e+00
2.330729166666666713e-02,2.012684361072350157e+03,1.799861006831465460e+01,1.985927195547223221e+02,1.987927831051765182e+00
2.337239583333333356e-02,1.946836738621454288e+03,1.806006267071473914e+01,1.920877378062094465e+02,1.922916659963678665e+00
2.343750000000000000e-02,1.880989116170558646e+03,1.812151527311482724e+01,1.855827560576965709e+02,1.857905488875592148e+00
2.350260416666666644e-02,1.815141493719662776e+03,1.818296787551491178e+01,1.790777743091836953e+02,1.792894317787505409e+00
2.356770833333333287e-02,1.742111157370379715e+03,1.820663838291866554e+01,1.718607406562049675e+02,1.720754275231634933e+00
2.363281249999999931e-02,1.667728771276295447e+03,1.822314983088667262e+01,1.645096730143658590e+02,1.647272210960611050e+00
2.369791666666666574e-02,1.593346385182211407e+03,1.823966127885467614e+01,1.571586053725267504e+02,1.573790146689587388e+00
2.376302083333333218e-02,1.518963999088127139e+03,1.825617272682267966e+01,1.498075377306876703e+02,1.500308082418563504e+00
2.382812499999999861e-02,1.444581612994042871e+03,1.827268417479068674e+01,1.424564700888485618e+02,1.426826018147539843e+00
2.389322916666666505e-02,1.370199226899958603e+03,1.828919562275869026e+01,1.351054024470094532e+02,1.353343953876516181e+00
2.395833333333333148e-02,1.295816840805874335e+03,1.830570707072669734e+01,1.277543348051703447e+02,1.279861889605492298e+00
2.402343750000000139e-02,1.221434454711786202e+03,1.832221851869470086e+01,1.204032671633308667e+02,1.206379825334464639e+00
2.408854166666666782e-02,1.141435292749726614e+03,1.829435156057932588e+01,1.124945609987958761e+02,1.127310560724618327e+00
2.415364583333333426e-02,1.061300780707087597e+03,1.826541519521313717e+01,1.045724171574236152e+02,1.048106658729579976e+00
2.421875000000000069e-02,9.811662686644483529e+02,1.823647882984695201e+01,9.665027331605135430e+01,9.689027567345416259e-01
2.428385416666666713e-02,9.010317566218091088e+02,1.820754246448076685e+01,8.872812947467909339e+01,8.896988547395032754e-01
2.434895833333333356e-02,8.208972445791699784e+02,1.817860609911458170e+01,8.080598563330684669e+01,8.104949527444649249e-01
2.441406250000000000e-02,7.407627325365308479e+02,1.814966973374839299e+01,7.288384179193457157e+01,7.312910507494265744e-01
2.447916666666666644e-02,6.606282204938916038e+02,1.812073336838220783e+01,6.496169795056232488e+01,6.520871487543881129e-01
2.454427083333333287e-02,5.802118267905673292e+02,1.808807453220629213e+01,5.701148378749572032e+01,5.726015775582953271e-01
2.460937499999999931e-02,4.976586487186744989e+02,1.802682843139320568e+01,4.884847911738916793e+01,4.909806646093547999e-01
2.467447916666666574e-02,4.151054706467816686e+02,1.796558233058011567e+01,4.068547444728261553e+01,4.093597516604142728e-01
2.473958333333333218e-02,3.325522925748888383e+02,1.790433622976702566e+01,3.252246977717607024e+01,3.277388387114737456e-01
2.480468749999999861e-02,2.495800342673501859e+02,1.783043462019839964e+01,2.431733919549852985e+01,2.456932074211469752e-01
2.486979166666666505e-02,1.663955492097987019e+02,1.775012412453948230e+01,1.609087559798391709e+01,1.634324941832681066e-01
2.493489583333333148e-02,8.321106415224721786e+01,1.766981362888056140e+01,7.864412000469300779e+00,8.117178094538923805e-02
2.500000000000000139e-02,2.569931996667662588e-04,1.758698287342807021e+01,-3.647934564574195626e-01,-1.117058158112242683e-03
2.506510416666666782e-02,-8.329311333819721597e+01,1.749344809364331255e+01,-8.602754187921226148e+00,-8.349646117678363733e-02
2.513020833333333426e-02,-1.663866314259098260e+02,1.738897710305688094e+01,-1.682156838912149155e+01,-1.656875737509698743e-01
2.519531250000000069e-02,-2.494261165866170984e+02,1.728195413389765633e+01,-2.503518370126326431e+01,-2.478274415134674169e-01
2.526041666666666713e-02,-3.324656017473243992e+02,1.717493116473842818e+01,-3.324879901340503352e+01,-3.299673092759649595e-01
2.532552083333333356e-02,-4.154276499882976736e+02,1.706631508338549708e+01,-4.145484899081557018e+01,-4.120320004746063636e-01
2.539062500000000000e-02,-4.975589925026868627e+02,1.694060886690129308e+01,-4.957974172557821646e+01,-4.932902339484999121e-01
2.545572916666666644e-02,-5.796903350170759950e+02,1.681490265041708909e+01,-5.770463446034085564e+01,-5.745484674223934052e-01
2.552083333333333287e-02,-6.618216775314651841e+02,1.668919643393288865e+01,-6.582952719510350903e+01,-6.558067008962868982e-01
2.558593749999999931e-02,-7.428623427371427397e+02,1.655320798933811233e+01,-7.384718877907889123e+01,-7.359959347430429233e-01
2.565104166666666574e-02,-8.221197323264741499e+02,1.640051187229325436e+01,-8.168951502877131077e+01,-8.144370868875456804e-01
2.571614583333333218e-02,-9.013771219158056738e+02,1.624781575524839994e+01,-8.953184127846373030e+01,-8.928782390320484375e-01
2.578124999999999861e-02,-9.806345115051370840e+02,1.609511963820354197e+01,-9.737416752815614984e+01,-9.713193911765513056e-01
2.584635416666666505e-02,-1.059891901094468494e+03,1.594242352115868577e+01,-1.052164937778485694e+02,-1.049760543321054174e+00
2.591145833333333148e-02,-1.139149290683800018e+03,1.578972740411382780e+01,-1.130588200275410031e+02,-1.128201695465556931e+00
2.597656249999999792e-02,-1.218406680273131542e+03,1.563703128706897161e+01,-1.209011462772334085e+02,-1.206642847610059688e+00
2.604166666666666782e-02,-1.297664069862467159e+03,1.548433517002410653e+01,-1.287434725269262685e+02,-1.285083999754566664e+00
2.610677083333333426e-02,-1.373650767306704211e+03,1.531512916768901000e+01,-1.362634369200552271e+02,-1.360307262938969641e+00
2.617187500000000069e-02,-1.446608546068250007e+03,1.513063371046599492e+01,-1.434848688293499777e+02,-1.432550507351293856e+00
2.623697916666666713e-02,-1.519566324829796031e+03,1.494613825324297984e+01,-1.507063007386446998e+02,-1.504793751763618070e+00
2.630208333333333356e-02,-1.592524103591341827e+03,1.476164279601996476e+01,-1.579277326479394503e+02,-1.577036996175942285e+00
2.636718750000000000e-02,-1.665481882352887851e+03,1.457714733879694968e+01,-1.651491645572342009e+02,-1.649280240588266500e+00
2.643229166666666644e-02,-1.738439661114433875e+03,1.439265188157393460e+01,-1.723705964665289514e+02,-1.721523485000590714e+00
2.649739583333333287e-02,-1.811397439875979671e+03,1.420815642435091775e+01,-1.795920283758237019e+02,-1.793766729412914707e+00
2.656249999999999931e-02,-1.884355218637525468e+03,1.402366096712790267e+01,-1.868134602851184525e+02,-1.866009973825239143e+00
2.662760416666666574e-02,-1.951405604812584897e+03,1.382274383080666702e+01,-1.934518996771921309e+02,-1.932429850409924210e+00
2.669270833333333218e-02,-2.015332609848229367e+03,1.361320092482163702e+01,-1.997821052253799223e+02,-1.995770846646256480e+00
2.675781249999999861e-02,-2.079259614883873837e+03,1.340365801883660701e+01,-2.061123107735677138e+02,-2.059111842882588306e+00
2.682291666666666505e-02,-2.143186619919518307e+03,1.319411511285157523e+01,-2.124425163217555053e+02,-2.122452839118920576e+00
2.688802083333333148e-02,-2.207113624955162777e+03,1.298457220686654523e+01,-2.187727218699432967e+02,-2.185793835355252401e+00
2.695312499999999792e-02,-2.271040629990807247e+03,1.277502930088151523e+01,-2.251029274181310882e+02,-2.249134831591584671e+00
2.701822916666666782e-02,-2.334967635026455355e+03,1.256548639489647279e+01,-2.314331329663192207e+02,-2.312475827827920050e+00
2.708333333333333426e-02,-2.398894640062099825e+03,1.235594348891144278e+01,-2.377633385145070122e+02,-2.375816824064251875e+00
2.714843750000000069e-02,-2.453827929635104283e+03,1.213278225795277976e+01,-2.432053478415699885e+02,-2.430282617064500883e+00
2.721354166666666713e-02,-2.506378398688934794e+03,1.190601294929599874e+01,-2.484120359390987289e+02,-2.482396988511485159e+00
2.727864583333333356e-02,-2.558928867742764851e+03,1.167924364063921949e+01,-2.536187240366274978e+02,-2.534511359958469434e+00
2.734375000000000000e-02,-2.611479336796595362e+03,1.145247433198243847e+01,-2.588254121341562382e+02,-2.586625731405453266e+00
2.740885416666666644e-02,-2.664029805850425873e+03,1.122570502332565923e+01,-2.640321002316849786e+02,-2.638740102852437541e+00
2.747395833333333287e-02,-2.716580274904255930e+03,1.099893571466887821e+01,-2.692387883292137758e+02,-2.690854474299421817e+00
2.753906249999999931e-02,-2.769130743958086441e+03,1.077216640601209896e+01,-2.744454764267425162e+02,-2.742968845746405648e+00
2.760416666666666574e-02,-2.821681213011916952e+03,1.054539709735531972e+01,-2.796521645242712566e+02,-2.795083217193389924e+00
2.766927083333333218e-02,-2.861858970505204979e+03,1.031039799410372382e+01,-2.836363521628070430e+02,-2.834979103526390265e+00
2.773437499999999861e-02,-2.901046501589541094e+03,1.007476737419350421e+01,-2.875227226057103849e+02,-2.873897037694548295e+00
2.779947916666666505e-02,-2.940234032673877664e+03,9.839136754283286379e+00,-2.914090930486136699e+02,-2.912814971862705882e+00
2.786458333333333148e-02,-2.979421563758214234e+03,9.603506134373066772e+00,-2.952954634915169549e+02,-2.951732906030863912e+00
2.792968749999999792e-02,-3.018609094842550803e+03,9.367875514462847164e+00,-2.991818339344202968e+02,-2.990650840199021943e+00
2.799479166666666782e-02,-3.057796625926889192e+03,9.132244894552616898e+00,-3.030682043773238092e+02,-3.029568774367181749e+00
2.805989583333333426e-02,-3.096984157011225761e+03,8.896614274642397291e+00,-3.069545748202270943e+02,-3.068486708535339336e+00
2.812500000000000069e-02,-3.135256726786569743e+03,8.660976361560145165e+00,-3.107505093888573811e+02,-3.106500578693592640e+00
2.819010416666666713e-02,-3.159665258037658987e+03,8.425227937992882943e+00,-3.131761057447419034e+02,-3.130815532691644254e+00
2.825520833333333356e-02,-3.184073789288748230e+03,8.189479514425620721e+00,-3.156017021006264258e+02,-3.155130486689695424e+00
2.832031250000000000e-02,-3.208482320539837474e+03,7.953731090858359387e+00,-3.180272984565109482e+02,-3.179445440687747038e+00
2.838541666666666644e-02,-3.232890851790926718e+03,7.717982667291097165e+00,-3.204528948123954706e+02,-3.203760394685798651e+00
2.845052083333333287e-02,-3.257299383042015961e+03,7.482234243723834943e+00,-3.228784911682799361e+02,-3.228075348683850265e+00
2.851562499999999931e-02,-3.281707914293105205e+03,7.246485820156572721e+00,-3.253040875241644585e+02,-3.252390302681901879e+00
2.858072916666666574e-02,-3.306116445544193994e+03,7.010737396589310499e+00,-3.277296838800489809e+02,-3.276705256679953493e+00
2.864583333333333218e-02,-3.327418979867726193e+03,6.776672096920718147e+00,-3.298481797549723069e+02,-3.297949554184968157e+00
2.871093749999999861e-02,-3.336099280612931125e+03,6.549552958135552494e+00,-3.307186911228836266e+02,-3.306716246220823496e+00
2.877604166666666505e-02,-3.344779581358136056e+03,6.322433819350386841e+00,-3.315892024907949462e+02,-3.315482938256678835e+00
2.884114583333333148e-02,-3.353459882103340988e+03,6.095314680565221188e+00,-3.324597138587062659e+02,-3.324249630292533730e+00
2.890624999999999792e-02,-3.362140182848545919e+03,5.868195541780055535e+00,-3.333302252266176424e+02,-3.333016322328389069e+00
2.897135416666666782e-02,-3.370820483593751305e+03,5.641076402994877448e+00,-3.342007365945290189e+02,-3.341783014364244853e+00
2.903645833333333426e-02,-3.379500784338956237e+03,5.413957264209711795e+00,-3.350712479624403386e+02,-3.350549706400099748e+00
2.910156250000000069e-02,-3.388181085084161168e+03,5.186838125424546142e+00,-3.359417593303516583e+02,-3.359316398435955087e+00
2.916666666666666713e-02,-3.391526988859152425e+03,4.965387286341355733e+00,-3.362846954369452419e+02,-3.362807434947652663e+00
2.923177083333333356e-02,-3.384201036155856855e+03,4.755276300897322450e+00,-3.355721781339564700e+02,-3.355744131597306001e+00
2.929687500000000000e-02,-3.376875083452561739e+03,4.545165315453289168e+00,-3.348596608309676981e+02,-3.348680828246959784e+00
2.936197916666666644e-02,-3.369549130749266624e+03,4.335054330009256773e+00,-3.341471435279788693e+02,-3.341617524896613123e+00
2.942708333333333287e-02,-3.362223178045971508e+03,4.124943344565223491e+00,-3.334346262249900974e+02,-3.334554221546266906e+00
2.949218749999999931e-02,-3.354897225342676393e+03,3.914832359121190208e+00,-3.327221089220013255e+02,-3.327490918195920244e+00
2.955729166666666574e-02,-3.347571272639381277e+03,3.704721373677157370e+00,-3.320095916190125536e+02,-3.320427614845574027e+00
2.962239583333333218e-02,-3.340245319936085707e+03,3.494610388233124532e+00,-3.312970743160237816e+02,-3.313364311495227366e+00
2.968749999999999861e-02,-3.325590978824844569e+03,3.295993910470238042e+00,-3.298595387602219375e+02,-3.299050130250142931e+00
2.975260416666666505e-02,-3.302643341283381233e+03,3.110429390111186354e+00,-3.276015894996470479e+02,-3.276530496342566323e+00
2.981770833333333148e-02,-3.279695703741918351e+03,2.924864869752135110e+00,-3.253436402390721582e+02,-3.254010862434989715e+00
2.988281249999999792e-02,-3.256748066200455469e+03,2.739300349393083867e+00,-3.230856909784972686e+02,-3.231491228527413107e+00
2.994791666666666782e-02,-3.233800428658991223e+03,2.553735829034022409e+00,-3.208277417179222653e+02,-3.208971594619835166e+00
3.001302083333333426e-02,-3.210852791117527886e+03,2.368171308674971165e+00,-3.185697924573473756e+02,-3.186451960712258558e+00
3.007812500000000069e-02,-3.187905153576065004e+03,2.182606788315919921e+00,-3.163118431967724860e+02,-3.163932326804681949e+00
3.014322916666666713e-02,-3.164957516034602122e+03,1.997042267956868455e+00,-3.140538939361975963e+02,-3.141412692897105341e+00
3.020833333333333356e-02,-3.130829854918889396e+03,1.835113038500479021e+00,-3.106895742547791883e+02,-3.107826235775224433e+00
3.027343750000000000e-02,-3.093285162809006124e+03,1.680407632950565500e+00,-3.069871066263597186e+02,-3.070857345899141944e+00
3.033854166666666644e-02,-3.055740470699123307e+03,1.525702227400651756e+00,-3.032846389979403057e+02,-3.033888456023059454e+00
3.040364583333333287e-02,-3.018195778589240035e+03,1.370996821850738234e+00,-2.995821713695208359e+02,-2.996919566146976965e+00
3.046874999999999931e-02,-2.980651086479356763e+03,1.216291416300824491e+00,-2.958797037411013662e+02,-2.959950676270894920e+00
3.053385416666666574e-02,-2.943106394369473946e+03,1.061586010750910969e+00,-2.921772361126819533e+02,-2.922981786394812431e+00
3.059895833333333218e-02,-2.905561702259590675e+03,9.068806052009974472e-01,-2.884747684842624835e+02,-2.886012896518729942e+00
3.066406249999999861e-02,-2.867509615943106382e+03,7.534573829082186203e-01,-2.847220774395685225e+02,-2.848541540112160320e+00
3.072916666666666505e-02,-2.820725751707957897e+03,6.227621215898417883e-01,-2.801050634183671946e+02,-2.802423259344756001e+00
3.079427083333333148e-02,-2.773194788916727703e+03,4.941966586145668527e-01,-2.754140901447684655e+02,-2.755565154939338068e+00
3.085937499999999792e-02,-2.725663826125497962e+03,3.656311956392919171e-01,-2.707231168711697364e+02,-2.708707050533919691e+00
3.092447916666666782e-02,-2.674382940741927086e+03,2.485160296827556292e-01,-2.656608619923763968e+02,-2.658133988082694188e+00
3.098958333333333426e-02,-2.622018541835222550e+03,1.347093457970538199e-01,-2.604913279284231180e+02,-2.606487514865941879e+00
3.105468750000000069e-02,-2.569654142928517558e+03,2.090266191135198293e-02,-2.553217938644697824e+02,-2.554841041649189570e+00
3.111979166666666713e-02,-2.513269734261401027e+03,-7.928809052096702503e-02,-2.497541459216046178e+02,-2.499210888403138764e+00
3.118489583333333356e-02,-2.455997075653798674e+03,-1.764703054063791188e-01,-2.440985318666337776e+02,-2.442700512530818102e+00
3.125000000000000000e-02,-2.398724417046195867e+03,-2.736525202917912125e-01,-2.384429178116629373e+02,-2.386190136658496996e+00
3.131510416666666297e-02,-2.339565972279669950e+03,-3.636885679173028629e-01,-2.326005173295413329e+02,-2.327810448641008723e+00
3.138020833333333287e-02,-2.277408737479076080e+03,-4.423607315418306984e-01,-2.264610877947943663e+02,-2.266458167678679914e+00
3.144531250000000278e-02,-2.215251502678482211e+03,-5.210328951663585340e-01,-2.203216582600473714e+02,-2.205105886716350660e+00
3.151041666666666574e-02,-2.153094267877894708e+03,-5.997050587908778763e-01,-2.141822287253010586e+02,-2.143753605754028513e+00
3.157552083333333565e-02,-2.087854328277075638e+03,-6.654694801797266246e-01,-2.077373801042424475e+02,-2.079344485655075569e+00
3.164062499999999861e-02,-2.021580151429788884e+03,-7.265951637370863248e-01,-2.011900502161472559e+02,-2.013909572244998447e+00
3.170572916666666852e-02,-1.954343903251246957e+03,-7.833450904206097354e-01,-1.945473888572025487e+02,-1.947520347760898662e+00
3.177083333333333148e-02,-1.883151398973024698e+03,-8.199452936213114107e-01,-1.875125560860685425e+02,-1.877205005663041382e+00
3.183593750000000139e-02,-1.811958894694794708e+03,-8.565454968220171938e-01,-1.804777233149337690e+02,-1.806889663565176551e+00
3.190104166666666435e-02,-1.740766390416572222e+03,-8.931457000227188692e-01,-1.734428905437997344e+02,-1.736574321467319049e+00
3.196614583333333426e-02,-1.669573886138342232e+03,-9.297459032234245413e-01,-1.664080577726649608e+02,-1.666258979369454218e+00
3.203124999999999722e-02,-1.598381381860119973e+03,-9.663461064241263276e-01,-1.593732250015309546e+02,-1.595943637271596938e+00
3.209635416666666713e-02,-1.525180451508889746e+03,-9.905348646455702788e-01,-1.521391871524951682e+02,-1.523633369977659635e+00
3.216145833333333010e-02,-1.448733444942910864e+03,-9.946638870970193613e-01,-1.445831883042846471e+02,-1.448098846976116905e+00
3.222656250000000000e-02,-1.372286438376923570e+03,-9.987929095484689990e-01,-1.370271894560733017e+02,-1.372564323974565959e+00
3.229166666666666297e-02,-1.295839431810944689e+03,-1.002921931999918082e+00,-1.294711906078627521e+02,-1.297029800973023228e+00
3.235677083333333287e-02,-1.219392425244957394e+03,-1.007050954451367719e+00,-1.219151917596514352e+02,-1.221495277971472504e+00
3.242187500000000278e-02,-1.142945418678970327e+03,-1.011179976902817357e+00,-1.143591929114400898e+02,-1.145960754969921558e+00
3.248697916666666574e-02,-1.064615300411515136e+03,-1.000733884809717367e+00,-1.066162477885456070e+02,-1.068553184026264535e+00
3.255208333333333565e-02,-9.852099326398866879e+02,-9.812727000984823311e-01,-9.876652378908488572e+01,-9.900756410599826918e-01
3.261718749999999861e-02,-9.051523263313442840e+02,-9.554184666515304070e-01,-9.085198541061126321e+01,-9.109482838170979146e-01
3.268229166666666852e-02,-8.246063665209735518e+02,-9.243284608899590138e-01,-8.288888271364655225e+01,-8.313339567770038352e-01
3.274739583333333148e-02,-7.434294504835104362e+02,-8.853246141378806611e-01,-7.486297558005882991e+01,-7.510895692891252917e-01
3.281250000000000139e-02,-6.613975175557940247e+02,-8.343700355567629234e-01,-6.675189048980649886e+01,-6.699903086171172806e-01
3.287760416666666435e-02,-5.793655846280863670e+02,-7.834154569756507369e-01,-5.864080539955502047e+01,-5.888910479451179292e-01
3.294270833333333426e-02,-4.973336517003698987e+02,-7.324608783945329993e-01,-5.052972030930268232e+01,-5.077917872731100291e-01
3.300781249999999722e-02,-4.153017187726622410e+02,-6.815062998134207017e-01,-4.241863521905121104e+01,-4.266925266011107332e-01
3.307291666666666713e-02,-3.324697905600456806e+02,-6.117301046996233005e-01,-3.422743217213348288e+01,-3.447869827545395061e-01
3.313802083333333010e-02,-2.493628112533251908e+02,-5.354827386702083469e-01,-2.600868329831637027e+01,-2.626042259374580801e-01
3.320312500000000000e-02,-1.662558319465958903e+02,-4.592353726407852332e-01,-1.778993442449838014e+01,-1.804214691203679388e-01
3.326822916666666297e-02,-8.314885263987542885e+01,-3.829880066113702797e-01,-9.571185550681267529e+00,-9.823871230328651283e-02
3.333333333333333287e-02,-4.807784859295338720e-05,-3.038145537552664477e-01,-1.348139982247856583e+00,-1.601217211244264013e-02
3.339843750000000278e-02,8.328999532501353542e+01,-2.110901992765744917e-01,6.889619175683167285e+00,6.636530339791571476e-02
3.346354166666666574e-02,1.665389584052037719e+02,-1.137317894279776948e-01,1.512357598031990236e+01,1.487060898874349169e-01
3.352864583333333565e-02,2.496778348962475320e+02,-1.051379546732761350e-02,2.334697632807472445e+01,2.309429985740145130e-01
3.359374999999999861e-02,3.326128352988735060e+02,9.909800817864004852e-02,3.155058227583504049e+01,3.129838500421143754e-01
3.365885416666666852e-02,4.154323099462778828e+02,2.114415084849348703e-01,3.974292082020845385e+01,3.949128385187826717e-01
3.372395833333333148e-02,4.979426333823626010e+02,3.303375994996228804e-01,4.790506405799665401e+01,4.765418249575476550e-01
3.378906250000000139e-02,5.801840422685356771e+02,4.534404002567123393e-01,5.604086445052718801e+01,5.579086939968475045e-01
3.385416666666666435e-02,6.621136735154840380e+02,5.811038218630716345e-01,6.414609948249885463e+01,6.389713086937094388e-01
3.391927083333333426e-02,7.436059921581263552e+02,7.142010668964825504e-01,7.220840902265757677e+01,7.196063595564371473e-01
3.398437499999999722e-02,8.241164794518341523e+02,8.566186628736275344e-01,8.017419302431926553e+01,7.992790850833406679e-01
3.404947916666666713e-02,9.044005829335774251e+02,1.001185280246244869e+00,8.811772084177925990e+01,8.787299243584859587e-01
3.411458333333333010e-02,9.846846864153121714e+02,1.145751897618846993e+00,9.606124865923840161e+01,9.581807636336228118e-01
3.417968750000000000e-02,1.064363764182323848e+03,1.294580456895451981e+00,1.039452118832182350e+02,1.037037367034512103e+00
3.424479166666666297e-02,1.142424730778755247e+03,1.454807367738359503e+00,1.116698725656124651e+02,1.114304716156316433e+00
3.430989583333333287e-02,1.220485697375194832e+03,1.615034278581284122e+00,1.193945332480075194e+02,1.191572065278129200e+00
3.437500000000000278e-02,1.298546663971634416e+03,1.775261189424208741e+00,1.271191939304025738e+02,1.268839414399941745e+00
3.444010416666666574e-02,1.374743058339848631e+03,1.945225744994379946e+00,1.346601004280807388e+02,1.344272581930344490e+00
3.450520833333333565e-02,1.450255644708231785e+03,2.118761457135137860e+00,1.421336174304045130e+02,1.419033086837995006e+00
3.457031249999999861e-02,1.525768231076606753e+03,2.292297169275877344e+00,1.496071344327274915e+02,1.493793591745637306e+00
3.463541666666666852e-02,1.599137900869491432e+03,2.474538760898601808e+00,1.568693260181925666e+02,1.566443975338556172e+00
3.470052083333333148e-02,1.671912109123698883e+03,2.659199493075389498e+00,1.640727956919774613e+02,1.638508010354385203e+00
3.476562500000000139e-02,1.744686317377914065e+03,2.843860225252196727e+00,1.712762653657631517e+02,1.710572045370221783e+00
3.483072916666666435e-02,1.812443830231571610e+03,3.043006884994548855e+00,1.779846659416710395e+02,1.777691203094932559e+00
3.489583333333333426e-02,1.879113899672770685e+03,3.245275885522113768e+00,1.845857706189514715e+02,1.843738557792390598e+00
3.496093749999999722e-02,1.945783969113962485e+03,3.447544886049656920e+00,1.911868752962311930e+02,1.909785912489841531e+00
3.502604166666666713e-02,2.012454038555161560e+03,3.649813886577221389e+00,1.977879799735116251e+02,1.975833267187299569e+00
3.509114583333333010e-02,2.079124107996353814e+03,3.852082887104764986e+00,2.043890846507913466e+02,2.041880621884750724e+00
3.515625000000000000e-02,2.145794177437552662e+03,4.054351887632329010e+00,2.109901893280717786e+02,2.107927976582208540e+00
3.522135416666666297e-02,2.212464246878744689e+03,4.256620888159872607e+00,2.175912940053515001e+02,2.173975331279659695e+00
3.528645833333333287e-02,2.279134316319943537e+03,4.458889888687437519e+00,2.241923986826319322e+02,2.240022685977117956e+00
3.535156250000000278e-02,2.335458698091543738e+03,4.679852027238548651e+00,2.297719574878615845e+02,2.295863212698227240e+00
3.541666666666666574e-02,2.391368033568784995e+03,4.901564093480697437e+00,2.353105341136312347e+02,2.351294263871258838e+00
3.548177083333333565e-02,2.447277369046031708e+03,5.123276159722870204e+00,2.408491107394014819e+02,2.406725315044296654e+00
3.554687499999999861e-02,2.503186704523272965e+03,5.344988225965018991e+00,2.463876873651711321e+02,2.462156366217328696e+00
3.561197916666666852e-02,2.559096040000519679e+03,5.566700292207191758e+00,2.519262639909413508e+02,2.517587417390366511e+00
3.567708333333333148e-02,2.615005375477760936e+03,5.788412358449340545e+00,2.574648406167110011e+02,2.573018468563398553e+00
3.574218750000000139e-02,2.670914710955007649e+03,6.010124424691513312e+00,2.630034172424812482e+02,2.628449519736436368e+00
3.580729166666666435e-02,2.725579187849586106e+03,6.232949177257996354e+00,2.684189873441324607e+02,2.682651117060792956e+00
3.587239583333333426e-02,2.768618239401401297e+03,6.465892101573947670e+00,2.726860700743193888e+02,2.725374485643395683e+00
3.593749999999999722e-02,2.811657290953211941e+03,6.698835025889874117e+00,2.769531528045059190e+02,2.768097854225993526e+00
3.600260416666666713e-02,2.854696342505027133e+03,6.931777950205825434e+00,2.812202355346929039e+02,2.810821222808596254e+00
3.606770833333333010e-02,2.897735394056837777e+03,7.164720874521751881e+00,2.854873182648794341e+02,2.853544591391194096e+00
3.613281250000000000e-02,2.940774445608653423e+03,7.397663798837703197e+00,2.897544009950664190e+02,2.896267959973796824e+00
3.619791666666666297e-02,2.983813497160464067e+03,7.630606723153629645e+00,2.940214837252529492e+02,2.938991328556394667e+00
3.626302083333333287e-02,3.026852548712279258e+03,7.863549647469580961e+00,2.982885664554399341e+02,2.981714697138997394e+00
3.632812500000000278e-02,3.066532301633053066e+03,8.097083709140218133e+00,3.022236429373747910e+02,3.021119254743544591e+00
3.639322916666666574e-02,3.095140728808157746e+03,8.332565997191684559e+00,3.050645180017778557e+02,3.049585922787803938e+00
3.645833333333333565e-02,3.123749155983265155e+03,8.568048285243177631e+00,3.079053930661812615e+02,3.078052590832066393e+00
3.652343749999999861e-02,3.152357583158369380e+03,8.803530573294644057e+00,3.107462681305843830e+02,3.106519258876325740e+00
3.658854166666666852e-02,3.180966010333476788e+03,9.039012861346135352e+00,3.135871431949877888e+02,3.134985926920588195e+00
3.665364583333333148e-02,3.209574437508581468e+03,9.274495149397603555e+00,3.164280182593909103e+02,3.163452594964847542e+00
3.671875000000000139e-02,3.238182864683688877e+03,9.509977437449094850e+00,3.192688933237943161e+02,3.191919263009109997e+00
3.678385416666666435e-02,3.266791291858793556e+03,9.745459725500561277e+00,3.221097683881974376e+02,3.220385931053369344e+00
3.684895833333333426e-02,3.289677667558358280e+03,9.978668014407654496e+00,3.243849296581600470e+02,3.243196677881187817e+00
3.691406249999999722e-02,3.302751022896552058e+03,1.020791805808656605e+01,3.256899470393562410e+02,3.256307963933412708e+00
3.697916666666666713e-02,3.315824378234747201e+03,1.043716810176550247e+01,3.269949644205526624e+02,3.269419249985639375e+00
3.704427083333333010e-02,3.328897733572940979e+03,1.066641814544441402e+01,3.282999818017489133e+02,3.282530536037864710e+00
3.710937500000000000e-02,3.341971088911136121e+03,1.089566818912335044e+01,3.296049991829452779e+02,3.295641822090090933e+00
3.717447916666666297e-02,3.355044444249329899e+03,1.112491823280226200e+01,3.309100165641415288e+02,3.308753108142316268e+00
3.723958333333333287e-02,3.368117799587525042e+03,1.135416827648119664e+01,3.322150339453378933e+02,3.321864394194542491e+00
3.730468750000000278e-02,3.381191154925720184e+03,1.158341832016013306e+01,3.335200513265343147e+02,3.334975680246769159e+00
3.736979166666666574e-02,3.386209941556393460e+03,1.180523807500388500e+01,3.340285286241914946e+02,3.340122023821206376e+00
3.743489583333333565e-02,3.383306750603027467e+03,1.201974985548770114e+01,3.337535781660342877e+02,3.337434540649800496e+00
3.749999999999999861e-02,3.380403559649661929e+03,1.223426163597149419e+01,3.334786277078771377e+02,3.334747057478395060e+00
3.756510416666666852e-02,3.377500368696295936e+03,1.244877341645531033e+01,3.332036772497199308e+02,3.332059574306989180e+00
3.763020833333333148e-02,3.374597177742930398e+03,1.266328519693910337e+01,3.329287267915627808e+02,3.329372091135583744e+00
3.769531250000000139e-02,3.371693986789564406e+03,1.287779697742292129e+01,3.326537763334056308e+02,3.326684607964177864e+00
3.776041666666666435e-02,3.368790795836198413e+03,1.309230875790671433e+01,3.323788258752484239e+02,3.323997124792772428e+00
3.782552083333333426e-02,3.365887604882832420e+03,1.330682053839053047e+01,3.321038754170912739e+02,3.321309641621366548e+00
3.789062499999999722e-02,3.352801426821868517e+03,1.350677762982786234e+01,3.308216246882337828e+02,3.308548395464398162e+00
3.795572916666666713e-02,3.333984894971518315e+03,1.369851112338867871e+01,3.289725134251928012e+02,3.290117858554762353e+00
3.802083333333333010e-02,3.315168363121170387e+03,1.389024461694947377e+01,3.271234021621520469e+02,3.271687321645128321e+00
3.808593750000000000e-02,3.296351831270820185e+03,1.408197811051028836e+01,3.252742908991111221e+02,3.253256784735492513e+00
3.815104166666666297e-02,3.277535299420472256e+03,1.427371160407108341e+01,3.234251796360703679e+02,3.234826247825858481e+00
3.821614583333333287e-02,3.258718767570122054e+03,1.446544509763189801e+01,3.215760683730293863e+02,3.216395710916222672e+00
3.828125000000000278e-02,3.239902235719771852e+03,1.465717859119271260e+01,3.197269571099884615e+02,3.197965174006586864e+00
3.834635416666666574e-02,3.221085703869423924e+03,1.484891208475350766e+01,3.178778458469477073e+02,3.179534637096952832e+00
3.841145833333333565e-02,3.190503913615507372e+03,1.501749942158742535e+01,3.148645471852256605e+02,3.149459502879600858e+00
3.847656249999999861e-02,3.156516377972920964e+03,1.517938653018713424e+01,3.115142456521171539e+02,3.116013551615710586e+00
3.854166666666666852e-02,3.122528842330331372e+03,1.534127363878685912e+01,3.081639441190083062e+02,3.082567600351816761e+00
3.860677083333333148e-02,3.088541306687745418e+03,1.550316074738656802e+01,3.048136425858997995e+02,3.049121649087926489e+00
3.867187500000000139e-02,3.054553771045155372e+03,1.566504785598629290e+01,3.014633410527909518e+02,3.015675697824032664e+00
3.873697916666666435e-02,3.020566235402569419e+03,1.582693496458600180e+01,2.981130395196824452e+02,2.982229746560142836e+00
3.880208333333333426e-02,2.986578699759979827e+03,1.598882207318572668e+01,2.947627379865735975e+02,2.948783795296249011e+00
3.886718749999999722e-02,2.952591164117393419e+03,1.615070918178543380e+01,2.914124364534650908e+02,2.915337844032358738e+00
3.893229166666666713e-02,2.905889199020472915e+03,1.627983492466156434e+01,2.868036115127951007e+02,2.869301184834659679e+00
3.899739583333333010e-02,2.857952257654287678e+03,1.640575046505644252e+01,2.820725331334074326e+02,2.822041616802777764e+00
3.906250000000000000e-02,2.810015316288096983e+03,1.653166600545133491e+01,2.773414547540191961e+02,2.774782048770890963e+00
3.912760416666666297e-02,2.762078374921911745e+03,1.665758154584621309e+01,2.726103763746315281e+02,2.727522480739009048e+00
3.919270833333333287e-02,2.714141433555721051e+03,1.678349708624110548e+01,2.678792979952432916e+02,2.680262912707121803e+00
3.925781250000000278e-02,2.666204492189530356e+03,1.690941262663599787e+01,2.631482196158551119e+02,2.633003344675235002e+00
3.932291666666666574e-02,2.618267550823345118e+03,1.703532816703087605e+01,2.584171412364673870e+02,2.585743776643353087e+00
3.938802083333333565e-02,2.569761966799306720e+03,1.715934261457405086e+01,2.536297514213310080e+02,2.537920737993930587e+00
3.945312499999999861e-02,2.509692572819802990e+03,1.724469679605816097e+01,2.476972228581171862e+02,2.478639067026410903e+00
3.951822916666666852e-02,2.449623178840293349e+03,1.733005097754227819e+01,2.417646942949027107e+02,2.419357396058884557e+00
3.958333333333333148e-02,2.389553784860789619e+03,1.741540515902638830e+01,2.358321657316889173e+02,2.360075725091364873e+00
3.964843750000000139e-02,2.329484390881279978e+03,1.750075934051050552e+01,2.298996371684744418e+02,2.300794054123838972e+00
3.971354166666666435e-02,2.269414996901776249e+03,1.758611352199461209e+01,2.239671086052606199e+02,2.241512383156318844e+00
3.977864583333333426e-02,2.209345602922266607e+03,1.767146770347873286e+01,2.180345800420461728e+02,2.182230712188792943e+00
3.984374999999999722e-02,2.149276208942762878e+03,1.775682188496283942e+01,2.121020514788323510e+02,2.122949041221272815e+00
3.990885416666666713e-02,2.087387243826936356e+03,1.783417378104964257e+01,2.059892572648886357e+02,2.061863003107405223e+00
3.997395833333333010e-02,2.017385498090283363e+03,1.787565741938979258e+01,1.990725645410751099e+02,1.992730357886622450e+00
4.003906250000000000e-02,1.947383752353622640e+03,1.791714105772994614e+01,1.921558718172608451e+02,1.923597712665832127e+00
4.010416666666666297e-02,1.877382006616969420e+03,1.795862469607009615e+01,1.852391790934473192e+02,1.854465067445049353e+00
4.016927083333333287e-02,1.807380260880308924e+03,1.800010833441025326e+01,1.783224863696330544e+02,1.785332422224259030e+00
4.023437500000000278e-02,1.737378515143648201e+03,1.804159197275040682e+01,1.714057936458188180e+02,1.716199777003468707e+00
4.029947916666666574e-02,1.667376769406995209e+03,1.808307561109055683e+01,1.644891009220052922e+02,1.647067131782685934e+00
4.036458333333333565e-02,1.597375023670334485e+03,1.812455924943071039e+01,1.575724081981910274e+02,1.577934486561895611e+00
4.042968749999999861e-02,1.525047569992095077e+03,1.815162501349759339e+01,1.504250369026072462e+02,1.506491714675981086e+00
4.049479166666666852e-02,1.447737552903915912e+03,1.814780213006130793e+01,1.427834631361938591e+02,1.430099760483813265e+00
4.055989583333333148e-02,1.370427535815744932e+03,1.814397924662502248e+01,1.351418893697813246e+02,1.353707806291653437e+00
4.062500000000000139e-02,1.293117518727565539e+03,1.814015636318873348e+01,1.275003156033679659e+02,1.277315852099485616e+00
4.069010416666666435e-02,1.215807501639394559e+03,1.813633347975244803e+01,1.198587418369554172e+02,1.200923897907325788e+00
4.075520833333333426e-02,1.138497484551215166e+03,1.813251059631615902e+01,1.122171680705420442e+02,1.124531943715157967e+00
4.082031249999999722e-02,1.061187467463044413e+03,1.812868771287987357e+01,1.045755943041295097e+02,1.048139989522998139e+00
4.088541666666666713e-02,9.838774503748650204e+02,1.812486482944358812e+01,9.693402053771613680e+01,9.717480353308303176e-01
4.095052083333333010e-02,9.047400641429489951e+02,1.810371591330925156e+01,8.911087730826518793e+01,8.935359386068305598e-01
4.101562500000000000e-02,8.234287861158715032e+02,1.806185280588177733e+01,8.107169868146905856e+01,8.131584073865787410e-01
4.108072916666666297e-02,7.421175080888026514e+02,1.801998969845430665e+01,7.303252005467378183e+01,7.327808761663355819e-01
4.114583333333333287e-02,6.608062300617251594e+02,1.797812659102682886e+01,6.499334142787765245e+01,6.524033449460838741e-01
4.121093750000000278e-02,5.794949520346476675e+02,1.793626348359935463e+01,5.695416280108151597e+01,5.720258137258320552e-01
4.127604166666666574e-02,4.979321956806503522e+02,1.788979084320997259e+01,4.888987175835846699e+01,4.913959272498540365e-01
4.134114583333333565e-02,4.149954309368670238e+02,1.781813298292519221e+01,4.068837338411706384e+01,4.093872410863589328e-01
4.140624999999999861e-02,3.320586661930925629e+02,1.774647512264041538e+01,3.248687500987652754e+01,3.273785549228724889e-01
4.147135416666666852e-02,2.491219014493092345e+02,1.767481726235563499e+01,2.428537663563512439e+01,2.453698687593773298e-01
4.153645833333333148e-02,1.661851367055347168e+02,1.760315940207085816e+01,1.608387826139459520e+01,1.633611825958909414e-01
4.160156250000000139e-02,8.324837196175138843e+01,1.753150154178607778e+01,7.882379887153184939e+00,8.135249643239578221e-02
4.166666666666666435e-02,5.281330365392022941e-05,1.744504039543156182e+01,-3.507362206147690564e-01,-9.764709906653831761e-04
4.173177083333333426e-02,-8.319311832420773101e+01,1.734600774852079397e+01,-8.579099905994549857e+00,-8.326151140622534141e-02
4.179687499999999722e-02,-1.663308838315643357e+02,1.724295249665475183e+01,-1.680221064584749513e+01,-1.654951879255705527e-01
4.186197916666666713e-02,-2.494686493389298221e+02,1.713989724478869547e+01,-2.502532138570131437e+01,-2.477288644449245625e-01
4.192708333333333010e-02,-3.326064148462864409e+02,1.703684199292264978e+01,-3.324843212555425964e+01,-3.299625409642698015e-01
4.199218750000000000e-02,-4.145688159327025915e+02,1.691264861235198680e+01,-4.135654317486404352e+01,-4.110525855425850583e-01
4.205729166666666297e-02,-4.960686473140038970e+02,1.678013623063828064e+01,-4.941939560310693480e+01,-4.916925488692498458e-01
4.212239583333333287e-02,-5.775684786953139565e+02,1.664762384892456382e+01,-5.748224803135069294e+01,-5.723325121959232931e-01
4.218750000000000278e-02,-6.590683100766239022e+02,1.651511146721084344e+01,-6.554510045959443687e+01,-6.529724755225966293e-01
4.225260416666666574e-02,-7.405681414579253214e+02,1.638259908549714083e+01,-7.360795288783734236e+01,-7.336124388492615278e-01
4.231770833333333565e-02,-8.220679728392352672e+02,1.625008670378342046e+01,-8.167080531608110050e+01,-8.142524021759348640e-01
4.238281249999999861e-02,-9.035678042205365728e+02,1.611757432206971785e+01,-8.973365774432397757e+01,-8.948923655025996515e-01
4.244791666666666852e-02,-9.850676356018466322e+02,1.598506194035599748e+01,-9.779651017256773571e+01,-9.755323288292730988e-01
4.251302083333333148e-02,-1.062375046432604449e+03,1.582113383033322940e+01,-1.054467238055892864e+02,-1.052056177093126932e+00
4.257812500000000139e-02,-1.139213263732516680e+03,1.565368983818174087e+01,-1.130507570874367218e+02,-1.128119371532679605e+00
4.264322916666666435e-02,-1.216051481032420952e+03,1.548624584603026832e+01,-1.206547903692833330e+02,-1.204182565972224284e+00
4.270833333333333426e-02,-1.292889698332333182e+03,1.531880185387877802e+01,-1.282588236511307684e+02,-1.280245760411777178e+00
4.277343749999999722e-02,-1.369727915632237455e+03,1.515135786172730725e+01,-1.358628569329773654e+02,-1.356308954851321857e+00
4.283854166666666713e-02,-1.446566132932149685e+03,1.498391386957581695e+01,-1.434668902148248151e+02,-1.432372149290874752e+00
4.290364583333333010e-02,-1.523404350232053730e+03,1.481646987742434618e+01,-1.510709234966714121e+02,-1.508435343730419209e+00
4.296875000000000000e-02,-1.599971952114932719e+03,1.464775283688985397e+01,-1.586482753645102264e+02,-1.584232051976362188e+00
4.303385416666666297e-02,-1.669243115460598347e+03,1.445126744966604981e+01,-1.655059835411426263e+02,-1.652842649393173158e+00
4.309895833333333287e-02,-1.738467006016800724e+03,1.425463293554184219e+01,-1.723590280597246363e+02,-1.721406684097774420e+00
4.316406250000000278e-02,-1.807690896573003329e+03,1.405799842141763278e+01,-1.792120725783066746e+02,-1.789970718802375682e+00
4.322916666666666574e-02,-1.876914787129198430e+03,1.386136390729344470e+01,-1.860651170968879455e+02,-1.858534753506969617e+00
4.329427083333333565e-02,-1.946138677685401035e+03,1.366472939316923529e+01,-1.929181616154699839e+02,-1.927098788211570657e+00
4.335937499999999861e-02,-2.015362568241596364e+03,1.346809487904504721e+01,-1.997712061340512832e+02,-1.995662822916164814e+00
4.342447916666666852e-02,-2.084586458797798969e+03,1.327146036492083780e+01,-2.066242506526332932e+02,-2.064226857620766076e+00
4.348958333333333148e-02,-2.152472131805044683e+03,1.307196749765209631e+01,-2.133451821325573690e+02,-2.131470998262927186e+00
4.355468750000000139e-02,-2.211581729805056057e+03,1.285372945579382353e+01,-2.191997119294367735e+02,-2.190059229929295803e+00
4.361979166666666435e-02,-2.270691327805061064e+03,1.263549141393557207e+01,-2.250542417263155812e+02,-2.248647461595658648e+00
4.368489583333333426e-02,-2.329800925805071984e+03,1.241725337207729929e+01,-2.309087715231949858e+02,-2.307235693262027265e+00
4.374999999999999722e-02,-2.388910523805076991e+03,1.219901533021904960e+01,-2.367633013200737935e+02,-2.365823924928390110e+00
4.381510416666666713e-02,-2.448020121805088365e+03,1.198077728836077682e+01,-2.426178311169531980e+02,-2.424412156594758727e+00
4.388020833333333010e-02,-2.507129719805093373e+03,1.176253924650252713e+01,-2.484723609138320057e+02,-2.483000388261121127e+00
4.394531250000000000e-02,-2.566239317805104747e+03,1.154430120464425436e+01,-2.543268907107114387e+02,-2.541588619927490189e+00
4.401041666666666297e-02,-2.622046572560511777e+03,1.132240552806131006e+01,-2.598552147131993024e+02,-2.596916963463717920e+00
4.407552083333333287e-02,-2.668814959913394432e+03,1.109060009789286205e+01,-2.644906770654914112e+02,-2.643322348770604791e+00
4.414062500000000278e-02,-2.715583347266276633e+03,1.085879466772441226e+01,-2.691261394177835200e+02,-2.689727734077491661e+00
4.420572916666666574e-02,-2.762351734619154286e+03,1.062698923755598912e+01,-2.737616017700751172e+02,-2.736133119384373646e+00
4.427083333333333565e-02,-2.809120121972036941e+03,1.039518380738754111e+01,-2.783970641223672260e+02,-2.782538504691260517e+00
4.433593749999999861e-02,-2.855888509324914139e+03,1.016337837721911619e+01,-2.830325264746588800e+02,-2.828943889998142502e+00
4.440104166666666852e-02,-2.902656896677796794e+03,9.931572947050668176e+00,-2.876679888269509888e+02,-2.875349275305029373e+00
4.446614583333333148e-02,-2.949425284030674447e+03,9.699767516882243257e+00,-2.923034511792425860e+02,-2.921754660611911358e+00
4.453125000000000139e-02,-2.990525654045206466e+03,9.465962869251688616e+00,-2.963787857276175828e+02,-2.962561136992254429e+00
4.459635416666666435e-02,-3.023252810728085933e+03,9.229204830107462953e+00,-2.996266581644259759e+02,-2.995096492084868611e+00
4.466145833333333426e-02,-3.055979967410968584e+03,8.992446790963210645e+00,-3.028745306012347100e+02,-3.027631847177486346e+00
4.472656249999999722e-02,-3.088707124093848051e+03,8.755688751818984983e+00,-3.061224030380430463e+02,-3.060167202270100972e+00
4.479166666666666713e-02,-3.121434280776731157e+03,8.518930712674732675e+00,-3.093702754748517805e+02,-3.092702557362718707e+00
4.485677083333333010e-02,-3.154161437459610625e+03,8.282172673530505236e+00,-3.126181479116601736e+02,-3.125237912455332889e+00
4.492187500000000000e-02,-3.186888594142493730e+03,8.045414634386254704e+00,-3.158660203484689077e+02,-3.157773267547950624e+00
4.498697916666666297e-02,-3.219615750825373198e+03,7.808656595242027265e+00,-3.191138927852772440e+02,-3.190308622640564806e+00
4.505208333333333287e-02,-3.244094268649520018e+03,7.573935888432334451e+00,-3.215463640680418962e+02,-3.214692216789405865e+00
4.511718750000000278e-02,-3.261523575708961744e+03,7.340996787728126804e+00,-3.232819681997941643e+02,-3.232108677241697592e+00
4.518229166666666574e-02,-3.278952882768402105e+03,7.108057687023944027e+00,-3.250175723315462051e+02,-3.249525137693987098e+00
4.524739583333333565e-02,-3.296382189827844286e+03,6.875118586319735492e+00,-3.267531764632984732e+02,-3.266941598146278825e+00
4.531249999999999861e-02,-3.313811496887284193e+03,6.642179485615552714e+00,-3.284887805950505708e+02,-3.284358058598568775e+00
4.537760416666666852e-02,-3.331240803946726373e+03,6.409240384911345068e+00,-3.302243847268028389e+02,-3.301774519050860501e+00
4.544270833333333148e-02,-3.348670111006166735e+03,6.176301284207161402e+00,-3.319599888585549365e+02,-3.319190979503150007e+00
4.550781250000000139e-02,-3.366099418065608461e+03,5.943362183502953755e+00,-3.336955929903072047e+02,-3.336607439955441734e+00
4.557291666666666435e-02,-3.372794741615570729e+03,5.718811948994233951e+00,-3.343697640971636247e+02,-3.343410639451304789e+00
4.563802083333333426e-02,-3.374322547136599496e+03,5.498300254070453974e+00,-3.345329437079170702e+02,-3.345104438761330456e+00
4.570312499999999722e-02,-3.375850352657628719e+03,5.277788559146697089e+00,-3.346961233186705158e+02,-3.346798238071355680e+00
4.576822916666666713e-02,-3.377378158178657941e+03,5.057276864222916224e+00,-3.348593029294239614e+02,-3.348492037381381348e+00
4.583333333333333010e-02,-3.378905963699686708e+03,4.836765169299159339e+00,-3.350224825401774069e+02,-3.350185836691407015e+00
4.589843750000000000e-02,-3.380433769220715931e+03,4.616253474375378474e+00,-3.351856621509309093e+02,-3.351879636001432683e+00
4.596354166666666297e-02,-3.381961574741745153e+03,4.395741779451621589e+00,-3.353488417616842980e+02,-3.353573435311458351e+00
4.602864583333333287e-02,-3.383489380262774375e+03,4.175230084527841612e+00,-3.355120213724378004e+02,-3.355267234621484018e+00
4.609375000000000278e-02,-3.372042796493259175e+03,3.971433974629688723e+00,-3.343918466807699588e+02,-3.344127175284738573e+00
4.615885416666666574e-02,-3.357567673530007141e+03,3.771565625700554758e+00,-3.329721296869591356e+02,-3.329991221977563143e+00
4.622395833333333565e-02,-3.343092550566753744e+03,3.571697276771399476e+00,-3.315524126931481987e+02,-3.315855268670385936e+00
4.628906249999999861e-02,-3.328617427603501255e+03,3.371828927842265067e+00,-3.301326956993373756e+02,-3.301719315363210061e+00
4.635416666666666852e-02,-3.314142304640247858e+03,3.171960578913109785e+00,-3.287129787055263819e+02,-3.287583362056032854e+00
4.641927083333333148e-02,-3.299667181676995824e+03,2.972092229983975820e+00,-3.272932617117155587e+02,-3.273447408748856979e+00
4.648437500000000139e-02,-3.285192058713741972e+03,2.772223881054820538e+00,-3.258735447179046218e+02,-3.259311455441680216e+00
4.654947916666666435e-02,-3.270716935750489938e+03,2.572355532125686572e+00,-3.244538277240937987e+02,-3.245175502134504342e+00
4.661458333333333426e-02,-3.241647277055003542e+03,2.398965504082417155e+00,-3.215900863359361210e+02,-3.216596462826317282e+00
4.667968749999999722e-02,-3.211750876824624811e+03,2.227075402316525121e+00,-3.186445448161327931e+02,-3.187199261206691947e+00
4.674479166666666713e-02,-3.181854476594242897e+03,2.055185300550614880e+00,-3.156990032963291810e+02,-3.157802059587063503e+00
4.680989583333333010e-02,-3.151958076363864166e+03,1.883295198784722846e+00,-3.127534617765259100e+02,-3.128404857967438168e+00
4.687500000000000000e-02,-3.122061676133482706e+03,1.711405097018812826e+00,-3.098079202567222978e+02,-3.099007656347809725e+00
4.694010416666666297e-02,-3.092165275903103975e+03,1.539514995252920793e+00,-3.068623787369189699e+02,-3.069610454728184834e+00
4.700520833333333287e-02,-3.062268875672722061e+03,1.367624893487010773e+00,-3.039168372171153578e+02,-3.040213253108556390e+00
4.707031250000000278e-02,-3.031415276883865317e+03,1.197928931695146249e+00,-3.008766027677286274e+02,-3.009868729880493365e+00
4.713541666666666574e-02,-2.990184421470462894e+03,1.052178670403018934e+00,-2.968092853468451153e+02,-2.969250003063021559e+00
4.720052083333333565e-02,-2.948953566057056378e+03,9.064284091108761876e-01,-2.927419679259611485e+02,-2.928631276245544868e+00
4.726562499999999861e-02,-2.907722710643653954e+03,7.606781478187489842e-01,-2.886746505050776364e+02,-2.888012549428073061e+00
4.733072916666666852e-02,-2.866491855230247438e+03,6.149278865266061267e-01,-2.846073330841936695e+02,-2.847393822610596814e+00
4.739583333333333148e-02,-2.819924661471730815e+03,4.839724434001773101e-01,-2.800117545164848138e+02,-2.801489952799528282e+00
4.746093750000000139e-02,-2.771200522791019011e+03,3.589970573565938183e-01,-2.752026530938616133e+02,-2.753449831198212738e+00
4.752604166666666435e-02,-2.722476384110312665e+03,2.340216713130236492e-01,-2.703935516712389244e+02,-2.705409709596902523e+00
4.759114583333333426e-02,-2.673752245429600862e+03,1.090462852694401574e-01,-2.655844502486157808e+02,-2.657369587995586979e+00
4.765624999999999722e-02,-2.623672939507397132e+03,-1.177714787851466549e-02,-2.606411598117049380e+02,-2.607986853167940655e+00
4.772135416666666713e-02,-2.568926996147619320e+03,-1.176961763894395774e-01,-2.552357668185954651e+02,-2.553980426651021762e+00
4.778645833333333010e-02,-2.513037364162041740e+03,-2.197464870684797400e-01,-2.497171321951404934e+02,-2.498840764589380647e+00
4.785156250000000000e-02,-2.457147732176457794e+03,-3.217967977475307273e-01,-2.441984975716849249e+02,-2.443701102527734204e+00
4.791666666666666297e-02,-2.399114578594522754e+03,-4.160251646436279316e-01,-2.384675620452757130e+02,-2.386436894671037034e+00
4.798177083333333287e-02,-2.338678863558933699e+03,-5.014863231022573808e-01,-2.324986695200283862e+02,-2.326791394345721908e+00
4.804687500000000278e-02,-2.278243148523344644e+03,-5.869474815608868301e-01,-2.265297769947810878e+02,-2.267145894020406782e+00
4.811197916666666574e-02,-2.215661699103913634e+03,-6.633397477394380459e-01,-2.203482932548572251e+02,-2.205372660767922266e+00
4.817708333333333565e-02,-2.149116483669035460e+03,-7.229493357180285518e-01,-2.137740855849754951e+02,-2.139668603264765601e+00
4.824218749999999861e-02,-2.082571268234164108e+03,-7.825589236966125073e-01,-2.071998779150944472e+02,-2.073964545761615597e+00
4.830729166666666852e-02,-2.016026052799286163e+03,-8.421685116752029021e-01,-2.006256702452126888e+02,-2.008260488258458931e+00
4.837239583333333148e-02,-1.949480837364415038e+03,-9.017780996537869687e-01,-1.940514625753316409e+02,-1.942556430755308927e+00
4.843750000000000139e-02,-1.882935621929536865e+03,-9.613876876323773635e-01,-1.874772549054499109e+02,-1.876852373252152262e+00
4.850260416666666435e-02,-1.815383593489442774e+03,-1.015765397862712804e+00,-1.808032421190952732e+02,-1.810149099923141547e+00
4.856770833333333426e-02,-1.742035107346686345e+03,-1.040021965521530145e+00,-1.735546279587543097e+02,-1.737693107628060174e+00
4.863281249999999722e-02,-1.668686621203937648e+03,-1.064278533180344821e+00,-1.663060137984141420e+02,-1.665237115332986573e+00
4.869791666666666713e-02,-1.595338135061181219e+03,-1.088535100839162162e+00,-1.590573996380731785e+02,-1.592781123037905200e+00
4.876302083333333010e-02,-1.521989648918432522e+03,-1.112791668497976838e+00,-1.518087854777329824e+02,-1.520325130742831821e+00
4.882812500000000000e-02,-1.448641162775675866e+03,-1.137048236156794179e+00,-1.445601713173920189e+02,-1.447869138447750448e+00
4.889322916666666297e-02,-1.375292676632927396e+03,-1.161304803815608855e+00,-1.373115571570518227e+02,-1.375413146152676847e+00
4.895833333333333287e-02,-1.298698743459887055e+03,-1.164639216481107020e+00,-1.297409878658879734e+02,-1.299732762547606946e+00
4.902343750000000278e-02,-1.221351959269600457e+03,-1.162432246689746540e+00,-1.220957002931759945e+02,-1.223303802182800881e+00
4.908854166666666574e-02,-1.143435732318311011e+03,-1.155840006127276220e+00,-1.143938856434196509e+02,-1.146308498945643572e+00
4.915364583333333565e-02,-1.063718635056952053e+03,-1.132436837462808210e+00,-1.065131358083752673e+02,-1.067519661038309753e+00
4.921874999999999861e-02,-9.832779101738632335e+02,-1.101833250778105011e+00,-9.856046186907605033e+01,-9.880097774486361617e-01
4.928385416666666852e-02,-9.028371852907660013e+02,-1.071229664093398704e+00,-9.060778792977598073e+01,-9.084998938589541329e-01
4.934895833333333148e-02,-8.223964604076772957e+02,-1.040626077408695505e+00,-8.265511399047674956e+01,-8.289900102692806527e-01
4.941406250000000139e-02,-7.419557355245799499e+02,-1.010022490723989197e+00,-7.470244005117666575e+01,-7.494801266795985129e-01
4.947916666666666435e-02,-6.615150106414912443e+02,-9.794189040392859980e-01,-6.674976611187744879e+01,-6.699702430899250327e-01
4.954427083333333426e-02,-5.798717418426750783e+02,-9.306181967265791943e-01,-5.867721937303966229e+01,-5.892568444851039589e-01
4.960937499999999722e-02,-4.971485849911147170e+02,-8.654764203653219079e-01,-5.049702649972170576e+01,-5.074626857773387734e-01
4.967447916666666713e-02,-4.144254281395454882e+02,-8.003346440040576271e-01,-4.231683362640286816e+01,-4.256685270695649281e-01
4.973958333333333010e-02,-3.317022712879850701e+02,-7.351928676428003406e-01,-3.413664075308491164e+01,-3.438743683617997426e-01
4.980468750000000000e-02,-2.489791144364158413e+02,-6.700510912815360598e-01,-2.595644787976608114e+01,-2.620802096540258974e-01
4.986979166666666297e-02,-1.662559575848554800e+02,-6.049093149202788844e-01,-1.777625500644811751e+01,-1.802860509462607119e-01
4.993489583333333287e-02,-8.329250550311610368e+01,-5.315715010653070394e-01,-9.571855384471895434e+00,-9.824756789327784845e-02
