0.000000000000000000e+00,6.021316544458593256e+01,2.377373367865202314e-01,3.586350313613043017e+00,-5.269664502129212807e-02
6.510416666666666576e-05,-6.604636573314337511e-02,1.471486486746178268e-01,9.492703004458061145e+00,1.740878055322510609e-01
1.302083333333333315e-04,1.875533024416125443e+02,1.265499658116923110e-01,1.250181167611048494e+01,5.631317825435819269e-02
1.953125000000000108e-04,2.375151077693697346e+02,2.634485838795049828e-01,2.916737151134740103e+01,1.691257262819064189e-01
2.604166666666666631e-04,3.325333039988912560e+02,5.232298647001824010e-01,2.917001312010342673e+01,3.576124463269425569e-01
3.255208333333333153e-04,4.172261557662870359e+02,6.152774114392158822e-01,4.104614281915205254e+01,2.773763964805663340e-01
3.906250000000000217e-04,4.277812799753974673e+02,7.112469879198787259e-01,4.685364403224465235e+01,4.581642284482986827e-01
4.557291666666666739e-04,5.794931731588399089e+02,1.122989164441878795e+00,6.246238494075833358e+01,6.213765767472433366e-01
5.208333333333333261e-04,7.093792731674298011e+02,8.861319942598675503e-01,6.596788478331500016e+01,5.835208541656952130e-01
5.859374999999999783e-04,7.237041349569011572e+02,1.120827839070878351e+00,8.083753834494774537e+01,8.007569342395368661e-01
6.510416666666666305e-04,8.310898484382562401e+02,8.905852014383253135e-01,7.972340300732437868e+01,7.265156371533403323e-01
7.161458333333332827e-04,9.149631109545501886e+02,1.431009231344481769e+00,8.984123781119355101e+01,8.443419769761026927e-01
7.812500000000000434e-04,9.297394381993880188e+02,1.488097904315275777e+00,1.034903098721691350e+02,9.413124651215541983e-01
8.463541666666666956e-04,1.006972494556458173e+03,1.171931320723533343e+00,1.045521246502596142e+02,1.025784314694420551e+00
9.114583333333333478e-04,1.116184608701001935e+03,2.053076631335418067e+00,1.082692071848409086e+02,1.107211203741046646e+00
9.765625000000000000e-04,1.245445719172201507e+03,2.184205459475139666e+00,1.200141514169570058e+02,1.166363426035739836e+00
1.041666666666666652e-03,1.314654362570911871e+03,2.070976451529040752e+00,1.222340103128621962e+02,1.284321882197416720e+00
1.106770833333333304e-03,1.367481841939629021e+03,2.231100387596780976e+00,1.390255841264806804e+02,1.356145633137701756e+00
1.171874999999999957e-03,1.454194938427664511e+03,2.028564273754945191e+00,1.400221737952202545e+02,1.427737667969936730e+00
1.236979166666666609e-03,1.519125714858827223e+03,2.433086751686289073e+00,1.527536097847922747e+02,1.457373309737501899e+00
1.302083333333333261e-03,1.658660061134489069e+03,2.994685479518675031e+00,1.547693930857287228e+02,1.600808700374304561e+00
1.367187499999999913e-03,1.681663415672391693e+03,2.953895047301585919e+00,1.691316764938577535e+02,1.593175495890285287e+00
1.432291666666666565e-03,1.845613829053446807e+03,3.183697749109066777e+00,1.702898702820764356e+02,1.715407018437846265e+00
1.497395833333333218e-03,1.814306782153124686e+03,3.124121761126819496e+00,1.742000963955088082e+02,1.799802097103123666e+00
1.562500000000000087e-03,1.828692190737981718e+03,3.851376859557261501e+00,1.912972801594277144e+02,1.810723151698464539e+00
1.627604166666666739e-03,1.959264701280896134e+03,4.103283639694423002e+00,1.987691099587295867e+02,1.929003058112383595e+00
1.692708333333333391e-03,1.982888447406822252e+03,3.879455280201390188e+00,1.943082286311745861e+02,1.954116453480531090e+00
1.757812500000000043e-03,2.130385485699125638e+03,4.173487482867965781e+00,2.066558874102329924e+02,2.040959492323255464e+00
1.822916666666666696e-03,2.171028204248737893e+03,4.725298822000513432e+00,2.033508506753726124e+02,2.106526309410551079e+00
1.888020833333333348e-03,2.315152890126094007e+03,4.679924122419455657e+00,2.254639433553689969e+02,2.158551521958473440e+00
1.953125000000000000e-03,2.271809363203730754e+03,4.794866620901888865e+00,2.133641632035503335e+02,2.171669360214358413e+00
2.018229166666666435e-03,2.303853628143104288e+03,5.259739360738880265e+00,2.254812588546451479e+02,2.329907061037577165e+00
2.083333333333333304e-03,2.358570319948501492e+03,5.055775026681645912e+00,2.335855246187177556e+02,2.352847338351914175e+00
2.148437500000000173e-03,2.408366845420914615e+03,5.317796956176270129e+00,2.395210633499191886e+02,2.400784437313041142e+00
2.213541666666666609e-03,2.524910438927124233e+03,5.914437607442198264e+00,2.501617999508680157e+02,2.451533603033522635e+00
2.278645833333333478e-03,2.517401675182266445e+03,6.191787414773423315e+00,2.482851166525884992e+02,2.514575460954579622e+00
2.343749999999999913e-03,2.577028541520871386e+03,6.111726919743603048e+00,2.658140886732041963e+02,2.541022365844725073e+00
2.408854166666666782e-03,2.747747289466403345e+03,5.965690724816784751e+00,2.685321554092302563e+02,2.606639658284918504e+00
2.473958333333333218e-03,2.704126037099927544e+03,6.711323686643106967e+00,2.699129912808765539e+02,2.650172827718368485e+00
2.539062500000000087e-03,2.785912965866243212e+03,6.433694031756843401e+00,2.702486744614092231e+02,2.845249247849871210e+00
2.604166666666666522e-03,2.825365540369554765e+03,6.981187472582180753e+00,2.819209880501883845e+02,2.748347245099032055e+00
2.669270833333333391e-03,2.867150398529573522e+03,7.114675518608457594e+00,2.878273316709352230e+02,2.849618385886935723e+00
2.734374999999999827e-03,2.905454597307701079e+03,7.331274025975035968e+00,2.871393195456693093e+02,2.942056852516529819e+00
2.799479166666666696e-03,2.890401789195765105e+03,7.972379002254614377e+00,2.865504675326948814e+02,2.885360473682800908e+00
2.864583333333333131e-03,3.005978315759184170e+03,7.809343573512675718e+00,2.973162657178107793e+02,3.024005609545292739e+00
2.929687500000000000e-03,3.102868911942794512e+03,8.031167433645228115e+00,2.956306140234182180e+02,2.988480485454820812e+00
2.994791666666666435e-03,3.119912869691223023e+03,8.372887525404888009e+00,3.016970140359888433e+02,2.988826293663880751e+00
3.059895833333333304e-03,3.135687267684845665e+03,8.897172575698951036e+00,2.992833877475019335e+02,3.095289367863304442e+00
3.125000000000000173e-03,3.152024347689613023e+03,8.783469476369457851e+00,3.116244009811077831e+02,3.088424392377025818e+00
3.190104166666666609e-03,3.220952419062875379e+03,8.857579034566906984e+00,3.159120399304428020e+02,3.074564873613941263e+00
3.255208333333333478e-03,3.155143584810103675e+03,9.313492362167089311e+00,3.134876933853366268e+02,3.073767193829627598e+00
3.320312499999999913e-03,3.219640658744047869e+03,9.296336504654254540e+00,3.243072311136011194e+02,3.135161447490368403e+00
3.385416666666666782e-03,3.278647065678222589e+03,1.016031664572423310e+01,3.175679513586374014e+02,3.143116813876520421e+00
3.450520833333333218e-03,3.334617884662105553e+03,1.001575544693447029e+01,3.160619203043068524e+02,3.182791435443283135e+00
3.515625000000000087e-03,3.280807896283028640e+03,1.019030164767999835e+01,3.282727957523604232e+02,3.234979027054630585e+00
3.580729166666666522e-03,3.312059242179170269e+03,1.015097991014885004e+01,3.237191240827147567e+02,3.312240150538375172e+00
3.645833333333333391e-03,3.355171402704037973e+03,1.096311713865878801e+01,3.355418789507998554e+02,3.343643280569548182e+00
3.710937499999999827e-03,3.368238078731380938e+03,1.111617134297839904e+01,3.274345624392071272e+02,3.240289438430764335e+00
3.776041666666666696e-03,3.340387740962792577e+03,1.131831839448426891e+01,3.332611081420380970e+02,3.366179004633737648e+00
3.841145833333333131e-03,3.434294923380317869e+03,1.142058936099816968e+01,3.372551674773829404e+02,3.308892438886642307e+00
3.906250000000000000e-03,3.344893324507780108e+03,1.177378388936578091e+01,3.296518906130002620e+02,3.257594671240471751e+00
3.971354166666666435e-03,3.349680856615967969e+03,1.183345148633742738e+01,3.349748578825059440e+02,3.337396990512235373e+00
4.036458333333332871e-03,3.457632840164640129e+03,1.210210623723267176e+01,3.384878214799749685e+02,3.350103817331589795e+00
4.101562500000000173e-03,3.403583872232156864e+03,1.217550084267348787e+01,3.394615569827815875e+02,3.458225616408878711e+00
4.166666666666666609e-03,3.367190952546695826e+03,1.252404960506952136e+01,3.418242072277504349e+02,3.339840088987177324e+00
4.231770833333333044e-03,3.327485364136410226e+03,1.285413082994673850e+01,3.427358490582678314e+02,3.347041784905514294e+00
4.296875000000000347e-03,3.423705183292863239e+03,1.269701719620537439e+01,3.333164952439936428e+02,3.327354791675642520e+00
4.361979166666666782e-03,3.352435989490455995e+03,1.294993925456087780e+01,3.304202243576225442e+02,3.368689934455730839e+00
4.427083333333333218e-03,3.296382439894043728e+03,1.345301173865184730e+01,3.334559262328060640e+02,3.313835494895564615e+00
4.492187499999999653e-03,3.448896410291251414e+03,1.375692367047867215e+01,3.318451985496351426e+02,3.279423695024533014e+00
4.557291666666666956e-03,3.380025168201827455e+03,1.403784851686613777e+01,3.288245294750105359e+02,3.406749211543192324e+00
4.622395833333333391e-03,3.269868042414927004e+03,1.399135581437993459e+01,3.283275457461265319e+02,3.314889865457242291e+00
4.687499999999999827e-03,3.360982859743300651e+03,1.409499516878448766e+01,3.299388634475331514e+02,3.198707448578616219e+00
4.752604166666666262e-03,3.258727504624233461e+03,1.401136461936791022e+01,3.247959809090338013e+02,3.273859901788182647e+00
4.817708333333333565e-03,3.322424962860491632e+03,1.461972530018859295e+01,3.233244244855093825e+02,3.207475865994851016e+00
4.882812500000000000e-03,3.270113095936898844e+03,1.459223732623352809e+01,3.222623502395718447e+02,3.305280268374756414e+00
4.947916666666666435e-03,3.337794915943672549e+03,1.481284413118967080e+01,3.230595865773657920e+02,3.139332686533403916e+00
5.013020833333332871e-03,3.222856928877038172e+03,1.546458111774799704e+01,3.194919251722815829e+02,3.143457298044114001e+00
5.078125000000000173e-03,3.279697404157379424e+03,1.504789611206621025e+01,3.107130073295607531e+02,3.172909090079766958e+00
5.143229166666666609e-03,3.171815643406957406e+03,1.541403564623297484e+01,3.136197566059158817e+02,3.104335906302325032e+00
5.208333333333333044e-03,3.157620138642816528e+03,1.577899347731480617e+01,3.101865158217050293e+02,3.102452756577293247e+00
5.273437500000000347e-03,3.118921307045213325e+03,1.578000683740193288e+01,3.135369998483392351e+02,3.167700088474874498e+00
5.338541666666666782e-03,3.046175121049152040e+03,1.604322973206853931e+01,3.056637068370530983e+02,2.982553073910066743e+00
5.403645833333333218e-03,2.969488406154982385e+03,1.592998833778929146e+01,3.005265667032839474e+02,2.972324259136510438e+00
5.468749999999999653e-03,2.985937192997138027e+03,1.604513670025432504e+01,3.004182139917169820e+02,2.913533793290760787e+00
5.533854166666666956e-03,2.999158439065812217e+03,1.676482292870973723e+01,2.947150061670234891e+02,2.994437104188392595e+00
5.598958333333333391e-03,2.964781843683975239e+03,1.622416216219603768e+01,2.935568381607178026e+02,2.932212854514415490e+00
5.664062499999999827e-03,2.898180457585213389e+03,1.656103974252796718e+01,2.841746493674270937e+02,2.758088364463434417e+00
5.729166666666666262e-03,2.831862494528256775e+03,1.643402078447909531e+01,2.819689581041482711e+02,2.883559771764945268e+00
5.794270833333333565e-03,2.821161477958904925e+03,1.689590468854001415e+01,2.718392129513586042e+02,2.729956045153919320e+00
5.859375000000000000e-03,2.759501009026862903e+03,1.727677060927832287e+01,2.617731269330970463e+02,2.646956401147925853e+00
5.924479166666666435e-03,2.774686337663148606e+03,1.713751017596822379e+01,2.588214619280848297e+02,2.621429054434517791e+00
5.989583333333332871e-03,2.587593143102763861e+03,1.748788348588893271e+01,2.560065561575809738e+02,2.555575642355727428e+00
6.054687500000000173e-03,2.591693403898925681e+03,1.773040504464276879e+01,2.549642708815861170e+02,2.569685603535211360e+00
6.119791666666666609e-03,2.536616113749646956e+03,1.764619412812591293e+01,2.507162851793917184e+02,2.412739097407718969e+00
6.184895833333333044e-03,2.468500702381243173e+03,1.812090291941777309e+01,2.347637402175434431e+02,2.452058175570773102e+00
6.250000000000000347e-03,2.403471408769228219e+03,1.754360996739217526e+01,2.426232067236863941e+02,2.422978754599421247e+00
6.315104166666666782e-03,2.394577337369277757e+03,1.798551245570657997e+01,2.332534906840119788e+02,2.218279747485921050e+00
6.380208333333333218e-03,2.302272015521759840e+03,1.846963106876665961e+01,2.229242228178806613e+02,2.193277453566830015e+00
6.445312499999999653e-03,2.152282532054580770e+03,1.773130642010205094e+01,2.162592834504015968e+02,2.224403630866538695e+00
6.510416666666666956e-03,2.117322583325315463e+03,1.787282907900437934e+01,2.183961469812475116e+02,2.149027366908607295e+00
6.575520833333333391e-03,2.156319820737870941e+03,1.857394038895916921e+01,2.103195092344762713e+02,2.079616618756947588e+00
6.640624999999999827e-03,1.976437214654142736e+03,1.846123595495025427e+01,2.082327118470454934e+02,2.012982003971082623e+00
6.705729166666666262e-03,1.950322185796221220e+03,1.827819344960070325e+01,1.856434891161549388e+02,1.848849586883676510e+00
6.770833333333333565e-03,1.859369520680718551e+03,1.835109891684621175e+01,1.871880339825263206e+02,1.928729579764309809e+00
6.835937500000000000e-03,1.817440466316301354e+03,1.802591836242517687e+01,1.824802268700989032e+02,1.778901366881941115e+00
6.901041666666666435e-03,1.762640230948176622e+03,1.837190167828196863e+01,1.744814993249218560e+02,1.660172832547780697e+00
6.966145833333332871e-03,1.655827646366285535e+03,1.794524772971053039e+01,1.606553867803330036e+02,1.702276816533322190e+00
7.031250000000000173e-03,1.605749388268662642e+03,1.823448340102222431e+01,1.598364789231098939e+02,1.618985951889555963e+00
7.096354166666666609e-03,1.594670411313305294e+03,1.841528390032394569e+01,1.421717680648240503e+02,1.566779861759525661e+00
7.161458333333333044e-03,1.431552853871761727e+03,1.854929176580494143e+01,1.433902040652169489e+02,1.415404139500737957e+00
7.226562499999999480e-03,1.340667047180237205e+03,1.852876572564150948e+01,1.329146824159134610e+02,1.436777255726734870e+00
7.291666666666666782e-03,1.319124139487337288e+03,1.830801539108907861e+01,1.225062570262796839e+02,1.293879531161398422e+00
7.356770833333333218e-03,1.147220900880324734e+03,1.854901210823482671e+01,1.233607230641947154e+02,1.172896501629789867e+00
7.421874999999999653e-03,1.151849832255510591e+03,1.855824634342266677e+01,1.115041506495654033e+02,1.104985026447424801e+00
7.486979166666666956e-03,1.122382761501258756e+03,1.831063154427751982e+01,1.001831929309351636e+02,9.831226710608191866e-01
7.552083333333333391e-03,9.598836656241825267e+02,1.803815752802811900e+01,1.007672129789444142e+02,1.075972829713380818e+00
7.617187499999999827e-03,8.302466372092445681e+02,1.793676299343832525e+01,9.163908909391123814e+01,9.560374574034946615e-01
7.682291666666666262e-03,8.524031282767164157e+02,1.843503127096052552e+01,6.872020776321704716e+01,8.531967325220015663e-01
7.747395833333333565e-03,6.992556077184922287e+02,1.856790758666149799e+01,8.209398170515767390e+01,7.065123306283919158e-01
7.812500000000000000e-03,7.020052132503498115e+02,1.825148083785903808e+01,6.621068406942087847e+01,6.715550207494398460e-01
7.877604166666666435e-03,5.762386972297006196e+02,1.819059933926787664e+01,5.408073078928747890e+01,5.728976388805708808e-01
7.942708333333332871e-03,5.000978132391642248e+02,1.799362818035366729e+01,5.185203137780660398e+01,4.981895074215414443e-01
8.007812499999999306e-03,4.160738585890213130e+02,1.793282987048624832e+01,4.274245403168646362e+01,4.128456811869767318e-01
8.072916666666665741e-03,3.083777603359163777e+02,1.790018107015738735e+01,3.381517282185313888e+01,3.567765745839833191e-01
8.138020833333333912e-03,2.084368470585882562e+02,1.802209657581067148e+01,2.769286023607741143e+01,2.955543071136955691e-01
8.203125000000000347e-03,8.015885930792143199e+01,1.779245838980239469e+01,1.263164238858554356e+01,1.955457485627851433e-01
8.268229166666666782e-03,1.591100177323347680e+02,1.767460411989162239e+01,-1.205946272692040466e+00,6.056214385344794310e-02
8.333333333333333218e-03,-1.193917259635428429e+01,1.731792780499873174e+01,-5.385839994512963136e-01,-6.783184811927733815e-02
8.398437499999999653e-03,-2.220827401461111208e+02,1.790619556551180480e+01,-7.492193517982604689e+00,-1.161102034336042033e-01
8.463541666666666088e-03,-2.488031496734586767e+02,1.735230268814211030e+01,-1.925246110436831870e+01,-1.458038411094266240e-01
8.528645833333332524e-03,-2.039725762659873567e+02,1.714761177316942664e+01,-1.523306536623254992e+01,-2.333245606752342993e-01
8.593750000000000694e-03,-3.252012571680903079e+02,1.726534702331631621e+01,-3.204857066860792258e+01,-4.095461499538931016e-01
8.658854166666667129e-03,-4.460160427978012763e+02,1.729769849417844796e+01,-2.741412221863690490e+01,-4.503006670731438121e-01
8.723958333333333565e-03,-5.144184777354575999e+02,1.688905437326591041e+01,-4.468378369502097058e+01,-4.812488174423406595e-01
8.789062500000000000e-03,-4.847241544006205913e+02,1.675052502829182188e+01,-6.334127176787634284e+01,-6.120122396282410282e-01
8.854166666666666435e-03,-6.821272039615766971e+02,1.691943121018913132e+01,-6.658925907188991289e+01,-6.604052825500842383e-01
8.919270833333332871e-03,-7.187723365839148073e+02,1.666335307261059384e+01,-6.751169510583844158e+01,-7.872251266416223636e-01
8.984374999999999306e-03,-7.878418548965470336e+02,1.611653012530548068e+01,-8.499823626133677124e+01,-8.208476737863484862e-01
9.049479166666665741e-03,-9.097530889876624087e+02,1.660551626415630722e+01,-9.054356761037621482e+01,-9.075155264506316044e-01
9.114583333333333912e-03,-9.878143308277295773e+02,1.610487401377323380e+01,-1.044261351130586490e+02,-1.044711507008355245e+00
9.179687500000000347e-03,-9.755315038430671848e+02,1.601583010336011981e+01,-1.102815483631489286e+02,-1.026337834068891564e+00
9.244791666666666782e-03,-1.094612279042911041e+03,1.587976847190814311e+01,-1.226158274166696742e+02,-1.064787541381490010e+00
9.309895833333333218e-03,-1.223544337222740069e+03,1.561284083561993086e+01,-1.257267558749071270e+02,-1.207755040049435680e+00
9.374999999999999653e-03,-1.213147776486655630e+03,1.568626995131643476e+01,-1.249120597941366100e+02,-1.234064903080503761e+00
9.440104166666666088e-03,-1.419652899163242637e+03,1.522367560108344975e+01,-1.428020910227416493e+02,-1.461936968358341415e+00
9.505208333333332524e-03,-1.505262832664875987e+03,1.548248876817802255e+01,-1.368878015450393661e+02,-1.304790164222920046e+00
9.570312500000000694e-03,-1.477323682973408495e+03,1.493092705511684315e+01,-1.476910567568734791e+02,-1.522797738504103160e+00
9.635416666666667129e-03,-1.620859863270733513e+03,1.502123240154651285e+01,-1.630276680165266043e+02,-1.595023825503658399e+00
9.700520833333333565e-03,-1.656472176355460306e+03,1.459104004485001482e+01,-1.648860558715263096e+02,-1.628243482679675669e+00
9.765625000000000000e-03,-1.699595466305818718e+03,1.432785568272078791e+01,-1.707933583523635548e+02,-1.696450777840014190e+00
9.830729166666666435e-03,-1.826609796554806735e+03,1.433268358594611946e+01,-1.930422351492056805e+02,-1.737923837047248510e+00
9.895833333333332871e-03,-1.871182707048038083e+03,1.433372854735936741e+01,-1.888888462695175292e+02,-1.932025458689024200e+00
9.960937499999999306e-03,-1.919398585989281173e+03,1.413503753162496146e+01,-1.871183779321551697e+02,-1.901097123183022486e+00
1.002604166666666574e-02,-1.986675745068632295e+03,1.391414397146024307e+01,-2.077111561591606801e+02,-2.060254493306745704e+00
1.009114583333333391e-02,-2.097399568507053118e+03,1.363196320341113577e+01,-2.094771233208113586e+02,-2.068874866743452667e+00
1.015625000000000035e-02,-2.129473554536633856e+03,1.327629717298364653e+01,-2.141469981046750775e+02,-2.220459167438129544e+00
1.022135416666666678e-02,-2.173998090933449021e+03,1.291433652702521329e+01,-2.192684980801700192e+02,-2.326322344414769816e+00
1.028645833333333322e-02,-2.227181151381509153e+03,1.290531881737928899e+01,-2.349352648045361320e+02,-2.275207132126805476e+00
1.035156249999999965e-02,-2.375456583279397819e+03,1.266147627056749414e+01,-2.326478841003285538e+02,-2.287649327799726073e+00
1.041666666666666609e-02,-2.501446425900337090e+03,1.181046952651470683e+01,-2.405693025842958548e+02,-2.366887831416698340e+00
1.048177083333333252e-02,-2.512744698318422252e+03,1.227351644758487126e+01,-2.461590406910682987e+02,-2.380929625861349486e+00
1.054687500000000069e-02,-2.462547217944916156e+03,1.203035677181163621e+01,-2.529280998756775318e+02,-2.596623387721950227e+00
1.061197916666666713e-02,-2.634293038914750923e+03,1.152946489382067696e+01,-2.619304718126708167e+02,-2.582554876988535586e+00
1.067708333333333356e-02,-2.656977061302523452e+03,1.169330848140664258e+01,-2.588937483136242577e+02,-2.605163427892904338e+00
1.074218750000000000e-02,-2.726442298277097507e+03,1.175935213727115425e+01,-2.630917324648012823e+02,-2.675137656947716991e+00
1.080729166666666644e-02,-2.807248782581763408e+03,1.127256036072987655e+01,-2.683277043900251897e+02,-2.762916347622979885e+00
1.087239583333333287e-02,-2.819514279195907875e+03,1.100115357014081496e+01,-2.861340694638661262e+02,-2.786452405079057115e+00
1.093749999999999931e-02,-2.920686509364298672e+03,1.053448035444423780e+01,-2.787732477513719687e+02,-2.891178693166388314e+00
1.100260416666666574e-02,-2.829806840826357529e+03,1.050539484692464498e+01,-2.890820890108898880e+02,-2.895786766423549707e+00
1.106770833333333391e-02,-2.914692120305895060e+03,9.895899514558346155e+00,-2.896922293723774828e+02,-2.930134585148783000e+00
1.113281250000000035e-02,-2.928294876685406052e+03,1.051679786553499163e+01,-2.869085734141540911e+02,-2.855709406440079867e+00
1.119791666666666678e-02,-2.985205206009458379e+03,9.479806986676095448e+00,-2.978963736203556891e+02,-3.004402643423197183e+00
1.126302083333333322e-02,-3.123785134934467806e+03,9.734730364561089644e+00,-3.041507458275780209e+02,-2.952163677755210713e+00
1.132812499999999965e-02,-3.010796781940675828e+03,9.502326308472730076e+00,-2.957909290369321980e+02,-3.035864780033393107e+00
1.139322916666666609e-02,-3.028829730367715911e+03,9.255034382318575226e+00,-3.074134327327156484e+02,-3.129075328055364036e+00
1.145833333333333252e-02,-3.056692987590664416e+03,9.080702709685697371e+00,-3.125799719441905040e+02,-3.102205844032580373e+00
1.152343750000000069e-02,-3.151559853053688585e+03,8.415802362230884626e+00,-3.126230038694644122e+02,-3.184402650840591598e+00
1.158854166666666713e-02,-3.186114376299548894e+03,8.139168362719910732e+00,-3.206333906287554782e+02,-3.190985996613454390e+00
1.165364583333333356e-02,-3.294839362638740567e+03,8.188384822304081823e+00,-3.266890792738097389e+02,-3.143337595589857703e+00
1.171875000000000000e-02,-3.188509023268785313e+03,7.772658296491672836e+00,-3.227176129728154592e+02,-3.158961434334828233e+00
1.178385416666666644e-02,-3.297561897509019218e+03,7.484108346294351399e+00,-3.269274731531771181e+02,-3.262693434075096821e+00
1.184895833333333287e-02,-3.253416554648006695e+03,7.427554760063093120e+00,-3.187267501608494058e+02,-3.352950767019398537e+00
1.191406249999999931e-02,-3.297112800403889196e+03,7.089339299940734307e+00,-3.209836877070027867e+02,-3.265781531090888645e+00
1.197916666666666574e-02,-3.343647486517690140e+03,7.329625538683632868e+00,-3.286186590773569947e+02,-3.333669921207033315e+00
1.204427083333333391e-02,-3.425298431343804168e+03,6.552026300253286806e+00,-3.374735772260403905e+02,-3.386363466076240947e+00
1.210937500000000035e-02,-3.365616816179033322e+03,6.756232637858590628e+00,-3.302726217632718431e+02,-3.427977395360163104e+00
1.217447916666666678e-02,-3.416026462605374945e+03,6.242826315251719826e+00,-3.393602383070904693e+02,-3.400589584731430914e+00
1.223958333333333322e-02,-3.423175524458470591e+03,5.849392479473118911e+00,-3.297776326443976131e+02,-3.343802334601515991e+00
1.230468749999999965e-02,-3.461331851116536654e+03,5.798481349920188599e+00,-3.245877153328247005e+02,-3.344676916286508650e+00
1.236979166666666609e-02,-3.375967030429293573e+03,5.373659086573875143e+00,-3.363849878023589213e+02,-3.408998439239601552e+00
1.243489583333333252e-02,-3.427297860134708571e+03,4.826265072690532065e+00,-3.357609144176014411e+02,-3.431009601134441755e+00
1.250000000000000069e-02,-3.365921555352096675e+03,5.248080308262276006e+00,-3.363433032507003873e+02,-3.416277593767105270e+00
1.256510416666666713e-02,-3.352847925639064670e+03,4.829069498481118217e+00,-3.444923444116413975e+02,-3.382558791227748607e+00
1.263020833333333356e-02,-3.377133220291108955e+03,4.842483580400506860e+00,-3.413736355408301506e+02,-3.380341333529724324e+00
1.269531250000000000e-02,-3.433433723687947804e+03,4.567678236674204584e+00,-3.349116334867520095e+02,-3.394443979117239607e+00
1.276041666666666644e-02,-3.333897474639588381e+03,4.187794694675406326e+00,-3.392493709730949831e+02,-3.322902506946529666e+00
1.282552083333333287e-02,-3.350049335780053752e+03,3.503050208267737275e+00,-3.356923779857608565e+02,-3.330897108565086473e+00
1.289062499999999931e-02,-3.370507592821438266e+03,4.341090400949774164e+00,-3.321355318582556038e+02,-3.356070340012512254e+00
1.295572916666666574e-02,-3.325521426684422750e+03,3.357282639959524140e+00,-3.312308984536628600e+02,-3.271433172070800754e+00
1.302083333333333391e-02,-3.223896325612852706e+03,3.451269216021139563e+00,-3.248832686364392544e+02,-3.282555483172895361e+00
1.308593750000000035e-02,-3.305034622617381501e+03,3.062690338450812177e+00,-3.321932827572768474e+02,-3.260792091449203678e+00
1.315104166666666678e-02,-3.271578961595108922e+03,3.080919600337030939e+00,-3.346927955803091663e+02,-3.272607900267403558e+00
1.321614583333333322e-02,-3.221095837019388455e+03,2.418280402855183198e+00,-3.194388071798642272e+02,-3.248040603222875689e+00
1.328124999999999965e-02,-3.221080819249071283e+03,3.014731228732133950e+00,-3.251385300701815027e+02,-3.177781731223390693e+00
1.334635416666666609e-02,-3.241068586430853429e+03,2.356620662610368289e+00,-3.174608469926442922e+02,-3.227175350457050396e+00
1.341145833333333252e-02,-3.141400504885706141e+03,2.043028653620675872e+00,-3.133245007565330411e+02,-3.171722375916972148e+00
1.347656249999999896e-02,-3.213781390990994169e+03,1.903292256905044777e+00,-3.246842742439769154e+02,-3.171157583431208238e+00
1.354166666666666713e-02,-3.121418767786048647e+03,1.890588473628464161e+00,-3.235176717391720445e+02,-3.075700572868005800e+00
1.360677083333333356e-02,-3.065120305257550626e+03,1.697407915925809752e+00,-3.141019935957142479e+02,-3.092949320026476823e+00
1.367187500000000000e-02,-3.036463358423443879e+03,1.414981263148124890e+00,-2.959865455276935222e+02,-3.130280979260132490e+00
1.373697916666666644e-02,-3.099394755808128139e+03,1.426713519854765577e+00,-2.987765664316829657e+02,-3.030950925158355957e+00
1.380208333333333287e-02,-3.025067150549478811e+03,1.583527981717445687e+00,-2.943020448564126355e+02,-2.952319515202602496e+00
1.386718749999999931e-02,-2.965337871516940140e+03,1.205105525758578322e+00,-2.887296485183128993e+02,-2.941063137071433520e+00
1.393229166666666574e-02,-2.895864921460301048e+03,9.602563251339980566e-01,-2.849863919787508166e+02,-2.914322259012751104e+00
1.399739583333333391e-02,-2.879243571639814036e+03,1.127003408861049216e+00,-2.814597617768595228e+02,-2.836234371324122705e+00
1.406250000000000035e-02,-2.857696272819936894e+03,6.152621251712300232e-01,-2.817776479411682544e+02,-2.820154498680800703e+00
1.412760416666666678e-02,-2.726036876125583603e+03,7.191846974677557069e-01,-2.841444302050030046e+02,-2.768945415554526779e+00
1.419270833333333322e-02,-2.758696295249464583e+03,4.714274979896110329e-01,-2.728270889704182309e+02,-2.726451931002552342e+00
1.425781249999999965e-02,-2.649145652168888773e+03,4.353746322139226410e-01,-2.696914283750662662e+02,-2.628799798683322031e+00
1.432291666666666609e-02,-2.623059004442545756e+03,7.187462233656543020e-01,-2.571763290189644522e+02,-2.645307712767500874e+00
1.438802083333333252e-02,-2.601486594246433015e+03,4.313057759721041773e-01,-2.561150736238362811e+02,-2.395380968770910446e+00
1.445312499999999896e-02,-2.554525758977250007e+03,1.242523782987028230e-02,-2.619529140078784053e+02,-2.438213524251439335e+00
1.451822916666666713e-02,-2.468408896362636824e+03,-8.382330370774644657e-02,-2.433255777983966937e+02,-2.515214675738595140e+00
1.458333333333333356e-02,-2.387926098325630392e+03,-3.480300610119302362e-01,-2.405415035683995484e+02,-2.460156249442085219e+00
1.464843750000000000e-02,-2.311117644030922747e+03,-1.845171524532814578e-01,-2.387377916865890484e+02,-2.368825170472900421e+00
1.471354166666666644e-02,-2.176451903667384158e+03,-5.837015937568063029e-01,-2.312460195982602045e+02,-2.250879404199822353e+00
1.477864583333333287e-02,-2.244878457903364506e+03,-2.359611780972867279e-01,-2.170363141368160029e+02,-2.194103674331802534e+00
1.484374999999999931e-02,-2.147577546217133659e+03,-4.508043908560943058e-01,-2.129184316538861026e+02,-2.079515719366114901e+00
1.490885416666666574e-02,-2.039867243214950349e+03,-5.007855936595305701e-01,-2.039691526239365089e+02,-2.069804042137709299e+00
1.497395833333333391e-02,-2.102668817501465583e+03,-7.389313329685128773e-01,-1.965053454683593372e+02,-2.114366432016852926e+00
1.503906250000000035e-02,-1.973607733220521595e+03,-5.070530696431473361e-01,-1.838762496371871862e+02,-1.976107633286311449e+00
1.510416666666666678e-02,-1.833961207525122518e+03,-7.867943399399752735e-01,-1.881836504028281638e+02,-1.892647578020044907e+00
1.516927083333333322e-02,-1.800340505083181142e+03,-6.476386103936736527e-01,-1.834339974350223486e+02,-1.799963874687133369e+00
1.523437499999999965e-02,-1.776958559917140064e+03,-1.005569215205969424e+00,-1.779099133057981703e+02,-1.835729392262605675e+00
1.529947916666666609e-02,-1.810915271184654102e+03,-8.967183098331563684e-01,-1.643119744341085493e+02,-1.607212017350651667e+00
1.536458333333333252e-02,-1.590777374249339573e+03,-7.874804272294070318e-01,-1.541969525345454315e+02,-1.583461954821680173e+00
1.542968749999999896e-02,-1.476217900824665321e+03,-3.020616144676950832e-01,-1.467592130744667429e+02,-1.550772489573958746e+00
1.549479166666666713e-02,-1.439606029367195333e+03,-8.514030809506524244e-01,-1.455115027813952793e+02,-1.458111536458935431e+00
1.555989583333333356e-02,-1.420000740055078268e+03,-5.507376481432395554e-01,-1.362246497357579074e+02,-1.363450790915134769e+00
1.562500000000000000e-02,-1.301859717982404845e+03,-8.029729555707592059e-01,-1.345119790689677188e+02,-1.247993026123549898e+00
1.569010416666666644e-02,-1.216618311097918195e+03,-1.328672915349138561e+00,-1.137364102212477519e+02,-1.257369629914522946e+00
1.575520833333333287e-02,-1.155878926974829028e+03,-5.375305397438053800e-01,-1.128128615489026032e+02,-1.052891484770992925e+00
1.582031249999999931e-02,-9.921781576398306015e+02,-1.241057268201091190e+00,-1.049712157930633936e+02,-1.091860990060255387e+00
1.588541666666666574e-02,-1.020101778022216422e+03,-1.076001060781011098e+00,-9.510303457234252278e+01,-9.728732992174066174e-01
1.595052083333333218e-02,-9.196889685466335322e+02,-8.101839052910883021e-01,-9.186961003135789383e+01,-9.188466781038546749e-01
1.601562499999999861e-02,-7.882084723317331054e+02,-5.861289311336983499e-01,-7.869544259332815273e+01,-7.796473002344069814e-01
1.608072916666666505e-02,-7.282623475648513249e+02,-4.424336991212934889e-01,-6.725156544178746287e+01,-7.533156154711191377e-01
1.614583333333333148e-02,-6.595139474051654815e+02,-7.096080857131170649e-01,-7.218907386356038103e+01,-6.233135880466718071e-01
1.621093750000000139e-02,-5.246258487370096191e+02,-9.726163725458725207e-01,-6.359839462124855913e+01,-5.416109493158066668e-01
1.627604166666666782e-02,-5.148388145886000302e+02,-6.035495131431829474e-01,-4.481796007231324808e+01,-4.897788176095059787e-01
1.634114583333333426e-02,-3.808303670425162863e+02,-7.320758337084121159e-01,-3.559123580118976093e+01,-4.339970032072082984e-01
1.640625000000000069e-02,-3.627111000113920340e+02,-6.235785486807692291e-01,-3.835694426347370012e+01,-3.362346984617433643e-01
1.647135416666666713e-02,-1.875272114315690999e+02,-5.412922222013112350e-01,-2.410885835441863634e+01,-2.433094485224702175e-01
1.653645833333333356e-02,-2.042854781585268427e+02,-2.098264888731553590e-01,-2.727894473411701171e+01,-1.529975640189188413e-01
1.660156250000000000e-02,-1.146439002087550421e+02,-1.987882199119349047e-01,-1.206141483086891064e+01,-6.577715630449812445e-02
1.666666666666666644e-02,6.999801747610544744e+00,-1.989467415496963820e-01,-8.672810905873230780e+00,-4.412941332711570880e-02
1.673177083333333287e-02,1.440739627419894191e+02,-8.248166543676205276e-02,1.357290628926035225e+01,4.518601497229514374e-02
1.679687499999999931e-02,2.269038322299995798e+02,1.883075365905625270e-02,1.381522197312064115e+01,2.023287134434429979e-01
1.686197916666666574e-02,2.522974452998170136e+02,3.049218287463474897e-01,3.230156680514782863e+01,2.982532128718770048e-01
1.692708333333333218e-02,2.483136312395914160e+02,5.132628679398278937e-01,2.712513007832847478e+01,3.199382410383626585e-01
1.699218749999999861e-02,4.658485071411328136e+02,1.356911182989228581e-01,4.666302576911296285e+01,3.666352812317935084e-01
1.705729166666666505e-02,4.534729666810746949e+02,3.029181601786975486e-01,4.607375844423155797e+01,3.937113761203453466e-01
1.712239583333333148e-02,6.026552527050160961e+02,1.029406195130895485e+00,4.897973568328723104e+01,5.750911721805139765e-01
1.718750000000000139e-02,6.265782602431510213e+02,6.897232395868063692e-01,6.149192451217756883e+01,5.812576322812248453e-01
1.725260416666666782e-02,7.804534770578447933e+02,8.648876952099598947e-01,6.955896874925856821e+01,6.279094237288250779e-01
1.731770833333333426e-02,8.444628410089197814e+02,1.070352278200882523e+00,8.228848761308927351e+01,7.844649646862409398e-01
1.738281250000000069e-02,9.521746804916879228e+02,8.125830212255039653e-01,7.864582672088343429e+01,9.311097135565719052e-01
1.744791666666666713e-02,1.057993427717508212e+03,1.428290992428140616e+00,8.636990721505918600e+01,9.222918858123381192e-01
1.751302083333333356e-02,1.020056733267171126e+03,1.739068707940042868e+00,9.869207272080913640e+01,1.046398992337078893e+00
1.757812500000000000e-02,1.164420368392255568e+03,1.617992055932311546e+00,1.119532100810363318e+02,1.048514857515622234e+00
1.764322916666666644e-02,1.127358002829342922e+03,1.828564284865441980e+00,1.285383819776585312e+02,1.171362320265100676e+00
1.770833333333333287e-02,1.391526400437909615e+03,2.119768151990473637e+00,1.261588456508800391e+02,1.341254398151617400e+00
1.777343749999999931e-02,1.370685131952833899e+03,1.883985373847783862e+00,1.299813856621965726e+02,1.235700510797006046e+00
1.783854166666666574e-02,1.429107614285645923e+03,2.232817484793424345e+00,1.435391703537975729e+02,1.371107186344969753e+00
1.790364583333333218e-02,1.511180883350205704e+03,2.590938625496848946e+00,1.495240657199539100e+02,1.468529092639728084e+00
1.796874999999999861e-02,1.608493791740896540e+03,2.711354354085667939e+00,1.489648773143048004e+02,1.457322644066343820e+00
1.803385416666666505e-02,1.689866267732203823e+03,2.689577942800711163e+00,1.712922613297126873e+02,1.662388689863937730e+00
1.809895833333333148e-02,1.710375141374986470e+03,3.047510138200506091e+00,1.793987489455276148e+02,1.769896321478754642e+00
1.816406250000000139e-02,1.867489091450463548e+03,3.258815166088270932e+00,1.769152498688720243e+02,1.792342987785206176e+00
1.822916666666666782e-02,1.908728183992729782e+03,3.367681469606529809e+00,1.898368457907760387e+02,1.874529822486935560e+00
1.829427083333333426e-02,1.885702173628620585e+03,3.532679745665894266e+00,1.888859292956745151e+02,1.935586378663222806e+00
1.835937500000000069e-02,1.980356344480532016e+03,3.511431625124035172e+00,1.955837982131823480e+02,1.951012170035460569e+00
1.842447916666666713e-02,2.087328744995842953e+03,3.670327438203421888e+00,2.021702927105847891e+02,2.027333959721684398e+00
1.848958333333333356e-02,2.124179307443489051e+03,4.203228055212735015e+00,2.123600416535734325e+02,2.167013412972281117e+00
1.855468750000000000e-02,2.135480753822333554e+03,4.745688925185567619e+00,2.131549077017618856e+02,2.242137009362091593e+00
1.861979166666666644e-02,2.314971591448236722e+03,4.469206002996831906e+00,2.281147878938252802e+02,2.203504478982694526e+00
1.868489583333333287e-02,2.341008311522935855e+03,4.607359522593007739e+00,2.243848407457265921e+02,2.262603083653019098e+00
1.874999999999999931e-02,2.485910609900514373e+03,5.096371013678768769e+00,2.389072924856297959e+02,2.365057673871851396e+00
1.881510416666666574e-02,2.458299179653665306e+03,5.446944050764979117e+00,2.457244215443348310e+02,2.470044624086945806e+00
1.888020833333333218e-02,2.537039616430255137e+03,5.790949453008816583e+00,2.497767914656002120e+02,2.425858101701563463e+00
1.894531249999999861e-02,2.578221990660869778e+03,6.197822796086294161e+00,2.493958803934722539e+02,2.593407317389779809e+00
1.901041666666666505e-02,2.670740057938305199e+03,5.954518505870119327e+00,2.543399805311259740e+02,2.580427242750551464e+00
1.907552083333333148e-02,2.550956845885758412e+03,6.252436113091972558e+00,2.672500466326006290e+02,2.586019402971285075e+00
1.914062500000000139e-02,2.728587676214027852e+03,6.717538322751473778e+00,2.606042071833498426e+02,2.684402968985681426e+00
1.920572916666666782e-02,2.762551031151490861e+03,6.612719449266846183e+00,2.745129023792667340e+02,2.685637276882140156e+00
1.927083333333333426e-02,2.807181839322900032e+03,6.921369903560457892e+00,2.791854991843795801e+02,2.772260927817702836e+00
1.933593750000000069e-02,2.911184055989470380e+03,6.404354745661660964e+00,2.881215122300344547e+02,2.776751732961810326e+00
1.940104166666666713e-02,2.934553091207675152e+03,7.302654472696040067e+00,2.780084262057613387e+02,2.869710715060433959e+00
1.946614583333333356e-02,2.966218047947902505e+03,7.437627162380911372e+00,2.876193169822345794e+02,2.892692916687163329e+00
1.953125000000000000e-02,2.965688161428286548e+03,7.934461762979885258e+00,2.888206544496539436e+02,2.995442497749754462e+00
1.959635416666666644e-02,3.022459390557011830e+03,8.186532447103164856e+00,2.968891922333305615e+02,2.921152897075047772e+00
1.966145833333333287e-02,3.093193699499956438e+03,8.214559430833482168e+00,3.061569880852871961e+02,2.999492456976787569e+00
1.972656249999999931e-02,3.110147556088025340e+03,8.751024137045282814e+00,3.063676021373227627e+02,3.035428048035704762e+00
1.979166666666666574e-02,3.126218340322724544e+03,8.495508514972822667e+00,3.043408314847460474e+02,3.091716999739305916e+00
1.985677083333333218e-02,3.264017831986817782e+03,8.780260904439423086e+00,3.148636826242761231e+02,3.122041676708532165e+00
1.992187499999999861e-02,3.248225623730448660e+03,9.003600801626394201e+00,3.188343332464712034e+02,3.172313959284669860e+00
1.998697916666666505e-02,3.197636535450033080e+03,9.643143795413509523e+00,3.095735339953438370e+02,3.214336671800851697e+00
2.005208333333333148e-02,3.173355768395414998e+03,9.841384232166369372e+00,3.188828969376190798e+02,3.181729633478507235e+00
2.011718750000000139e-02,3.270338166992165498e+03,9.463190247352569529e+00,3.156299558646478545e+02,3.230393339167150657e+00
2.018229166666666782e-02,3.231446224096494461e+03,1.021880659180518336e+01,3.340500477375883861e+02,3.219338757797495898e+00
2.024739583333333426e-02,3.273121245606048888e+03,1.055432216434809867e+01,3.234400507954126738e+02,3.170066402567342401e+00
2.031250000000000069e-02,3.382764770646718262e+03,1.046865182756641843e+01,3.286447004779951158e+02,3.268544915306832443e+00
2.037760416666666713e-02,3.322727324794144806e+03,1.078077355682783178e+01,3.331595265223715501e+02,3.397821290580990361e+00
2.044270833333333356e-02,3.339438021687935816e+03,1.080930936723777513e+01,3.325105500701536698e+02,3.239705125724343215e+00
2.050781250000000000e-02,3.510238795111154559e+03,1.147366402528021823e+01,3.276584905423389387e+02,3.252140334593967896e+00
2.057291666666666644e-02,3.387713554987331463e+03,1.127587839386888113e+01,3.339515059777723991e+02,3.226499475878020107e+00
2.063802083333333287e-02,3.386133767240455199e+03,1.168484561913579611e+01,3.333446696052193943e+02,3.417570670015080303e+00
2.070312499999999931e-02,3.353460480726505921e+03,1.228481438037115758e+01,3.380786886056139906e+02,3.378365788425078620e+00
2.076822916666666574e-02,3.367137699271234851e+03,1.225542150548358933e+01,3.346907794919284242e+02,3.351667389987314394e+00
2.083333333333333218e-02,3.441259653631689162e+03,1.252345940946076475e+01,3.294237402412612141e+02,3.287031015710910165e+00
2.089843749999999861e-02,3.361954410182321681e+03,1.256538607088196358e+01,3.340909576510270540e+02,3.378081962030343721e+00
2.096354166666666505e-02,3.442768466083819476e+03,1.244539033361195379e+01,3.305851854605186873e+02,3.387715764993705747e+00
2.102864583333333148e-02,3.410850057641655440e+03,1.302343775388607305e+01,3.361663288497217081e+02,3.357551817113476833e+00
2.109375000000000139e-02,3.448360395565359340e+03,1.334862117576053997e+01,3.302367958561470687e+02,3.377900617479658862e+00
2.115885416666666782e-02,3.420183180811231978e+03,1.358531085517970816e+01,3.300164380639909609e+02,3.234044920891664621e+00
2.122395833333333426e-02,3.388355118958407729e+03,1.380905975098719907e+01,3.303360587567745483e+02,3.339360706450817950e+00
2.128906250000000069e-02,3.278052797066223775e+03,1.371815365573319667e+01,3.321877174478092911e+02,3.186878645258987675e+00
2.135416666666666713e-02,3.370234192740682374e+03,1.403502670792752838e+01,3.252984185116438312e+02,3.365131949003242973e+00
2.141927083333333356e-02,3.301613254098372181e+03,1.452047449002814261e+01,3.276047302095067835e+02,3.266635142407586567e+00
2.148437500000000000e-02,3.317831365104231281e+03,1.431018947434652056e+01,3.259306157684961249e+02,3.192679304803403895e+00
2.154947916666666644e-02,3.338719839931540719e+03,1.491282563277422568e+01,3.246549208758855229e+02,3.215647445617491940e+00
2.161458333333333287e-02,3.253705766777981808e+03,1.497250167833302292e+01,3.247458076149827662e+02,3.162549415665797170e+00
2.167968749999999931e-02,3.229859386920759789e+03,1.511654820030532598e+01,3.138953153215322800e+02,3.199561705713050763e+00
2.174479166666666574e-02,3.138396704263461743e+03,1.504376494057546410e+01,3.090852594583150790e+02,3.165370540061900329e+00
2.180989583333333218e-02,3.235187309778401413e+03,1.532533055365446728e+01,3.089156920382321800e+02,3.120049301361299765e+00
2.187499999999999861e-02,3.199930884365133352e+03,1.552717774342458767e+01,3.086806435393530137e+02,3.079200429683992990e+00
2.194010416666666505e-02,3.145055908753693529e+03,1.567680738572133770e+01,3.026918295298332282e+02,3.105518411658582778e+00
2.200520833333333148e-02,3.137078045884798030e+03,1.599744281735601525e+01,2.978755322693462517e+02,2.991886058059328946e+00
2.207031250000000139e-02,2.988614538176190308e+03,1.590318985719761535e+01,3.016671150549220215e+02,2.957995141157924834e+00
2.213541666666666782e-02,2.983548848398817427e+03,1.611376815971181387e+01,3.026010288615686363e+02,2.962837333847851085e+00
2.220052083333333426e-02,2.948651000962370290e+03,1.600196067489312668e+01,2.861408692611835249e+02,2.927954638290833245e+00
2.226562500000000069e-02,2.840427008438381563e+03,1.581235234293763625e+01,2.855849217748981914e+02,2.953673533284309816e+00
2.233072916666666713e-02,2.890818505561582242e+03,1.675796196679126737e+01,2.942362159986020629e+02,2.869038113504930987e+00
2.239583333333333356e-02,2.793747297922144753e+03,1.699522861353759495e+01,2.795863514281950302e+02,2.837033518888175010e+00
2.246093750000000000e-02,2.803978842064569108e+03,1.695998763669147280e+01,2.751609868607164344e+02,2.718432408421326052e+00
2.252604166666666644e-02,2.715326598413470037e+03,1.691936053595653888e+01,2.699213425102182100e+02,2.706121342590049217e+00
2.259114583333333287e-02,2.652990711019299397e+03,1.696801400920340797e+01,2.624606775878331746e+02,2.602043258286643734e+00
2.265624999999999931e-02,2.650564710585483226e+03,1.700793137034052194e+01,2.643660139107710165e+02,2.604901060967438120e+00
2.272135416666666574e-02,2.573987625154589750e+03,1.749627392205591647e+01,2.504114778689723266e+02,2.527069670681350022e+00
2.278645833333333218e-02,2.534007696317117279e+03,1.790895711081991593e+01,2.477256121101294752e+02,2.478471235150990104e+00
2.285156249999999861e-02,2.447715807059584677e+03,1.738490740913575650e+01,2.441198463801664786e+02,2.455181321955907769e+00
2.291666666666666505e-02,2.473606305683750179e+03,1.736146817784795360e+01,2.446298052052185881e+02,2.353949753443843385e+00
2.298177083333333148e-02,2.339396150913187739e+03,1.744063727923402141e+01,2.259771697098915979e+02,2.320301361694631304e+00
2.304687500000000139e-02,2.321469617884275522e+03,1.755524386891412547e+01,2.208833001468009343e+02,2.174803670479016127e+00
2.311197916666666782e-02,2.210577973576331260e+03,1.821247447304722300e+01,2.232314110928026025e+02,2.220150051877638031e+00
2.317708333333333426e-02,2.169013721394604090e+03,1.775755976174842132e+01,2.129361606924680643e+02,2.094593093039401666e+00
2.324218750000000069e-02,2.122893759933575893e+03,1.815275100749843062e+01,2.017939293998455241e+02,1.988285998498235507e+00
2.330729166666666713e-02,2.097660861938612470e+03,1.830685206916506047e+01,2.016658220522307943e+02,1.979787261984777835e+00
2.337239583333333356e-02,1.890889568756485232e+03,1.830057239632064991e+01,1.892812699708649404e+02,1.950251663949789771e+00
2.343750000000000000e-02,1.819987016318738370e+03,1.841933403562222082e+01,1.936670421225606162e+02,1.850499667505359325e+00
2.350260416666666644e-02,1.832409818463645934e+03,1.789496431421256162e+01,1.839084337385991148e+02,1.810657941212285849e+00
2.356770833333333287e-02,1.690916554470545861e+03,1.804155952432724419e+01,1.672409640008519034e+02,1.811858850033460033e+00
2.363281249999999931e-02,1.566116912385941532e+03,1.851190269318064097e+01,1.645983165367339041e+02,1.590968700713992101e+00
2.369791666666666574e-02,1.595924240474126464e+03,1.834090608097552177e+01,1.621101442312055383e+02,1.558332597874877434e+00
2.376302083333333218e-02,1.518391015063517898e+03,1.830425964871837508e+01,1.446154589593826358e+02,1.521216852168453926e+00
2.382812499999999861e-02,1.455563842517962939e+03,1.864582694227980753e+01,1.473083263329749570e+02,1.490301451030403346e+00
2.389322916666666505e-02,1.437659586672898968e+03,1.839723191615514963e+01,1.391254306898173638e+02,1.425459197757286356e+00
2.395833333333333148e-02,1.269602702324022857e+03,1.825715597513654131e+01,1.174818917585118072e+02,1.202503847843183316e+00
2.402343750000000139e-02,1.246192764615543410e+03,1.806474898168001175e+01,1.209657805097005081e+02,1.217503444703577520e+00
2.408854166666666782e-02,1.191953155689434197e+03,1.842076952431005310e+01,1.096272695426680315e+02,1.129011150023698784e+00
2.415364583333333426e-02,1.056664395006673431e+03,1.835657140851983016e+01,1.111700399004727160e+02,1.029349045270891772e+00
2.421875000000000069e-02,9.487929463987138661e+02,1.853234119722434059e+01,1.014598070618420138e+02,9.732978002661410999e-01
2.428385416666666713e-02,9.046796680259349159e+02,1.806934124480699566e+01,8.476461649913045449e+01,9.464871825620632118e-01
2.434895833333333356e-02,8.568521217427407919e+02,1.803209177872813029e+01,8.035102232102344999e+01,8.619409003521880663e-01
2.441406250000000000e-02,7.008090567685137557e+02,1.817083623116250024e+01,7.493283349357203349e+01,7.141918285077277773e-01
2.447916666666666644e-02,6.217488571885278361e+02,1.795342214910358791e+01,5.911341331491917828e+01,7.523736078300208296e-01
2.454427083333333287e-02,5.960062230016128524e+02,1.786854814782880396e+01,5.600357440344428994e+01,5.560024730557094896e-01
2.460937499999999931e-02,4.949271135692417261e+02,1.800951198862601643e+01,4.693084794062687592e+01,5.938919171190351065e-01
2.467447916666666574e-02,3.621262199190606452e+02,1.761819135183119656e+01,4.100467668637462282e+01,4.537641964369899528e-01
2.473958333333333218e-02,3.048596084055418487e+02,1.784483929517278966e+01,2.739606421630987043e+01,2.645374797468219574e-01
2.480468749999999861e-02,3.363260858618972406e+02,1.787195975250441649e+01,2.092205609423168511e+01,2.724435034231357800e-01
2.486979166666666505e-02,1.260202118044841484e+02,1.761431386085957485e+01,1.326591902342883422e+01,1.533313652377487624e-01
2.493489583333333148e-02,5.209219811733177607e+01,1.764707192287576021e+01,4.905470613826480530e+00,6.098975160808484119e-02
2.500000000000000139e-02,-4.553780794931726916e+01,1.729984127653008130e+01,7.273550489994620172e-01,-4.746505133185327518e-02
2.506510416666666782e-02,8.524884321803824605e+00,1.722886052828906500e+01,-1.335690239633025556e+01,-3.930078530435992396e-02
2.513020833333333426e-02,-1.014473313070021447e+02,1.788251576238936380e+01,-1.094580214167584487e+01,-1.303575935201814195e-01
2.519531250000000069e-02,-1.784187423339802763e+02,1.748593893426775381e+01,-2.243439525230692055e+01,-2.524118767787262296e-01
2.526041666666666713e-02,-2.949375720297177850e+02,1.668998994378392808e+01,-3.310605658617383540e+01,-2.704717231855895965e-01
2.532552083333333356e-02,-3.838063036240400834e+02,1.694603407907660753e+01,-4.278704498713354809e+01,-4.253390957443128340e-01
2.539062500000000000e-02,-5.510983958725574894e+02,1.710802929997927535e+01,-4.590928052720092722e+01,-3.860715492010187710e-01
2.545572916666666644e-02,-6.190639342641554776e+02,1.700433974992077779e+01,-5.291403203466779814e+01,-5.698466322622013358e-01
2.552083333333333287e-02,-6.632512441057920114e+02,1.672580824089283169e+01,-7.002830228198021700e+01,-6.150967850619063482e-01
2.558593749999999931e-02,-6.961400380119772535e+02,1.692542914799837206e+01,-7.629201829724037509e+01,-7.789274710070090979e-01
2.565104166666666574e-02,-7.927236298331999933e+02,1.666115438100991142e+01,-8.652315823092828850e+01,-7.655728493441642524e-01
2.571614583333333218e-02,-9.441915868107105325e+02,1.642134132783996137e+01,-8.555014084073036429e+01,-8.922224490041955614e-01
2.578124999999999861e-02,-9.387436418138470344e+02,1.612900959636482412e+01,-9.353902999714146915e+01,-1.053697857895084633e+00
2.584635416666666505e-02,-1.087033045824238116e+03,1.615630093576554671e+01,-1.088912339798145865e+02,-9.818072932920807183e-01
2.591145833333333148e-02,-1.144841712174582881e+03,1.579281620058041646e+01,-1.158789872226235076e+02,-1.071035619293141394e+00
2.597656249999999792e-02,-1.254235720073631683e+03,1.640474143725986877e+01,-1.155272493172114423e+02,-1.189439468049847681e+00
2.604166666666666782e-02,-1.265958069267636802e+03,1.569062774711930430e+01,-1.223319428728618448e+02,-1.284893327896760473e+00
2.610677083333333426e-02,-1.394102222417929170e+03,1.528148976595997155e+01,-1.398077183764212066e+02,-1.323089277520800078e+00
2.617187500000000069e-02,-1.497264243214424596e+03,1.530707021047065197e+01,-1.364097323540073887e+02,-1.390574506543035493e+00
2.623697916666666713e-02,-1.483621642544818087e+03,1.488450758785017669e+01,-1.590478475149267865e+02,-1.513352733609063527e+00
2.630208333333333356e-02,-1.581766033042232266e+03,1.506039038779916872e+01,-1.611469865998623163e+02,-1.583087024289949740e+00
2.636718750000000000e-02,-1.658912917409290912e+03,1.423443034723442580e+01,-1.722982203157292247e+02,-1.691654489221701363e+00
2.643229166666666644e-02,-1.784636746322972840e+03,1.470418685901947775e+01,-1.697472210752316926e+02,-1.693965895500302743e+00
2.649739583333333287e-02,-1.852581569740372515e+03,1.423961133195508211e+01,-1.840908222937642904e+02,-1.735352809669874707e+00
2.656249999999999931e-02,-1.884690942768263994e+03,1.368716899231706208e+01,-1.859830325829634887e+02,-1.842718287211331019e+00
2.662760416666666574e-02,-1.968252290116391123e+03,1.391309012030955650e+01,-1.996224682588345729e+02,-1.940356295067915848e+00
2.669270833333333218e-02,-2.083077653864643253e+03,1.351904498089457363e+01,-2.023639739982324670e+02,-2.039160748554773583e+00
2.675781249999999861e-02,-2.124818720290580131e+03,1.349044086551907640e+01,-2.145525722949303145e+02,-2.059227932224156454e+00
2.682291666666666505e-02,-2.057272923298200112e+03,1.331675743004397106e+01,-2.203843476888735609e+02,-2.107158432958986971e+00
2.688802083333333148e-02,-2.217385198037827195e+03,1.300509262464534643e+01,-2.162049118664386640e+02,-2.176945517823873022e+00
2.695312499999999792e-02,-2.277478894247175504e+03,1.272029880697504112e+01,-2.314629836514226895e+02,-2.291727855373857370e+00
2.701822916666666782e-02,-2.330989067113997862e+03,1.249724123298250866e+01,-2.276254574432941808e+02,-2.241521092994857245e+00
2.708333333333333426e-02,-2.435762187064147383e+03,1.238127173770071821e+01,-2.376954830992542327e+02,-2.318630944279230555e+00
2.714843750000000069e-02,-2.541142326705644791e+03,1.235549059402042715e+01,-2.483953394786527724e+02,-2.426024248998087440e+00
2.721354166666666713e-02,-2.539731250334116794e+03,1.182174716644987988e+01,-2.483331395206351146e+02,-2.485827781718401575e+00
2.727864583333333356e-02,-2.532522568528749161e+03,1.171967059337232619e+01,-2.455504377673490239e+02,-2.540214740314160835e+00
2.734375000000000000e-02,-2.640712479656195228e+03,1.176251362391049149e+01,-2.655744195129393006e+02,-2.562641412376562400e+00
2.740885416666666644e-02,-2.663297200533566411e+03,1.108385405465219620e+01,-2.639570242079716991e+02,-2.758132898182441117e+00
2.747395833333333287e-02,-2.713079798911189755e+03,1.119110959528491733e+01,-2.698288462875698315e+02,-2.696019363425940618e+00
2.753906249999999931e-02,-2.864404723185919465e+03,1.059254627070182408e+01,-2.738376985033398228e+02,-2.602478315315614577e+00
2.760416666666666574e-02,-2.758669915784068962e+03,1.098974330139915878e+01,-2.854286042287889700e+02,-2.763173464949881364e+00
2.766927083333333218e-02,-2.819774863356420155e+03,1.030627051047295950e+01,-2.874002863997874329e+02,-2.817516583812008424e+00
2.773437499999999861e-02,-2.989384198004353948e+03,9.779081768617311710e+00,-2.914136462755188859e+02,-2.811603319112058408e+00
2.779947916666666505e-02,-3.014775962624400563e+03,9.783029253244622581e+00,-2.870001762420604905e+02,-2.884618570545349758e+00
2.786458333333333148e-02,-3.025036876952988223e+03,9.665758023656433551e+00,-3.022191275102940153e+02,-2.893884325118585288e+00
2.792968749999999792e-02,-2.982617391372154543e+03,9.390293207178768142e+00,-2.994209697521512794e+02,-3.009539018158288837e+00
2.799479166666666782e-02,-3.160299067924499923e+03,8.641189044231813554e+00,-3.054812268565182194e+02,-3.084042645785317838e+00
2.805989583333333426e-02,-3.020049840459072584e+03,8.738148983720742891e+00,-3.012761422993696101e+02,-3.170846845664635705e+00
2.812500000000000069e-02,-3.125097198210156421e+03,8.892245504230618991e+00,-3.180564591858884569e+02,-3.045612952263301310e+00
2.819010416666666713e-02,-3.205531726770946534e+03,8.349430712577682101e+00,-3.064444929427937723e+02,-3.089259714125468737e+00
2.825520833333333356e-02,-3.277292732005131256e+03,8.281967607882146254e+00,-3.079936221101040132e+02,-3.210516042916213397e+00
2.832031250000000000e-02,-3.239730505397310026e+03,7.842974208019038329e+00,-3.190353318458258514e+02,-3.185592701046704889e+00
2.838541666666666644e-02,-3.199169762267170881e+03,7.626308458010090163e+00,-3.197414179546631203e+02,-3.167002289377826685e+00
2.845052083333333287e-02,-3.274588483761120187e+03,7.520388841144456826e+00,-3.168337651961820711e+02,-3.243259576970614511e+00
2.851562499999999931e-02,-3.337025955320502362e+03,7.240971420038071926e+00,-3.283248274292507176e+02,-3.284606243877934428e+00
2.858072916666666574e-02,-3.330687988145138206e+03,6.977492020862454680e+00,-3.238612673343819779e+02,-3.329445404415514620e+00
2.864583333333333218e-02,-3.305698890680760087e+03,6.598077455052537843e+00,-3.339319805200325391e+02,-3.242553352778856812e+00
2.871093749999999861e-02,-3.329249293919918728e+03,6.816988026348648866e+00,-3.327098297175574544e+02,-3.292665878004236379e+00
2.877604166666666505e-02,-3.417027745423928536e+03,6.553660477932906403e+00,-3.266259401614805711e+02,-3.302112770314907131e+00
2.884114583333333148e-02,-3.300631184105666307e+03,5.948709971561029874e+00,-3.363357375045752065e+02,-3.329034569962367129e+00
2.890624999999999792e-02,-3.403086617863671108e+03,6.087876865516180125e+00,-3.290978754086548861e+02,-3.403277137970005306e+00
2.897135416666666782e-02,-3.432751872018229278e+03,5.648323512072010111e+00,-3.369774195127868097e+02,-3.373195344148172126e+00
2.903645833333333426e-02,-3.429309451545837874e+03,5.347028277010609898e+00,-3.341295545857745424e+02,-3.391657847870967579e+00
2.910156250000000069e-02,-3.326604872343704756e+03,5.301580848094800125e+00,-3.274494555974902710e+02,-3.375878001912813620e+00
2.916666666666666713e-02,-3.396874216560468085e+03,5.206815172384169799e+00,-3.356426467473328330e+02,-3.343714767615705963e+00
2.923177083333333356e-02,-3.385603705513369277e+03,4.851987920251715103e+00,-3.386586215393483599e+02,-3.325958072927579945e+00
2.929687500000000000e-02,-3.409795229996095713e+03,4.355793319394253515e+00,-3.350749546694939340e+02,-3.344116301339366437e+00
2.936197916666666644e-02,-3.259614724658192699e+03,4.173338095677631365e+00,-3.415824068110219969e+02,-3.343166041940039079e+00
2.942708333333333287e-02,-3.396774070029691757e+03,4.640275925346330155e+00,-3.344231021712886900e+02,-3.252866680777465103e+00
2.949218749999999931e-02,-3.340211244275230911e+03,3.857078187237801270e+00,-3.288651987081734092e+02,-3.375699836760439165e+00
2.955729166666666574e-02,-3.331227001659160578e+03,3.173661658537001440e+00,-3.446532980761680847e+02,-3.343699728440640673e+00
2.962239583333333218e-02,-3.323388982111466248e+03,3.111134290227468568e+00,-3.266779762938410272e+02,-3.272927792033408778e+00
2.968749999999999861e-02,-3.314735938677948980e+03,3.387944887057280141e+00,-3.368746396478629208e+02,-3.255117487819830124e+00
2.975260416666666505e-02,-3.314426733503456035e+03,3.019103235136496810e+00,-3.293803869607962724e+02,-3.298479109620010785e+00
2.981770833333333148e-02,-3.243622522477299754e+03,2.767824704646642875e+00,-3.176125060390487533e+02,-3.282260735608808933e+00
2.988281249999999792e-02,-3.287926368013696447e+03,2.584345822579267704e+00,-3.202473454734023903e+02,-3.306783152779407597e+00
2.994791666666666782e-02,-3.255408737697659035e+03,2.537365702936932532e+00,-3.214685701629376808e+02,-3.174724661777711621e+00
3.001302083333333426e-02,-3.182200769659205889e+03,1.827568076618514503e+00,-3.246020997123256961e+02,-3.210599991708134926e+00
3.007812500000000069e-02,-3.035391394743963701e+03,2.093066401485544681e+00,-3.218872162760583819e+02,-3.093376426399180978e+00
3.014322916666666713e-02,-3.190539866816443919e+03,2.166735285106352382e+00,-3.078419446950221641e+02,-3.175691374058535743e+00
3.020833333333333356e-02,-3.134884245110400116e+03,1.840632578564738608e+00,-3.159999481076829966e+02,-3.092430255487946145e+00
3.027343750000000000e-02,-3.155031871686260729e+03,1.769597239048376069e+00,-3.017438327553777526e+02,-3.101217707655318012e+00
3.033854166666666644e-02,-3.038077252795119875e+03,1.935450416406580221e+00,-2.966361285990649321e+02,-3.120336489227871102e+00
3.040364583333333287e-02,-3.088844926719749310e+03,1.272244117663603236e+00,-2.979410745484800600e+02,-3.008399162384993719e+00
3.046874999999999931e-02,-2.947678763114756748e+03,1.266308574965444356e+00,-2.906133011582465997e+02,-2.888414166693464846e+00
3.053385416666666574e-02,-2.966507568115488993e+03,1.117432024034619831e+00,-2.995693436765099023e+02,-2.887214290292041685e+00
3.059895833333333218e-02,-2.937762075182935860e+03,8.489361677173959952e-01,-2.977895048167048913e+02,-2.844392929813588378e+00
3.066406249999999861e-02,-2.908559705874193241e+03,1.027408324805649587e+00,-2.737711508808473013e+02,-2.801790381096056493e+00
3.072916666666666505e-02,-2.796827818332367769e+03,8.042160361346419872e-01,-2.780298048966438955e+02,-2.798229497973101942e+00
3.079427083333333148e-02,-2.783340117447339708e+03,3.392153184147320144e-01,-2.659826181985691846e+02,-2.658416736019693083e+00
3.085937499999999792e-02,-2.702534856212315390e+03,3.043784474675635954e-01,-2.758681116159959288e+02,-2.774522341473959042e+00
3.092447916666666782e-02,-2.679768648297855634e+03,5.138108130234289028e-01,-2.736473202644027651e+02,-2.729664013442517856e+00
3.098958333333333426e-02,-2.658894962889494309e+03,2.218225964330756139e-01,-2.648051213187225699e+02,-2.511946712059721865e+00
3.105468750000000069e-02,-2.543116599047200452e+03,-1.313185528993943835e-02,-2.571017618870062051e+02,-2.514607143651790278e+00
3.111979166666666713e-02,-2.544794279828620347e+03,-6.030472778580436150e-02,-2.515996236128287364e+02,-2.542796781468770195e+00
3.118489583333333356e-02,-2.435034229494367992e+03,-2.287969829547529810e-01,-2.479434855544100174e+02,-2.425886280980409371e+00
3.125000000000000000e-02,-2.339421698724216185e+03,-2.583258925571744746e-01,-2.360835083808921695e+02,-2.384774812220835205e+00
3.131510416666666297e-02,-2.399980746980821550e+03,-5.888277241704062970e-01,-2.321162770396068993e+02,-2.310604981276521919e+00
3.138020833333333287e-02,-2.293907173703831631e+03,-3.106558034863185491e-01,-2.286495797509786030e+02,-2.247255426743203888e+00
3.144531250000000278e-02,-2.261845457713519863e+03,-6.226858787590598965e-01,-2.269572063820531866e+02,-2.211130031398832241e+00
3.151041666666666574e-02,-2.178489752669154313e+03,-7.157275459079424085e-01,-2.131741194672113977e+02,-2.204425603292443192e+00
3.157552083333333565e-02,-2.063421170413055279e+03,-3.249423897850480802e-01,-2.111472903296762240e+02,-2.035010678778537141e+00
3.164062499999999861e-02,-1.981688320697583094e+03,-6.198011079807143053e-01,-2.047468429563355414e+02,-2.067858489083318041e+00
3.170572916666666852e-02,-1.950134802403406184e+03,-7.635085069629253818e-01,-1.924040724943273517e+02,-1.888292681736914114e+00
3.177083333333333148e-02,-1.897878697143261434e+03,-1.309584435960893245e+00,-1.935346238160074677e+02,-1.798329814002424420e+00
3.183593750000000139e-02,-1.890525800971079889e+03,-7.193001201972939462e-01,-1.875661883728257067e+02,-1.814066699502902447e+00
3.190104166666666435e-02,-1.712185835653623144e+03,-6.766518670370844646e-01,-1.693512960432451280e+02,-1.817201931936170523e+00
3.196614583333333426e-02,-1.775841349283030013e+03,-4.953635166486881070e-01,-1.707466639480008439e+02,-1.640870874710562699e+00
3.203124999999999722e-02,-1.701389697020970743e+03,-1.098458652747157149e+00,-1.628769143161500779e+02,-1.627279844855489932e+00
3.209635416666666713e-02,-1.544961857915759992e+03,-9.896144857440690723e-01,-1.545885522890431218e+02,-1.608686461913807708e+00
3.216145833333333010e-02,-1.414458805779923296e+03,-1.138035350189552375e+00,-1.440488456860142890e+02,-1.380536625045567067e+00
3.222656250000000000e-02,-1.418308168944763793e+03,-7.278219857301561069e-01,-1.415660928526289410e+02,-1.309428273644481999e+00
3.229166666666666297e-02,-1.290557775218557026e+03,-1.017659400689399751e+00,-1.288605467591546301e+02,-1.325409765952976215e+00
3.235677083333333287e-02,-1.288650570657521712e+03,-1.123645064443992814e+00,-1.276928875593611536e+02,-1.287256278064765169e+00
3.242187500000000278e-02,-1.090849019783059248e+03,-1.187596116533145674e+00,-1.164933399754997652e+02,-1.078961620472334237e+00
3.248697916666666574e-02,-1.015345039252266702e+03,-1.145416429777089906e+00,-1.013363890607922997e+02,-1.068718485783172856e+00
3.255208333333333565e-02,-1.048534465776034722e+03,-8.141857547761556235e-01,-9.475354349585144575e+01,-8.890342594093741946e-01
3.261718749999999861e-02,-8.477040966207470092e+02,-7.817291914721054003e-01,-8.564772887366574139e+01,-8.549096616837732476e-01
3.268229166666666852e-02,-9.017894388338113458e+02,-1.030349317253895558e+00,-8.885785400447564086e+01,-8.781219719363978493e-01
3.274739583333333148e-02,-6.481436739912903704e+02,-9.885365617734486188e-01,-7.153376302298376288e+01,-7.625744203285252931e-01
3.281250000000000139e-02,-6.455350554002437775e+02,-1.145898807265563590e+00,-6.533373301672155264e+01,-6.427097955807069551e-01
3.287760416666666435e-02,-6.279321910546899517e+02,-6.094228200632407777e-01,-6.147306769927773473e+01,-7.062225394316258287e-01
3.294270833333333426e-02,-5.083974035920883239e+02,-6.112048617390697380e-01,-5.506525176781180875e+01,-4.073030081241787448e-01
3.300781249999999722e-02,-3.981857373049392663e+02,-6.535598664225075183e-01,-4.416777389391737074e+01,-4.744420926176011744e-01
3.307291666666666713e-02,-4.066830459360407986e+02,-6.261506483040316651e-01,-3.571684456769565941e+01,-3.681798704937513933e-01
3.313802083333333010e-02,-2.105401544335633730e+02,-6.212538691731331886e-01,-2.633641801164420926e+01,-2.650398578274210659e-01
3.320312500000000000e-02,-1.919484937468286603e+02,-3.300671426770793726e-01,-1.173312623658028642e+01,-1.533106237356703927e-01
3.326822916666666297e-02,-1.117514765608667062e+02,-6.228330017832410803e-01,-6.633653510332708336e+00,-5.803740202362509676e-02
3.333333333333333287e-02,2.104820330329318523e+01,-4.126552045405600389e-01,-3.792706330181737417e+00,-4.022737993163637976e-02
3.339843750000000278e-02,1.081511463909909878e+02,-2.219422915800031704e-01,2.902244621733072183e+00,7.508117069684488998e-02
3.346354166666666574e-02,1.725311981655139562e+02,4.703130436711902562e-02,2.077156965189777793e+01,2.050999501051489204e-01
3.352864583333333565e-02,2.985403586022857780e+02,2.044530337313744950e-01,2.059022425520008426e+01,2.474759871185798210e-01
3.359374999999999861e-02,3.642685461933912165e+02,1.529935608938305935e-01,2.661254729764981874e+01,2.411654364257769245e-01
3.365885416666666852e-02,4.012457317190970798e+02,2.896758140876803944e-01,4.674795497450756443e+01,3.927172911774434727e-01
3.372395833333333148e-02,5.898525522868994813e+02,4.545856488826054420e-01,3.957182011940191302e+01,4.469617582311813386e-01
3.378906250000000139e-02,5.440753359064680126e+02,1.390368233888805150e-01,5.040477380133103225e+01,5.916247754111951807e-01
3.385416666666666435e-02,6.497553683182155737e+02,5.959362950009999826e-01,6.019929012771069665e+01,6.110135108800149872e-01
3.391927083333333426e-02,7.823861787978664779e+02,7.980459350710539246e-01,6.608850807448793319e+01,6.901863770752445504e-01
3.398437499999999722e-02,8.306066993994095355e+02,1.197538447745420953e+00,7.856431645383807449e+01,7.708449807262442999e-01
3.404947916666666713e-02,8.940005895112525423e+02,7.871763676751725169e-01,8.513688766061594038e+01,8.750338170817859584e-01
3.411458333333333010e-02,1.021722842131876519e+03,1.405061266699473954e+00,8.450472341510401009e+01,9.256454874485775530e-01
3.417968750000000000e-02,1.091887052604746714e+03,1.379626404121025107e+00,1.059368421798342723e+02,1.041537796162925078e+00
3.424479166666666297e-02,1.301885629867152147e+03,1.733001904545390826e+00,1.141870905321607097e+02,1.081121156055232957e+00
3.430989583333333287e-02,1.238801458422474980e+03,2.010997295444915345e+00,1.219338686785839201e+02,1.128804906703043676e+00
3.437500000000000278e-02,1.315794723690142519e+03,1.698018578145844781e+00,1.328178363889665263e+02,1.377367799261318693e+00
3.444010416666666574e-02,1.293682958786057725e+03,1.708378544814358468e+00,1.463732131251519206e+02,1.323236489674739946e+00
3.450520833333333565e-02,1.434612815025082000e+03,2.109896098988807811e+00,1.415053977257984172e+02,1.453594533197381633e+00
3.457031249999999861e-02,1.496699672015695569e+03,1.902972498748514374e+00,1.557247639504584242e+02,1.525672582073325012e+00
3.463541666666666852e-02,1.582681651614074326e+03,2.483213883948927059e+00,1.552099725992221977e+02,1.581771450835099291e+00
3.470052083333333148e-02,1.670062570530496032e+03,2.695324132217651325e+00,1.659781296404486852e+02,1.639371554022909461e+00
3.476562500000000139e-02,1.703487409609425185e+03,2.740928872733950694e+00,1.649234428864524773e+02,1.670420223259381665e+00
3.483072916666666435e-02,1.829767104508503735e+03,2.983964754355610260e+00,1.727175648831273520e+02,1.749020367571457069e+00
3.489583333333333426e-02,1.911109460001019215e+03,3.208497352695327987e+00,1.768396073186281114e+02,1.835832570261219709e+00
3.496093749999999722e-02,1.956620918891629799e+03,3.378029141491134535e+00,1.988182928168380670e+02,1.874265435433263516e+00
3.502604166666666713e-02,1.930455391617992518e+03,3.573837177745643690e+00,1.957854388689105747e+02,1.992624709033728569e+00
3.509114583333333010e-02,2.047797629231830342e+03,3.611264267403839323e+00,2.174243824235503553e+02,2.062879148388244488e+00
3.515625000000000000e-02,2.206748431237232126e+03,4.162968928018092818e+00,2.134322144432998698e+02,2.159634278459010126e+00
3.522135416666666297e-02,2.209825958200544392e+03,4.068487127062652142e+00,2.142386512202741642e+02,2.217636173258912269e+00
3.528645833333333287e-02,2.254366237782072403e+03,4.541512767848024268e+00,2.244635945542111983e+02,2.268946501855574560e+00
3.535156250000000278e-02,2.313157426986635528e+03,4.699550184432856881e+00,2.277881988066943109e+02,2.409780943223909677e+00
3.541666666666666574e-02,2.461768102408265349e+03,4.655338608089374830e+00,2.458071719728750679e+02,2.353301332420993930e+00
3.548177083333333565e-02,2.437407310120655893e+03,5.553826077579925524e+00,2.436684981703472772e+02,2.360274079646438761e+00
3.554687499999999861e-02,2.519530454713035851e+03,5.064377396490725047e+00,2.519512925070774259e+02,2.394999374541082471e+00
3.561197916666666852e-02,2.530097580132664461e+03,5.838659642539572481e+00,2.505684911519327613e+02,2.519942918384360908e+00
3.567708333333333148e-02,2.637123403835254067e+03,5.650010117188395853e+00,2.548037979004925262e+02,2.613091100847373394e+00
3.574218750000000139e-02,2.653032180274292841e+03,5.911940113450998346e+00,2.642031813420496178e+02,2.634418600673806399e+00
3.580729166666666435e-02,2.710055008000991165e+03,6.076211771684833174e+00,2.682322128820367766e+02,2.661116168937791571e+00
3.587239583333333426e-02,2.789105959835144404e+03,6.178095513601564726e+00,2.749720450265338627e+02,2.719701009308672646e+00
3.593749999999999722e-02,2.799412854958477510e+03,6.944328509698227236e+00,2.725457021017940065e+02,2.774428228421057963e+00
3.600260416666666713e-02,2.864966746008660266e+03,6.719672851478153852e+00,2.934086840840138279e+02,2.871073111627892693e+00
3.606770833333333010e-02,2.900751757306171839e+03,7.055977289319148582e+00,2.820186062005710141e+02,2.842624404266234084e+00
3.613281250000000000e-02,3.057869779942555397e+03,7.127181586308837247e+00,2.836478318158490310e+02,2.909605119122679717e+00
3.619791666666666297e-02,2.992909537052926680e+03,7.683633901990364556e+00,2.907826904753803774e+02,2.874713454937464441e+00
3.626302083333333287e-02,3.065765601630464971e+03,8.024776669462543310e+00,2.970696880469260464e+02,3.047688904569905155e+00
3.632812500000000278e-02,3.031965668863846531e+03,8.108786673259329447e+00,3.000987305684110993e+02,3.040597815994348085e+00
3.639322916666666574e-02,3.137545536541720139e+03,8.216965953385168220e+00,3.049434576479563361e+02,3.036537904373657781e+00
3.645833333333333565e-02,3.139475311695706296e+03,8.728495539702572970e+00,3.106583366595383495e+02,3.041640903490356429e+00
3.652343749999999861e-02,3.214793824347841110e+03,8.743621190902693741e+00,3.077284249645716727e+02,3.027756806165292858e+00
3.658854166666666852e-02,3.208180347815921778e+03,9.306455688378171942e+00,3.143001743864916762e+02,3.158780560273612092e+00
3.665364583333333148e-02,3.185122704126751159e+03,9.013473706723258871e+00,3.147555225625112030e+02,3.163284325026752608e+00
3.671875000000000139e-02,3.196247770785419561e+03,9.656114397098727764e+00,3.169640908453894781e+02,3.190991146786338106e+00
3.678385416666666435e-02,3.409138296497576903e+03,9.445446016773773934e+00,3.203790250603157119e+02,3.197916392146118891e+00
3.684895833333333426e-02,3.316063974750413308e+03,1.025036481845425307e+01,3.230082794071704484e+02,3.321199644898563452e+00
3.691406249999999722e-02,3.306928967545749401e+03,1.009445339929690633e+01,3.185187695615283587e+02,3.219327176226935538e+00
3.697916666666666713e-02,3.319129724626192456e+03,1.040145185501184777e+01,3.241271766981541305e+02,3.211378872019984509e+00
3.704427083333333010e-02,3.330641273140325211e+03,1.068099444774450291e+01,3.226973788094022666e+02,3.410310992224753424e+00
3.710937500000000000e-02,3.337430935421768936e+03,1.105705030844272763e+01,3.256101656489624929e+02,3.281302811650329776e+00
3.717447916666666297e-02,3.412331672525789145e+03,1.120707782583949985e+01,3.319026374305974514e+02,3.345708193750862147e+00
3.723958333333333287e-02,3.434536319994850601e+03,1.158460774039873264e+01,3.302411287278811187e+02,3.238999078638335138e+00
3.730468750000000278e-02,3.459924862401693645e+03,1.158835568695825202e+01,3.379171295410927769e+02,3.237613830373637036e+00
3.736979166666666574e-02,3.273070556592658249e+03,1.186595083895626779e+01,3.317470572475849053e+02,3.413383351397266896e+00
3.743489583333333565e-02,3.402984881320289333e+03,1.195694434637766257e+01,3.386765915430007112e+02,3.381295180249657584e+00
3.749999999999999861e-02,3.394131002443827128e+03,1.237167047595857916e+01,3.343263829211901452e+02,3.280671311534756107e+00
3.756510416666666852e-02,3.348077553741093652e+03,1.233559450001575541e+01,3.297801629714829801e+02,3.338040706859545015e+00
3.763020833333333148e-02,3.413105673469906833e+03,1.275887893024427200e+01,3.275410248292342885e+02,3.335074725497542580e+00
3.769531250000000139e-02,3.379649496076940977e+03,1.288742502161928094e+01,3.353974704252171364e+02,3.431520852991574611e+00
3.776041666666666435e-02,3.306015378539270841e+03,1.321823800996461529e+01,3.294820980795924470e+02,3.223915221273383924e+00
3.782552083333333426e-02,3.405660068383574526e+03,1.327560308704160441e+01,3.387583446414514015e+02,3.435216817058290406e+00
3.789062499999999722e-02,3.267786080379657506e+03,1.371234352272611190e+01,3.293954444197483440e+02,3.320779813248656342e+00
3.795572916666666713e-02,3.321585767918486454e+03,1.360922910135456654e+01,3.338720511491225693e+02,3.294539048520069180e+00
3.802083333333333010e-02,3.367163736215645713e+03,1.374714980964890465e+01,3.280274731887590178e+02,3.386709043063454772e+00
3.808593750000000000e-02,3.383545927967083571e+03,1.387920544139789669e+01,3.265725705933940048e+02,3.201988094153326969e+00
3.815104166666666297e-02,3.273297414411073987e+03,1.452238003462187876e+01,3.231711985464567647e+02,3.253845895636598318e+00
3.821614583333333287e-02,3.336762875488451755e+03,1.430665285684434096e+01,3.274121713049473783e+02,3.153748774479901318e+00
3.828125000000000278e-02,3.183123571501192600e+03,1.447282970274945235e+01,3.259610914001411288e+02,3.202226355403257063e+00
3.834635416666666574e-02,3.186297582672101726e+03,1.478002714588054722e+01,3.123812292737788994e+02,3.211497861669260434e+00
3.841145833333333565e-02,3.151704583613438899e+03,1.508438559969993875e+01,3.182510474856037490e+02,3.196139818262716759e+00
3.847656249999999861e-02,3.147465285744461653e+03,1.532144067212607474e+01,3.108289129301781486e+02,3.082277473598597606e+00
3.854166666666666852e-02,3.070675790999101991e+03,1.571086878411882815e+01,3.061421766892678420e+02,3.069976230789897453e+00
3.860677083333333148e-02,3.113921257547191090e+03,1.580401074545654971e+01,3.057631986704246287e+02,3.095586934856397132e+00
3.867187500000000139e-02,3.093224616840077033e+03,1.564567112358589362e+01,3.052208768260666147e+02,3.024504278240178312e+00
3.873697916666666435e-02,3.093275668504569239e+03,1.567081323032480178e+01,2.995123100030137948e+02,3.036675820130076975e+00
3.880208333333333426e-02,3.039039106930368234e+03,1.587946023040756849e+01,2.923707181885906721e+02,3.006974033933391244e+00
3.886718749999999722e-02,2.975134584544290192e+03,1.624047363035764491e+01,2.890320989811662571e+02,2.948814106809046098e+00
3.893229166666666713e-02,2.914745363867539709e+03,1.631035784149722545e+01,2.896369957775975195e+02,2.965715215173520214e+00
3.899739583333333010e-02,2.857329580425710901e+03,1.680562477139201150e+01,2.810637403494580440e+02,2.843249391463066100e+00
3.906250000000000000e-02,2.882436333056044532e+03,1.650605310635804557e+01,2.748880634399797032e+02,2.792157488799767773e+00
3.912760416666666297e-02,2.754532874357414130e+03,1.702088207359202698e+01,2.806494969863728670e+02,2.771882837261865351e+00
3.919270833333333287e-02,2.802418125907352078e+03,1.679372351321076451e+01,2.621366181587936808e+02,2.718492088892324077e+00
3.925781250000000278e-02,2.573668982948609028e+03,1.686347637164736923e+01,2.618821890649206807e+02,2.600668032585001122e+00
3.932291666666666574e-02,2.623155744740854516e+03,1.703357836594608088e+01,2.591553672542814866e+02,2.549565629477458018e+00
3.938802083333333565e-02,2.525469046224844533e+03,1.718759274165230266e+01,2.482379995443449729e+02,2.558336404520511476e+00
3.945312499999999861e-02,2.595456719392893774e+03,1.735395083820283446e+01,2.449457839318175445e+02,2.504048203273433248e+00
3.951822916666666852e-02,2.495612886447167057e+03,1.754604914170533192e+01,2.498615546564166721e+02,2.438045278514760383e+00
3.958333333333333148e-02,2.410907134745383701e+03,1.740333968806023890e+01,2.385304335889278207e+02,2.307197512652293447e+00
3.964843750000000139e-02,2.426817562288744284e+03,1.754458304944695257e+01,2.255592990793397234e+02,2.299080789212855080e+00
3.971354166666666435e-02,2.225511463723290035e+03,1.745200711399496285e+01,2.310994397971698504e+02,2.301890121882625539e+00
3.977864583333333426e-02,2.250779474462218786e+03,1.766055331399859796e+01,2.136594493415296370e+02,2.183166333171524087e+00
3.984374999999999722e-02,2.158976823107409928e+03,1.820002442649706964e+01,2.180820434606598042e+02,2.167906241080591823e+00
3.990885416666666713e-02,2.110285136043040893e+03,1.817201273136904049e+01,2.110810051208130744e+02,2.046399808698236011e+00
3.997395833333333010e-02,2.044646139533946553e+03,1.793657321374056934e+01,1.931553154013784024e+02,1.994448864234477981e+00
4.003906250000000000e-02,1.953230502061008110e+03,1.801172683130708663e+01,1.886926359808371672e+02,1.883916003297064323e+00
4.010416666666666297e-02,1.908341314301707598e+03,1.800611108746196010e+01,1.836522354176822205e+02,1.850349117786751707e+00
4.016927083333333287e-02,1.788625890487262041e+03,1.764732902273582837e+01,1.747912237344995958e+02,1.904402121439932927e+00
4.023437500000000278e-02,1.719802245229945356e+03,1.821478832189044184e+01,1.729246686559199304e+02,1.688759233326735609e+00
4.029947916666666574e-02,1.630862193672984176e+03,1.833576195122822483e+01,1.668060629035723252e+02,1.729631436087992080e+00
4.036458333333333565e-02,1.667756184146908026e+03,1.800617372545383432e+01,1.513998067517239861e+02,1.611562938482938634e+00
4.042968749999999861e-02,1.587149478906758759e+03,1.775637569293826701e+01,1.566088887357317674e+02,1.446258868532969588e+00
4.049479166666666852e-02,1.462945252148428153e+03,1.800738233434228519e+01,1.401336281607537444e+02,1.452690028641095532e+00
4.055989583333333148e-02,1.351337574240401409e+03,1.771989324712788516e+01,1.391570972308463183e+02,1.391322830942415711e+00
4.062500000000000139e-02,1.344239724461496053e+03,1.803673609207475437e+01,1.294728835081354248e+02,1.281235446949550161e+00
4.069010416666666435e-02,1.239584341320767862e+03,1.797439287338389846e+01,1.257316384068373623e+02,1.126758581654044189e+00
4.075520833333333426e-02,1.081252580204451306e+03,1.825958182452468392e+01,1.120933570494290734e+02,1.166174678644679386e+00
4.082031249999999722e-02,1.029701644950200262e+03,1.833712481564743868e+01,1.069212978135394536e+02,1.006922787527292362e+00
4.088541666666666713e-02,1.024251913356472414e+03,1.821801466750203602e+01,9.754760114798087045e+01,9.056059440950325889e-01
4.095052083333333010e-02,8.058343845397521363e+02,1.812453832833549328e+01,8.674480108423252034e+01,8.994696384541918111e-01
4.101562500000000000e-02,8.393865588217202003e+02,1.820245623638463073e+01,7.569768713610271504e+01,9.333181883828337577e-01
4.108072916666666297e-02,6.670948615999612912e+02,1.833644362584096044e+01,7.212590136176810063e+01,7.812763076276976193e-01
4.114583333333333287e-02,6.255588013410255144e+02,1.784890324727357935e+01,6.594912024117114413e+01,6.199323654380557436e-01
4.121093750000000278e-02,5.167351214633146128e+02,1.793502003638560538e+01,5.564182810537791823e+01,4.927350202563188231e-01
4.127604166666666574e-02,5.353945929149958829e+02,1.793879948850798911e+01,4.656443536508639625e+01,4.382283105459721106e-01
4.134114583333333565e-02,4.432567716436487899e+02,1.814954086112869902e+01,3.974280576593024961e+01,3.725822702833087030e-01
4.140624999999999861e-02,2.590146250112680946e+02,1.744176983017419857e+01,3.399330599982968693e+01,3.385601137435145791e-01
4.147135416666666852e-02,2.473188379378894410e+02,1.784930442910084025e+01,2.153345534979557385e+01,1.983563360704178602e-01
4.153645833333333148e-02,1.740663877272787374e+02,1.740551560564595945e+01,1.764446041612103144e+01,1.726233324532377433e-01
4.160156250000000139e-02,4.065183831888865029e+01,1.769328525108747741e+01,4.166814280201455389e+00,1.744410876139218525e-02
4.166666666666666435e-02,-7.409867489004335539e+01,1.772677244224706428e+01,2.683406927430563638e+00,-8.471183368527225588e-02
4.173177083333333426e-02,-5.430606635418364192e+01,1.728367783325766638e+01,-2.902210903672186149e+00,-1.076588217182801593e-01
4.179687499999999722e-02,-1.442031237869077245e+02,1.698873691415462517e+01,-1.015143656905170388e+01,-1.517282072708836527e-01
4.186197916666666713e-02,-2.124493312736187249e+02,1.686080356038047512e+01,-3.021631199922254396e+01,-2.252684011684687182e-01
4.192708333333333010e-02,-2.696159941247606753e+02,1.736779638148237126e+01,-3.584508520992484648e+01,-3.407700692174400192e-01
4.199218750000000000e-02,-4.818039404173059097e+02,1.656555507224975443e+01,-4.343936880052616090e+01,-3.864172984269173550e-01
4.205729166666666297e-02,-4.232236312099134921e+02,1.643878506118596050e+01,-4.450358207422284806e+01,-4.872728278260118340e-01
4.212239583333333287e-02,-6.117031626190124598e+02,1.691961073498578827e+01,-4.806941411665255970e+01,-5.510921534655962573e-01
4.218750000000000278e-02,-7.155040209742918478e+02,1.616654365868893350e+01,-7.325709528932462433e+01,-7.245665695043741472e-01
4.225260416666666574e-02,-6.649033484619875480e+02,1.634692132708435608e+01,-7.649468608976471273e+01,-7.569094065639030422e-01
4.231770833333333565e-02,-7.863866919640306605e+02,1.627205262420831744e+01,-8.880839694471478651e+01,-8.130530010756755743e-01
4.238281249999999861e-02,-9.717296288941422517e+02,1.619310494678807544e+01,-9.122471158322706231e+01,-8.966299371704040677e-01
4.244791666666666852e-02,-9.502670891548754071e+02,1.611077662788610709e+01,-9.337259803685095960e+01,-1.070114379812419969e+00
4.251302083333333148e-02,-1.141895162018244264e+03,1.589533031783283157e+01,-1.032110079237550195e+02,-1.090658664072933215e+00
4.257812500000000139e-02,-1.149572652752359090e+03,1.577354796643164470e+01,-1.139497302347340906e+02,-1.026539502662665804e+00
4.264322916666666435e-02,-1.216850746193124223e+03,1.559272490346031326e+01,-1.216694155342896835e+02,-1.195568702828301300e+00
4.270833333333333426e-02,-1.299089620194920144e+03,1.542455637249677025e+01,-1.322956504636257193e+02,-1.217425729943067303e+00
4.277343749999999722e-02,-1.407624784570784641e+03,1.485924105555052144e+01,-1.363221545377057566e+02,-1.340664635668624260e+00
4.283854166666666713e-02,-1.399927777352439307e+03,1.503945260667756578e+01,-1.421510959419167364e+02,-1.424496758016178699e+00
4.290364583333333010e-02,-1.556974022028128957e+03,1.492093454170117894e+01,-1.504305152133961769e+02,-1.422459423492126618e+00
4.296875000000000000e-02,-1.580782689901727281e+03,1.482708247115867373e+01,-1.678908452312795134e+02,-1.631288776297724397e+00
4.303385416666666297e-02,-1.638614113858466681e+03,1.437799267487539190e+01,-1.648004581627924949e+02,-1.640375347665039119e+00
4.309895833333333287e-02,-1.726789060630316271e+03,1.424689787635760396e+01,-1.667415669371777369e+02,-1.717963298542990458e+00
4.316406250000000278e-02,-1.796993752222822877e+03,1.395554816783091745e+01,-1.713684200182372308e+02,-1.822770826258702348e+00
4.322916666666666574e-02,-1.921563024252870036e+03,1.398612098251374825e+01,-1.777317991110113269e+02,-1.828757730421054939e+00
4.329427083333333565e-02,-1.908199824659085834e+03,1.349356882556170767e+01,-2.018204627284532364e+02,-1.830086188672195524e+00
4.335937499999999861e-02,-2.035889539219955623e+03,1.343654596142935098e+01,-2.008350563433072580e+02,-1.945875277084774480e+00
4.342447916666666852e-02,-2.073270277884370898e+03,1.324426234545367542e+01,-2.055898110119941293e+02,-2.091676950247824962e+00
4.348958333333333148e-02,-2.225141678293773566e+03,1.297398962644001053e+01,-2.135910971719742975e+02,-2.106196130868115635e+00
4.355468750000000139e-02,-2.229913042168536322e+03,1.315557668277170222e+01,-2.101488414256873796e+02,-2.261057041107985555e+00
4.361979166666666435e-02,-2.272938544961084062e+03,1.277613195546442881e+01,-2.269564306597895040e+02,-2.295312899503783921e+00
4.368489583333333426e-02,-2.356590412858960008e+03,1.202194710047914938e+01,-2.321273148577758718e+02,-2.313626228594702461e+00
4.374999999999999722e-02,-2.317889624612254920e+03,1.200209131359454595e+01,-2.484911302304990954e+02,-2.340585862271594486e+00
4.381510416666666713e-02,-2.549836162540736950e+03,1.204942968486644261e+01,-2.445106519456629428e+02,-2.417526933256621824e+00
4.388020833333333010e-02,-2.505062001314285226e+03,1.171958881302382416e+01,-2.496036812133490628e+02,-2.420075375286709018e+00
4.394531250000000000e-02,-2.531808813584873860e+03,1.136675755988165193e+01,-2.550509344634482716e+02,-2.474989757880409424e+00
4.401041666666666297e-02,-2.664128477265476249e+03,1.169329818989915815e+01,-2.590046417859110761e+02,-2.605297904520222918e+00
4.407552083333333287e-02,-2.705474880048542673e+03,1.145435036829464792e+01,-2.686047661566892089e+02,-2.612250660328207630e+00
4.414062500000000278e-02,-2.686738111848294011e+03,1.038835552191381417e+01,-2.728192816859415757e+02,-2.679265478618601648e+00
4.420572916666666574e-02,-2.775131695794582356e+03,1.074364612553637599e+01,-2.762808221373711035e+02,-2.769967232333153451e+00
4.427083333333333565e-02,-2.705335058604867754e+03,1.041078481160849023e+01,-2.815432405167396155e+02,-2.748755040802970395e+00
4.433593749999999861e-02,-2.908577055911690422e+03,1.034020950492479329e+01,-2.855457161017365593e+02,-2.899176873491065898e+00
4.440104166666666852e-02,-2.945254081293841864e+03,9.977413235457296636e+00,-2.883159868967343300e+02,-2.896590985098700166e+00
4.446614583333333148e-02,-2.977940260870666862e+03,1.011338192287357352e+01,-2.889441072658872258e+02,-2.921146810002127836e+00
4.453125000000000139e-02,-2.906499640669909695e+03,9.656477494505544712e+00,-2.990248794084459405e+02,-2.934439217884695861e+00
4.459635416666666435e-02,-3.028327631819863200e+03,9.119835294106866996e+00,-2.965490408544003458e+02,-2.989617685846836181e+00
4.466145833333333426e-02,-3.086259449013069116e+03,8.649531303726584852e+00,-3.163988501346053113e+02,-3.013108565059463562e+00
4.472656249999999722e-02,-3.117092825043820994e+03,8.770626001729272758e+00,-3.054533573849771528e+02,-3.112960862598548317e+00
4.479166666666666713e-02,-3.121557764218363445e+03,9.054406790719069065e+00,-3.093549213989281839e+02,-3.100529496778363203e+00
4.485677083333333010e-02,-3.227538576095500048e+03,8.301064644678998405e+00,-3.054609307314913735e+02,-3.117267805157032168e+00
4.492187500000000000e-02,-3.245008588508925186e+03,7.944242350476499404e+00,-3.141405566315705187e+02,-3.148019825392676108e+00
4.498697916666666297e-02,-3.268393868074520014e+03,7.797922270254572297e+00,-3.188039288274480896e+02,-3.196244033023079911e+00
4.505208333333333287e-02,-3.265660634712485262e+03,7.600219932877195106e+00,-3.165529927246350894e+02,-3.266835291337011338e+00
4.511718750000000278e-02,-3.175993455140860988e+03,7.441660711176872667e+00,-3.204046516393548814e+02,-3.314379483652022174e+00
4.518229166666666574e-02,-3.331136952488619499e+03,7.226518805816168012e+00,-3.200732866899106170e+02,-3.252088092456443036e+00
4.524739583333333565e-02,-3.252060566921534701e+03,6.767413652927862344e+00,-3.386427010494779211e+02,-3.352649663254935408e+00
4.531249999999999861e-02,-3.355827438862497729e+03,7.001599110658535352e+00,-3.328939354584127841e+02,-3.162687184428425446e+00
4.537760416666666852e-02,-3.282184597926593597e+03,6.472207004629326299e+00,-3.277929335740537340e+02,-3.303089747747024241e+00
4.544270833333333148e-02,-3.405863836303826247e+03,6.176981522130661872e+00,-3.366776134296900977e+02,-3.372268978921530991e+00
4.550781250000000139e-02,-3.383546263231860394e+03,6.047441669153143629e+00,-3.367429948820634991e+02,-3.296535052175562086e+00
4.557291666666666435e-02,-3.297451722194050944e+03,5.955572131665753055e+00,-3.291735231722188360e+02,-3.329162685176564107e+00
4.563802083333333426e-02,-3.391301389380012552e+03,5.747814602581619248e+00,-3.293422402902535850e+02,-3.350204877995433872e+00
4.570312499999999722e-02,-3.452506011795718223e+03,5.301286419977453868e+00,-3.329813452339181481e+02,-3.406634547819032743e+00
4.576822916666666713e-02,-3.440298545893732808e+03,4.976252182749424158e+00,-3.426648139164550457e+02,-3.228993606048309761e+00
4.583333333333333010e-02,-3.459256090811943523e+03,4.693309524077839967e+00,-3.425515628070709226e+02,-3.449541740224255193e+00
4.589843750000000000e-02,-3.376946042995484277e+03,4.697371087723375638e+00,-3.303539247014668945e+02,-3.297135575476310976e+00
4.596354166666666297e-02,-3.474192965420134897e+03,4.421151775029625419e+00,-3.383166725530606413e+02,-3.360154300630711521e+00
4.602864583333333287e-02,-3.390793037782195825e+03,4.486582231804661980e+00,-3.365452303117460247e+02,-3.303884057073106284e+00
4.609375000000000278e-02,-3.438883816554453006e+03,4.165149612009383162e+00,-3.379214209979550674e+02,-3.453296278542104858e+00
4.615885416666666574e-02,-3.332943898077075573e+03,4.012117604181672625e+00,-3.382223905510547866e+02,-3.403043370146132229e+00
4.622395833333333565e-02,-3.321929713908507892e+03,3.576812505798115716e+00,-3.327871828340747129e+02,-3.311204542663553241e+00
4.628906249999999861e-02,-3.326132763048962261e+03,2.932297628285364333e+00,-3.324277852957792447e+02,-3.314906674541724385e+00
4.635416666666666852e-02,-3.271801289063314016e+03,3.193978403260681720e+00,-3.317166171554382572e+02,-3.221293913962384625e+00
4.641927083333333148e-02,-3.318050534313698336e+03,3.237275039593023429e+00,-3.301146485860674034e+02,-3.371271164086199867e+00
4.648437500000000139e-02,-3.252711706382868215e+03,3.315433440904345552e+00,-3.359362201755046726e+02,-3.200252558662488589e+00
4.654947916666666435e-02,-3.243055363830793340e+03,2.590505553393587679e+00,-3.203002146511750539e+02,-3.244122198982445582e+00
4.661458333333333426e-02,-3.258508298474213916e+03,2.305212059148394221e+00,-3.158242602680854816e+02,-3.215236071771026438e+00
4.667968749999999722e-02,-3.213582676343620733e+03,2.209814450015567644e+00,-3.147794554143427490e+02,-3.215390134510300868e+00
4.674479166666666713e-02,-3.165225398897014657e+03,1.698241582089093038e+00,-3.208026156212254136e+02,-3.204152372770372903e+00
4.680989583333333010e-02,-3.148344979440006227e+03,1.639523067955333424e+00,-3.191594204997676911e+02,-3.152064912407479103e+00
4.687500000000000000e-02,-3.247702311270158134e+03,1.511340753581569496e+00,-3.165419566209021696e+02,-3.091954731455591521e+00
4.694010416666666297e-02,-3.135057364002327176e+03,1.376371223100834040e+00,-3.115274239035786650e+02,-3.066923326442016595e+00
4.700520833333333287e-02,-2.990104072177469334e+03,1.278476775901416618e+00,-3.059446073807533821e+02,-3.092514342857449527e+00
4.707031250000000278e-02,-2.937150528954481615e+03,6.776341788115283205e-01,-3.084989150768514605e+02,-3.031096800157170090e+00
4.713541666666666574e-02,-2.959038917734837923e+03,1.207073843157172366e+00,-2.945649331612102060e+02,-2.959015049452383472e+00
4.720052083333333565e-02,-3.012121329174575294e+03,1.070943121999634595e+00,-2.962333410247030656e+02,-2.920821988043801110e+00
4.726562499999999861e-02,-2.868928352545550297e+03,8.938495116002959096e-01,-2.880678505298217829e+02,-2.900801045198783346e+00
4.733072916666666852e-02,-2.880591989454769191e+03,7.337013186798526654e-01,-2.844180087954906071e+02,-2.800174262632447508e+00
4.739583333333333148e-02,-2.893480727239243151e+03,5.602804427037422208e-01,-2.784420641419317235e+02,-2.831489431297410597e+00
4.746093750000000139e-02,-2.709148618012371571e+03,5.496599777601159920e-01,-2.809512796779725363e+02,-2.729011619238153941e+00
4.752604166666666435e-02,-2.688615619603466257e+03,3.247946926851255078e-01,-2.721958100206761060e+02,-2.628523253692889305e+00
4.759114583333333426e-02,-2.670645333554611625e+03,-2.246526953180768837e-01,-2.694885104485568377e+02,-2.572177171318774658e+00
4.765624999999999722e-02,-2.744648064439590598e+03,-8.924387245590921502e-02,-2.671179752209033040e+02,-2.612648369875346432e+00
4.772135416666666713e-02,-2.562035474244652505e+03,-2.783594348548261432e-02,-2.511393160640091367e+02,-2.553510309779432941e+00
4.778645833333333010e-02,-2.628925153675956153e+03,8.685151454078943178e-03,-2.454584131363397148e+02,-2.515847948488788788e+00
4.785156250000000000e-02,-2.466696004881986937e+03,3.197828884409398276e-02,-2.404301767341254390e+02,-2.419848524756625263e+00
4.791666666666666297e-02,-2.359829846324808386e+03,-9.506828292440183681e-01,-2.393641340314470654e+02,-2.428534120293578624e+00
4.798177083333333287e-02,-2.257366770030185307e+03,-4.486799596751221975e-01,-2.347695458305099123e+02,-2.318441775337248600e+00
4.804687500000000278e-02,-2.230232143400451605e+03,-6.650770654887405708e-01,-2.340502438735759654e+02,-2.361831506333716302e+00
4.811197916666666574e-02,-2.270725466295903516e+03,-3.632187298742538539e-01,-2.200749638768066916e+02,-2.246128208583583419e+00
4.817708333333333565e-02,-2.117447105967442894e+03,-8.031770609524648830e-01,-2.100584052712260075e+02,-2.137542865468526010e+00
4.824218749999999861e-02,-2.011462833215448200e+03,-1.147594704731393911e+00,-2.130020315726595186e+02,-2.030936509488108666e+00
4.830729166666666852e-02,-1.977817951264185467e+03,-8.478446482813647433e-01,-1.958603474860615279e+02,-1.978249970622525833e+00
4.837239583333333148e-02,-1.907470247790274470e+03,-5.945619580936404303e-01,-2.001928921648602397e+02,-2.018714859924503724e+00
4.843750000000000139e-02,-1.842585669665551904e+03,-1.151251335346744398e+00,-1.958331838582432738e+02,-1.849565886817783555e+00
4.850260416666666435e-02,-1.794004827354542613e+03,-1.208779027931503602e+00,-1.816565638214836724e+02,-1.796786589713000648e+00
4.856770833333333426e-02,-1.777770298174584013e+03,-7.060597867825636476e-01,-1.666799645958664655e+02,-1.728254963283638368e+00
4.863281249999999722e-02,-1.670203386660971319e+03,-6.701807936088228779e-01,-1.606122412289185775e+02,-1.594640377188184299e+00
4.869791666666666713e-02,-1.573450678359695303e+03,-1.560582553914258153e+00,-1.589093716965690248e+02,-1.549351572012903855e+00
4.876302083333333010e-02,-1.504961870532997409e+03,-1.197129295500031665e+00,-1.581818670460637577e+02,-1.554904549603502995e+00
4.882812500000000000e-02,-1.465217894089660149e+03,-1.360933287941506808e+00,-1.464776317216536086e+02,-1.451200913038395379e+00
4.889322916666666297e-02,-1.479044002677327398e+03,-1.359233553974270592e+00,-1.327115125747587285e+02,-1.488582688444155311e+00
4.895833333333333287e-02,-1.259879266258795269e+03,-1.072716732471885370e+00,-1.313559993441165830e+02,-1.161293397957071427e+00
4.902343750000000278e-02,-1.225797797033128518e+03,-1.079790380822223339e+00,-1.187501213941279588e+02,-1.249281670174673176e+00
4.908854166666666574e-02,-1.172980555489790049e+03,-8.775998660357979819e-01,-1.123286924414356491e+02,-1.139983936783589558e+00
4.915364583333333565e-02,-1.116847705820970759e+03,-1.090868293276831213e+00,-1.002711706155249658e+02,-1.032513279208510326e+00
4.921874999999999861e-02,-1.063334298147578465e+03,-7.394457233239605243e-01,-9.500134092020445564e+01,-1.004484383126454050e+00
4.928385416666666852e-02,-1.013373190227791611e+03,-1.332074311366394648e+00,-9.223639959386882481e+01,-8.929206740186024227e-01
4.934895833333333148e-02,-8.194776030763532617e+02,-8.419428167241498340e-01,-8.893453510421903729e+01,-8.715360920944899004e-01
4.941406250000000139e-02,-7.994576508151991447e+02,-1.061332379823501482e+00,-8.066296376624508468e+01,-7.666233860473833372e-01
4.947916666666666435e-02,-6.232606739277421184e+02,-1.098334057637701200e+00,-6.559071753960392925e+01,-7.102206527813088588e-01
4.954427083333333426e-02,-5.029011517410496026e+02,-9.068458565693996443e-01,-5.538268646947258844e+01,-6.432285544054607840e-01
4.960937499999999722e-02,-5.099845373718256383e+02,-8.205505801050312353e-01,-6.530781553084216284e+01,-4.603970205245658254e-01
4.967447916666666713e-02,-4.354735098872864114e+02,-9.567722671640971344e-01,-4.308802859516008965e+01,-3.973174692952190501e-01
4.973958333333333010e-02,-3.523719447681930319e+02,-5.963572559170704501e-01,-2.329854009476923693e+01,-3.705339062671932360e-01
4.980468750000000000e-02,-2.557027324690259888e+02,-6.313424084622566435e-01,-2.627575474912988795e+01,-1.855850527532249550e-01
4.986979166666666297e-02,-1.361707623325181942e+02,-5.464745939054522772e-01,-2.186230142162204615e+01,-2.449072758278700301e-01
4.993489583333333287e-02,-2.688949971760981583e+01,-5.608091288472880631e-01,-9.998528537635658964e+00,-1.211331660429054435e-01
