0.000000000000000000e+00,2.083653835166484214e+01,2.722830639742657710e-01,-3.357037092612982221e+00,-5.357474976989617943e-02
6.510416666666666576e-05,7.069203760176876017e+00,-1.183813047258544526e-02,1.417521212731907454e+00,1.059310669321903986e-01
1.302083333333333315e-04,2.183699767603391138e+02,4.059363539801011389e-02,2.016358647825975581e+01,1.773655685826950601e-01
1.953125000000000108e-04,2.497194383771178821e+02,3.863982609228526210e-01,2.622632152242416126e+01,2.532496486125700996e-01
2.604166666666666631e-04,3.039213557320971972e+02,3.786043712721032239e-01,3.641667580419130701e+01,2.622336063418762020e-01
3.255208333333333153e-04,4.837961134676906454e+02,7.815926066065290723e-01,4.623722801589236298e+01,4.264135808289240548e-01
3.906250000000000217e-04,5.682005549983374522e+02,7.049239914047904509e-01,4.834829705639573660e+01,3.766356747184531062e-01
4.557291666666666739e-04,4.798557456363647589e+02,7.621594052509250705e-01,6.196538431946099479e+01,4.646857164310957411e-01
5.208333333333333261e-04,7.147477594289856597e+02,7.373362149308601010e-01,6.866287105375643307e+01,5.578443025908582653e-01
5.859374999999999783e-04,8.031104619458246816e+02,8.731666157112329962e-01,6.503538681191949422e+01,7.734264221964031183e-01
6.510416666666666305e-04,8.195370928372592516e+02,9.130609140747789620e-01,8.707799718343875384e+01,8.380407482188300117e-01
7.161458333333332827e-04,9.213018187198147189e+02,1.450484546451914047e+00,9.588564186462807015e+01,7.767671655779280204e-01
7.812500000000000434e-04,1.047961649881809535e+03,1.407152087580061828e+00,9.635016243634285615e+01,1.070776756833214494e+00
8.463541666666666956e-04,9.851418095501260268e+02,1.729894068856511868e+00,1.076864971292887390e+02,1.001708621655054587e+00
9.114583333333333478e-04,1.117753606878452501e+03,1.710809156822523658e+00,1.110079541086183639e+02,1.222715283536792708e+00
9.765625000000000000e-04,1.224482910063593181e+03,1.676626319937987386e+00,1.209035449105372493e+02,1.110306154788261335e+00
1.041666666666666652e-03,1.280379523172009385e+03,1.810260760222122123e+00,1.337952934134248721e+02,1.318628006703726374e+00
1.106770833333333304e-03,1.409298857910033803e+03,2.391134924431517206e+00,1.316307827721341539e+02,1.298689892617666874e+00
1.171874999999999957e-03,1.425372761405067195e+03,2.370231510537044173e+00,1.374934160612584151e+02,1.465408038242528743e+00
1.236979166666666609e-03,1.447239601587812558e+03,3.128132191304352716e+00,1.482537973173610339e+02,1.459156017501327840e+00
1.302083333333333261e-03,1.594919142508801087e+03,2.841732080575237074e+00,1.541973266480918880e+02,1.551194289755595479e+00
1.367187499999999913e-03,1.678569521950591252e+03,3.255856057254241875e+00,1.616864534804906270e+02,1.697674599393435457e+00
1.432291666666666565e-03,1.717785470277253353e+03,3.118071001706133050e+00,1.654275782932878371e+02,1.694031340625475224e+00
1.497395833333333218e-03,1.801283804810355832e+03,3.398330187209963160e+00,1.740671681241363160e+02,1.787145120315303037e+00
1.562500000000000087e-03,1.916272513866829968e+03,3.670258318750039717e+00,1.848072560765760386e+02,1.815365544544970344e+00
1.627604166666666739e-03,1.951520915530796401e+03,3.357905392152733981e+00,1.919503901603939369e+02,1.899416247354062559e+00
1.692708333333333391e-03,1.973983952004085495e+03,3.900530589377416923e+00,2.017258954266165176e+02,1.983753661259604728e+00
1.757812500000000043e-03,2.017340655351982605e+03,3.912530702379360292e+00,2.029095664995888626e+02,2.106372775726579327e+00
1.822916666666666696e-03,2.191075145597670144e+03,4.113144613353569845e+00,2.140890547239394266e+02,2.112374405009404654e+00
1.888020833333333348e-03,2.173711984974707320e+03,4.631589601581681315e+00,2.230301717434792010e+02,2.201043753348171705e+00
1.953125000000000000e-03,2.250685706383171237e+03,5.064121846416075989e+00,2.226944641794587199e+02,2.165066117901414344e+00
2.018229166666666435e-03,2.350494499488047950e+03,5.042282805478723873e+00,2.309136029916172390e+02,2.345655707034564941e+00
2.083333333333333304e-03,2.403686481050986458e+03,5.081983226933519227e+00,2.416647186621229935e+02,2.438121897092694557e+00
2.148437500000000173e-03,2.581620109418337051e+03,5.670286064635004841e+00,2.395532892540442162e+02,2.431488473878893330e+00
2.213541666666666609e-03,2.499972496645472802e+03,5.812624369520236201e+00,2.458890590911896368e+02,2.572567515669690774e+00
2.278645833333333478e-03,2.616877552373682647e+03,6.302156269304921565e+00,2.572944512021015271e+02,2.549780311855240900e+00
2.343749999999999913e-03,2.622903945207451216e+03,6.812432648945343949e+00,2.681166126434858938e+02,2.526840789839265078e+00
2.408854166666666782e-03,2.645875535714308171e+03,6.384174065462743464e+00,2.593720799520835385e+02,2.726962629493692170e+00
2.473958333333333218e-03,2.706212028731406917e+03,6.576259522930458346e+00,2.643175101562554801e+02,2.581006079790939989e+00
2.539062500000000087e-03,2.768342727877538437e+03,6.823938874658900033e+00,2.732713936170534907e+02,2.784279631962301771e+00
2.604166666666666522e-03,2.756386377894314592e+03,6.889467688878145424e+00,2.748866029664984012e+02,2.832487027309067429e+00
2.669270833333333391e-03,2.842096885890624435e+03,6.902451734043115295e+00,2.796736646046250598e+02,2.775336895640139190e+00
2.734374999999999827e-03,2.888948838768480982e+03,7.146981367055540879e+00,2.881739201556325725e+02,2.903217980742613058e+00
2.799479166666666696e-03,2.870994209733311891e+03,7.680586243275956626e+00,2.835896283922240855e+02,2.755356794794563413e+00
2.864583333333333131e-03,2.995114058201997068e+03,8.234348902438693329e+00,3.049039515873854498e+02,2.927453231290536806e+00
2.929687500000000000e-03,3.070129436226479356e+03,8.081083204826040145e+00,3.093933981217058999e+02,3.037241904123978209e+00
2.994791666666666435e-03,3.103811446895716927e+03,8.310959241566859390e+00,3.009927187147242194e+02,3.060869228450525004e+00
3.059895833333333304e-03,3.089357590115915627e+03,8.682129662250559932e+00,3.067766007731394211e+02,3.141659475892334630e+00
3.125000000000000173e-03,3.118918172976990718e+03,8.881031691841322129e+00,3.078714087909509658e+02,3.026537921485194182e+00
3.190104166666666609e-03,3.164911260233797748e+03,9.053722700999806250e+00,3.154785575465802481e+02,3.006196648542427408e+00
3.255208333333333478e-03,3.185122565225897233e+03,9.045440467706660215e+00,3.185921455782682301e+02,3.107448966089788378e+00
3.320312499999999913e-03,3.158405607828131906e+03,9.313977140439559932e+00,3.205883606817844225e+02,3.184580033129682075e+00
3.385416666666666782e-03,3.212702277140568640e+03,9.897167090932322608e+00,3.155627715295048574e+02,3.224657482451034340e+00
3.450520833333333218e-03,3.254605772356238958e+03,9.948532753659581118e+00,3.205280231258357162e+02,3.294876299341667369e+00
3.515625000000000087e-03,3.318816352991394524e+03,1.024362224250479692e+01,3.183832029169030307e+02,3.244750123797351726e+00
3.580729166666666522e-03,3.375666431734171965e+03,1.057804137178470683e+01,3.347180782124249276e+02,3.270211218495382433e+00
3.645833333333333391e-03,3.310248996773673298e+03,1.075430834596642704e+01,3.333062620832389484e+02,3.323436152833008972e+00
3.710937499999999827e-03,3.329347304961122063e+03,1.103824026377422385e+01,3.327560496131324612e+02,3.313881067775056977e+00
3.776041666666666696e-03,3.367644811207776002e+03,1.114645651599358089e+01,3.283600898586086032e+02,3.239576176697729348e+00
3.841145833333333131e-03,3.348353728500220313e+03,1.194896973509619187e+01,3.379512442354835002e+02,3.327965914505867318e+00
3.906250000000000000e-03,3.368170429042653268e+03,1.152741674267130811e+01,3.270627285810046487e+02,3.384422194995167832e+00
3.971354166666666435e-03,3.337536094225294619e+03,1.179657647115428887e+01,3.267730196031118339e+02,3.319922854863353479e+00
4.036458333333332871e-03,3.473056790105545588e+03,1.180486999043681706e+01,3.403277513339547795e+02,3.321415029180606826e+00
4.101562500000000173e-03,3.400586357115443661e+03,1.243218079000392251e+01,3.338619971020699495e+02,3.448420595695439683e+00
4.166666666666666609e-03,3.345470998014132874e+03,1.256060673197973543e+01,3.399553025508161568e+02,3.345487920239992530e+00
4.231770833333333044e-03,3.279596933792890468e+03,1.262446577766257327e+01,3.371899660685278377e+02,3.318794455476028027e+00
4.296875000000000347e-03,3.331285508013573690e+03,1.328539272018263162e+01,3.371267940150814866e+02,3.324181813459021306e+00
4.361979166666666782e-03,3.404107255501050986e+03,1.311221465429315103e+01,3.378208217969324210e+02,3.321036823532800497e+00
4.427083333333333218e-03,3.377659515076345997e+03,1.353908234748146810e+01,3.372325538967743341e+02,3.410765263309520456e+00
4.492187499999999653e-03,3.358264727561652762e+03,1.360341761371862113e+01,3.293071733982529850e+02,3.334309403964826224e+00
4.557291666666666956e-03,3.376515468853331640e+03,1.371021631559801612e+01,3.322766552465355971e+02,3.233918824909679302e+00
4.622395833333333391e-03,3.369872731531844693e+03,1.395645295276911213e+01,3.223873885675395741e+02,3.284614386667604524e+00
4.687499999999999827e-03,3.258662158081672715e+03,1.427004990898431913e+01,3.343266221644990424e+02,3.263554500899356725e+00
4.752604166666666262e-03,3.311602448644231117e+03,1.430107237014249044e+01,3.262646922227066852e+02,3.241937326660484953e+00
4.817708333333333565e-03,3.290576641457770165e+03,1.449402256026930758e+01,3.282982061107720142e+02,3.191148871990116653e+00
4.882812500000000000e-03,3.309977689192273829e+03,1.507030643631880018e+01,3.305586342775958428e+02,3.220623574417046608e+00
4.947916666666666435e-03,3.255235122218097331e+03,1.498915070935944982e+01,3.250236434165513515e+02,3.173823443653669418e+00
5.013020833333332871e-03,3.186499628367704190e+03,1.506559364803526258e+01,3.147975786330304686e+02,3.180258190109703786e+00
5.078125000000000173e-03,3.202748307247250978e+03,1.523481349688432118e+01,3.120808231745195940e+02,3.056675236738898072e+00
5.143229166666666609e-03,3.145398638685681817e+03,1.527910997186004671e+01,3.179131209765037056e+02,3.146561597978583258e+00
5.208333333333333044e-03,3.224971623306199035e+03,1.553420878647491499e+01,3.150459257197215948e+02,3.082264033652594382e+00
5.273437500000000347e-03,3.042084045032320319e+03,1.612727961166621782e+01,3.065848715644252138e+02,3.057061415283410799e+00
5.338541666666666782e-03,3.137817326749814583e+03,1.563553648980641242e+01,3.059089567958024531e+02,3.088575994418228721e+00
5.403645833333333218e-03,2.993892592360538401e+03,1.627423498770486177e+01,2.908870727478248455e+02,3.011763270834316497e+00
5.468749999999999653e-03,2.959266346864002571e+03,1.616400395100147591e+01,3.023582310027932181e+02,2.984634351184884071e+00
5.533854166666666956e-03,2.996964333617735065e+03,1.641016320899725756e+01,2.942924283465459325e+02,2.826801193281224922e+00
5.598958333333333391e-03,2.935234656363682916e+03,1.651054862860618400e+01,2.807753576604841896e+02,2.896934832614794786e+00
5.664062499999999827e-03,2.829470564535593439e+03,1.669101748924224893e+01,2.804502199902852340e+02,2.818122698734685905e+00
5.729166666666666262e-03,2.845701746396420731e+03,1.685095023935807035e+01,2.740286754000421183e+02,2.863819875197321174e+00
5.794270833333333565e-03,2.849144119703940305e+03,1.725589481889880616e+01,2.805253428807293403e+02,2.711004275329761182e+00
5.859375000000000000e-03,2.727817896853227921e+03,1.715458105591478599e+01,2.687500629686314824e+02,2.691958849944213306e+00
5.924479166666666435e-03,2.682019293102810025e+03,1.703777567322680397e+01,2.555024507545587369e+02,2.675641982347271686e+00
5.989583333333332871e-03,2.654020808789267448e+03,1.726331266877334158e+01,2.631614209818602603e+02,2.543171864385150638e+00
6.054687500000000173e-03,2.507519870643447121e+03,1.756471725800791361e+01,2.501658219487761698e+02,2.549167794244745711e+00
6.119791666666666609e-03,2.499413995860767955e+03,1.781734941592587873e+01,2.440469011049671906e+02,2.394811357765191939e+00
6.184895833333333044e-03,2.435721733386219057e+03,1.765179789274365874e+01,2.396632805247266447e+02,2.516907118239113839e+00
6.250000000000000347e-03,2.477850625375905565e+03,1.785904665658136636e+01,2.314662432886281920e+02,2.402757826087161597e+00
6.315104166666666782e-03,2.385705796445884062e+03,1.772315820546551990e+01,2.338029207283286723e+02,2.288261475459946404e+00
6.380208333333333218e-03,2.243886505092796142e+03,1.796477114472585512e+01,2.260379282084696797e+02,2.210011686950382082e+00
6.445312499999999653e-03,2.223027251416076069e+03,1.824985624458931710e+01,2.229688649986434257e+02,2.172098252861095258e+00
6.510416666666666956e-03,2.127115682264024144e+03,1.811162532303458761e+01,2.196202779730255656e+02,2.140149435936482547e+00
6.575520833333333391e-03,2.058403213037680416e+03,1.801517965395350629e+01,2.100254174250202936e+02,2.078400280747458417e+00
6.640624999999999827e-03,1.915949045303704224e+03,1.842829337050012839e+01,1.996158508981512796e+02,2.041903673775049111e+00
6.705729166666666262e-03,1.925947012084352764e+03,1.799554220914109948e+01,1.985589719060919833e+02,1.974952735711682283e+00
6.770833333333333565e-03,1.822058977435443012e+03,1.839408299939087854e+01,1.865866806893614012e+02,1.821345580159103639e+00
6.835937500000000000e-03,1.761481626541269407e+03,1.840443498061125993e+01,1.816218290963407753e+02,1.849110749682663091e+00
6.901041666666666435e-03,1.780670235301972070e+03,1.812045823638137776e+01,1.764001107304939069e+02,1.799402628997698983e+00
6.966145833333332871e-03,1.641604936468057986e+03,1.846673003207129682e+01,1.616585436993854898e+02,1.653264735754087500e+00
7.031250000000000173e-03,1.687103703898932963e+03,1.855710422029747164e+01,1.532695895222974514e+02,1.546982831958293003e+00
7.096354166666666609e-03,1.515318023007420379e+03,1.856934831384975126e+01,1.557845677274756895e+02,1.500444989000517815e+00
7.161458333333333044e-03,1.454858809852620425e+03,1.798666133658743149e+01,1.409589463730028740e+02,1.376921033304718600e+00
7.226562499999999480e-03,1.323834277392103331e+03,1.837446693862698055e+01,1.413367739375889869e+02,1.418101141663434372e+00
7.291666666666666782e-03,1.267696308072353531e+03,1.857495921412881756e+01,1.281437195707347030e+02,1.272976304150594151e+00
7.356770833333333218e-03,1.334164689239000609e+03,1.801407730493613002e+01,1.157296651187377421e+02,1.187323892121770363e+00
7.421874999999999653e-03,1.165143659088461391e+03,1.833992660921530771e+01,1.098701082204609634e+02,1.143189266950067839e+00
7.486979166666666956e-03,1.089594995999990942e+03,1.823402828711939350e+01,9.708894213656512306e+01,1.033668159942853659e+00
7.552083333333333391e-03,9.731432236134169216e+02,1.842119687839765163e+01,9.616478215650137429e+01,9.524920969081142053e-01
7.617187499999999827e-03,9.206015139886281986e+02,1.811097714944098058e+01,8.718157224122674620e+01,9.190101252868951853e-01
7.682291666666666262e-03,8.717729529636577581e+02,1.820344302406125792e+01,8.372939667659929341e+01,8.631994949890783309e-01
7.747395833333333565e-03,7.900137082877710100e+02,1.848332284120551705e+01,6.614768780654954128e+01,7.389237917178110848e-01
7.812500000000000000e-03,7.690025328464398626e+02,1.853765197035788859e+01,7.247727883871226595e+01,5.912958171767624949e-01
7.877604166666666435e-03,6.083845111216601254e+02,1.813219004462496642e+01,5.812672078858135194e+01,6.065876767438711514e-01
7.942708333333332871e-03,5.179687606448604811e+02,1.805578338574293795e+01,4.828051129967870025e+01,4.430907395286545203e-01
8.007812499999999306e-03,5.023312387417381046e+02,1.854944461564023328e+01,3.843203285851581796e+01,3.353185977186028954e-01
8.072916666666665741e-03,3.361315415546288818e+02,1.808514982812352301e+01,3.210163796675742276e+01,3.282178705926283024e-01
8.138020833333333912e-03,2.524080511121767643e+02,1.802587155083821813e+01,2.508736829943510216e+01,2.427257460993584304e-01
8.203125000000000347e-03,1.812343129232123431e+02,1.808839747328041980e+01,2.339501893067981442e+01,1.531719871542182032e-01
8.268229166666666782e-03,6.400682057935151192e+01,1.777463995898029125e+01,7.949627698053134850e+00,1.281679285071093410e-01
8.333333333333333218e-03,-4.152889132877913170e+01,1.798269278687878270e+01,-1.716850156660991056e+00,-4.168706670709692447e-02
8.398437499999999653e-03,-6.010281412587447392e+01,1.734177532642018349e+01,-8.394384434362672565e+00,-6.124589471043170169e-02
8.463541666666666088e-03,-1.083423811930712191e+02,1.729503609865886915e+01,-1.342158835954378304e+01,-1.495657400678549742e-01
8.528645833333332524e-03,-2.235012045199124486e+02,1.755563459937999582e+01,-2.899257714803304253e+01,-2.918030921283871759e-01
8.593750000000000694e-03,-3.027422455287555181e+02,1.739371586943215320e+01,-3.140393476886663038e+01,-3.006439946311214584e-01
8.658854166666667129e-03,-3.947514578176235318e+02,1.669970409186506188e+01,-4.074380652791108304e+01,-4.212432024298422006e-01
8.723958333333333565e-03,-4.811645375174559831e+02,1.684319178416985707e+01,-4.964811936491242506e+01,-4.287607078849537956e-01
8.789062500000000000e-03,-6.791268046322007876e+02,1.744864583683831682e+01,-6.270562874569434797e+01,-6.262176502719956073e-01
8.854166666666666435e-03,-7.272973232186581072e+02,1.681226100435430482e+01,-7.023160767224368328e+01,-7.301531093943345319e-01
8.919270833333332871e-03,-7.393605520438294434e+02,1.689347260887761237e+01,-7.347436718118105148e+01,-6.104610977584963294e-01
8.984374999999999306e-03,-8.588123111175437998e+02,1.657339921850651265e+01,-7.980036157618272341e+01,-8.302378814308717381e-01
9.049479166666665741e-03,-8.569870476540482969e+02,1.665349420617074472e+01,-9.325412638767342344e+01,-8.800740744931980775e-01
9.114583333333333912e-03,-9.939644173165779648e+02,1.609854130179906306e+01,-8.815779849145732783e+01,-9.725073645089148400e-01
9.179687500000000347e-03,-1.062141582393824592e+03,1.621991754876984970e+01,-1.072022611895070696e+02,-1.135618999573212662e+00
9.244791666666666782e-03,-1.101043556284660099e+03,1.582994689900995233e+01,-1.135275316619554928e+02,-1.083853107846845187e+00
9.309895833333333218e-03,-1.146753335007148053e+03,1.604360120283939750e+01,-1.200873134563520495e+02,-1.207455638913182971e+00
9.374999999999999653e-03,-1.356925882030762068e+03,1.537272047561395993e+01,-1.295204778373683610e+02,-1.299868612166311665e+00
9.440104166666666088e-03,-1.377033466796867060e+03,1.553322501991982918e+01,-1.463235542615351790e+02,-1.406102252399973107e+00
9.505208333333332524e-03,-1.444552765718423416e+03,1.541345115771005680e+01,-1.423237208014442672e+02,-1.413301811199507263e+00
9.570312500000000694e-03,-1.535215158245777729e+03,1.525169832828550653e+01,-1.504340851152022367e+02,-1.579865828985448362e+00
9.635416666666667129e-03,-1.633034903218291902e+03,1.535752482516437922e+01,-1.537624190488770921e+02,-1.630447524792486558e+00
9.700520833333333565e-03,-1.659136945152212093e+03,1.477776083361054482e+01,-1.682513847982190782e+02,-1.600131021967058143e+00
9.765625000000000000e-03,-1.663653501515793550e+03,1.458004249761963145e+01,-1.720851881548705649e+02,-1.763863187397626930e+00
9.830729166666666435e-03,-1.859813491970870018e+03,1.432785278628734282e+01,-1.807367371042150523e+02,-1.745885358250389263e+00
9.895833333333332871e-03,-1.844488217752983019e+03,1.446875304819693930e+01,-1.951214642226546232e+02,-1.836642515976196766e+00
9.960937499999999306e-03,-1.941942163392079465e+03,1.400556307727380734e+01,-2.001891043004992525e+02,-1.974809280913027321e+00
1.002604166666666574e-02,-1.997998625078559371e+03,1.389961052641353589e+01,-2.038962424216957459e+02,-1.991945276861264658e+00
1.009114583333333391e-02,-2.059567025454313352e+03,1.364915858557181316e+01,-2.088680462686072872e+02,-2.085576961886055791e+00
1.015625000000000035e-02,-2.105768096319751294e+03,1.327507644128221109e+01,-2.161033616866493787e+02,-2.136695270467497743e+00
1.022135416666666678e-02,-2.245898029491042962e+03,1.347960534710238534e+01,-2.151803235249830948e+02,-2.197346082792785538e+00
1.028645833333333322e-02,-2.257572741539068829e+03,1.303852791031912339e+01,-2.277919480344573628e+02,-2.227504566281577780e+00
1.035156249999999965e-02,-2.331204819106283594e+03,1.255949247022960868e+01,-2.301644117173038637e+02,-2.292555637588562956e+00
1.041666666666666609e-02,-2.441913139253248119e+03,1.243572323911731203e+01,-2.347025864582773522e+02,-2.386361492711198906e+00
1.048177083333333252e-02,-2.390773638447212306e+03,1.235800381184076357e+01,-2.452722248778018468e+02,-2.437614670270111361e+00
1.054687500000000069e-02,-2.519544875281586883e+03,1.217390414551025835e+01,-2.382830913541557720e+02,-2.496927390863929563e+00
1.061197916666666713e-02,-2.531936141674500050e+03,1.168590352721332160e+01,-2.472260748537323707e+02,-2.597923471880903890e+00
1.067708333333333356e-02,-2.614294897822846906e+03,1.180443358088374417e+01,-2.603198820371183615e+02,-2.611405405289796811e+00
1.074218750000000000e-02,-2.720105891104312832e+03,1.152943865433353743e+01,-2.607846138562764509e+02,-2.608637038279665976e+00
1.080729166666666644e-02,-2.723692977338461787e+03,1.081706535778817724e+01,-2.631100551155764720e+02,-2.684251466595322544e+00
1.087239583333333287e-02,-2.777635571607469956e+03,1.112382888720097363e+01,-2.805395268826613346e+02,-2.674996560440651372e+00
1.093749999999999931e-02,-2.950275497382161120e+03,1.062018406643251289e+01,-2.822882234386833034e+02,-2.783113292738547351e+00
1.100260416666666574e-02,-2.838965777646372771e+03,1.028354041552736930e+01,-2.891921458919016459e+02,-2.885454209079670207e+00
1.106770833333333391e-02,-2.973225564076296450e+03,1.038310194074646198e+01,-2.845472493872242694e+02,-2.817820366932373588e+00
1.113281250000000035e-02,-2.873462972779312167e+03,9.968423308870237420e+00,-3.000820627923251891e+02,-2.810317182268849301e+00
1.119791666666666678e-02,-2.982738112189611911e+03,1.000276304969973573e+01,-3.004105386691763329e+02,-2.920562161570470661e+00
1.126302083333333322e-02,-3.120370064394433939e+03,9.645290249299975471e+00,-2.966996811823090638e+02,-2.997081595704839785e+00
1.132812499999999965e-02,-3.012827253221382307e+03,9.648627103373716096e+00,-3.017226858861750429e+02,-3.091146539333706755e+00
1.139322916666666609e-02,-3.125142994805473791e+03,8.666171222458430634e+00,-3.095806205184342161e+02,-3.064394428368748979e+00
1.145833333333333252e-02,-3.173823113793635912e+03,8.773881080655328901e+00,-3.088079004870033373e+02,-3.157188465080768669e+00
1.152343750000000069e-02,-3.201167589222259267e+03,8.355271553787039451e+00,-3.077840648130752470e+02,-3.182069094501402073e+00
1.158854166666666713e-02,-3.138698451019785807e+03,8.271869758342608847e+00,-3.155284639623853877e+02,-3.242641400085567227e+00
1.165364583333333356e-02,-3.154745513794969611e+03,7.928364554549359511e+00,-3.215778558542047563e+02,-3.109314474876942125e+00
1.171875000000000000e-02,-3.327724103559193736e+03,7.899646956369975825e+00,-3.221474556025401057e+02,-3.256102528859561307e+00
1.178385416666666644e-02,-3.310456379021105477e+03,7.626991518724268282e+00,-3.136899446171747172e+02,-3.256010988726952604e+00
1.184895833333333287e-02,-3.335989889735874840e+03,7.510473989464721889e+00,-3.316190239287712416e+02,-3.199281010429134042e+00
1.191406249999999931e-02,-3.275704280326261596e+03,7.160884482063658574e+00,-3.244368585214746759e+02,-3.338739374097259294e+00
1.197916666666666574e-02,-3.287800415177821833e+03,6.952159543374816231e+00,-3.280869998843475628e+02,-3.271366684905438138e+00
1.204427083333333391e-02,-3.370807398043559260e+03,6.422441243206972850e+00,-3.208942726053510341e+02,-3.340532909011205920e+00
1.210937500000000035e-02,-3.379923989333435657e+03,6.211409249239941310e+00,-3.271524392698435122e+02,-3.273184443784851183e+00
1.217447916666666678e-02,-3.405314040409236895e+03,6.076708458061486517e+00,-3.326225020021892078e+02,-3.398758655188238276e+00
1.223958333333333322e-02,-3.412307640278722829e+03,6.225984408715633300e+00,-3.399911693419252856e+02,-3.366139655920862062e+00
1.230468749999999965e-02,-3.428595626143153368e+03,6.074113787110161589e+00,-3.282988826439149648e+02,-3.359675440315250228e+00
1.236979166666666609e-02,-3.459991480455194960e+03,5.706428290807148862e+00,-3.328545968751993200e+02,-3.340395977765270974e+00
1.243489583333333252e-02,-3.439388878914800443e+03,5.214825735109198668e+00,-3.409924837463353242e+02,-3.335565633309359068e+00
1.250000000000000069e-02,-3.421300800727947717e+03,5.338814351185052764e+00,-3.318342070944202078e+02,-3.376803890439924682e+00
1.256510416666666713e-02,-3.440666927849750664e+03,4.960970810847030066e+00,-3.468732624004231866e+02,-3.380844811736728683e+00
1.263020833333333356e-02,-3.341492773964368553e+03,4.925005461961373676e+00,-3.271238836420679377e+02,-3.324483609131904327e+00
1.269531250000000000e-02,-3.348620403097966573e+03,4.465737573645421676e+00,-3.300252542237973330e+02,-3.332354964654166807e+00
1.276041666666666644e-02,-3.313733859769913579e+03,4.238265717620077311e+00,-3.421059939290771581e+02,-3.366714460878841297e+00
1.282552083333333287e-02,-3.333415780290345538e+03,4.019549734907212013e+00,-3.432708927844864775e+02,-3.343956093770136029e+00
1.289062499999999931e-02,-3.302341743996710647e+03,3.665610769089999277e+00,-3.347823019794844299e+02,-3.325958597361747149e+00
1.295572916666666574e-02,-3.512811293459313674e+03,3.516403401093776804e+00,-3.237933467864770591e+02,-3.351981905933663963e+00
1.302083333333333391e-02,-3.299037769434962229e+03,3.361738826380435974e+00,-3.220411690055925078e+02,-3.194238626858224794e+00
1.308593750000000035e-02,-3.364419137490899629e+03,3.432957644311541934e+00,-3.281364584662905486e+02,-3.242270362244214166e+00
1.315104166666666678e-02,-3.347512947722171702e+03,3.325234652459156059e+00,-3.205323893448005492e+02,-3.253938604724079919e+00
1.321614583333333322e-02,-3.253672761477442236e+03,2.871383471935521126e+00,-3.274089654941058143e+02,-3.225997257185008404e+00
1.328124999999999965e-02,-3.344963106574336052e+03,2.632684130765301944e+00,-3.237238729795324730e+02,-3.222249892491777512e+00
1.334635416666666609e-02,-3.202298775768276755e+03,2.728058692573861244e+00,-3.118029660809184520e+02,-3.225006534604005992e+00
1.341145833333333252e-02,-3.125074774475353024e+03,2.372239440907615737e+00,-3.100677363451191582e+02,-3.148793737576720542e+00
1.347656249999999896e-02,-3.222241836405641152e+03,2.320593179225041602e+00,-3.106327933697293133e+02,-3.091138518130390977e+00
1.354166666666666713e-02,-3.139386193168525097e+03,1.763808169887086663e+00,-3.072126830527621451e+02,-3.169709372004479775e+00
1.360677083333333356e-02,-3.049248419221377389e+03,1.978265266606267891e+00,-3.072157099579765145e+02,-3.070314395710463273e+00
1.367187500000000000e-02,-3.071100266332754018e+03,1.765844952735751594e+00,-3.038532356541639388e+02,-3.075160244638186047e+00
1.373697916666666644e-02,-3.017273604350010373e+03,9.793455183342111292e-01,-2.981085605158870067e+02,-2.992343777147845163e+00
1.380208333333333287e-02,-2.998243568703398978e+03,1.131020745518900750e+00,-2.971206606184456973e+02,-2.959288870983260544e+00
1.386718749999999931e-02,-2.883377359574997627e+03,1.088436504345626776e+00,-2.950632648483880871e+02,-2.855359136466689041e+00
1.393229166666666574e-02,-2.903645771619040261e+03,8.490917418993517707e-01,-2.851733738913961247e+02,-2.958927698870441603e+00
1.399739583333333391e-02,-2.915936541341306565e+03,1.091900871937858453e+00,-2.784390576488613078e+02,-2.949229607614253457e+00
1.406250000000000035e-02,-2.758039554358894748e+03,5.374536251269041998e-01,-2.806288492992202919e+02,-2.827452369559744216e+00
1.412760416666666678e-02,-2.743387037880475873e+03,7.101586875404104493e-01,-2.629364310002271168e+02,-2.715988730594008249e+00
1.419270833333333322e-02,-2.707312480999162290e+03,1.037014755355593065e-01,-2.710089476555064039e+02,-2.806922664264362766e+00
1.425781249999999965e-02,-2.590104533005016037e+03,3.375536301852627985e-01,-2.654127522637793390e+02,-2.628081527351239011e+00
1.432291666666666609e-02,-2.607045153069833304e+03,3.048928759163306301e-01,-2.627264539114171384e+02,-2.665946952186650343e+00
1.438802083333333252e-02,-2.570643970200138938e+03,4.853482388540355519e-01,-2.520234029732733063e+02,-2.641205648648840221e+00
1.445312499999999896e-02,-2.448895691087040177e+03,2.840848542495592599e-01,-2.563553427189137892e+02,-2.470634900287141722e+00
1.451822916666666713e-02,-2.450526102121293661e+03,2.999595816745163068e-01,-2.360743877208406900e+02,-2.487180819985237434e+00
1.458333333333333356e-02,-2.399497008744048799e+03,-3.840627931359841263e-01,-2.427315387139431664e+02,-2.307936137083051786e+00
1.464843750000000000e-02,-2.396813143094149837e+03,2.041684860500814214e-01,-2.330921628845478324e+02,-2.344722466463780020e+00
1.471354166666666644e-02,-2.364446637081694917e+03,-4.617066353520353772e-01,-2.315838864769544898e+02,-2.263803177119236398e+00
1.477864583333333287e-02,-2.270997917715244967e+03,-1.212131243761459531e-01,-2.211883675613843252e+02,-2.199145289876069942e+00
1.484374999999999931e-02,-2.123656298808549309e+03,-4.577193671856278345e-01,-2.224178896493749562e+02,-2.054700747325588051e+00
1.490885416666666574e-02,-2.079861938202594047e+03,-3.888621972232668700e-01,-2.138281440748687032e+02,-2.055965835188278579e+00
1.497395833333333391e-02,-2.029123693530405717e+03,-5.208007370746260412e-01,-1.954754026398846634e+02,-2.062735773902953262e+00
1.503906250000000035e-02,-2.029655227576728521e+03,-7.303243921093469648e-01,-2.012820868042469442e+02,-1.861631905823136979e+00
1.510416666666666678e-02,-2.015006797989368351e+03,-8.520938673350721970e-01,-1.850326299992638894e+02,-1.885542452444103567e+00
1.516927083333333322e-02,-1.887826143399652892e+03,-9.012951778640254652e-01,-1.832804852444913308e+02,-1.799569668102924958e+00
1.523437499999999965e-02,-1.755421954021257989e+03,-7.088930353750153568e-01,-1.739022354326911568e+02,-1.711925945622039036e+00
1.529947916666666609e-02,-1.647177730528621396e+03,-8.321136344421179443e-01,-1.723026813366707017e+02,-1.608840223865010799e+00
1.536458333333333252e-02,-1.578241090953373941e+03,-1.064376782472047589e+00,-1.544156833533939448e+02,-1.632737192873109811e+00
1.542968749999999896e-02,-1.539623730321442054e+03,-1.136068194015324995e+00,-1.567118776745992648e+02,-1.557470359827759943e+00
1.549479166666666713e-02,-1.536658015346484945e+03,-7.311849819885823942e-01,-1.424110197114490575e+02,-1.442540206321956120e+00
1.555989583333333356e-02,-1.383158887209933027e+03,-1.020405625939527328e+00,-1.393249330226357188e+02,-1.447578076359355537e+00
1.562500000000000000e-02,-1.384207891931901031e+03,-7.452326127416858403e-01,-1.214952855272505445e+02,-1.283737543401358261e+00
1.569010416666666644e-02,-1.186055146277997210e+03,-9.716953218998395370e-01,-1.208990051551517979e+02,-1.265629287822572557e+00
1.575520833333333287e-02,-1.085121861740188251e+03,-9.697791048533881408e-01,-1.203507666770660904e+02,-1.089698336899425524e+00
1.582031249999999931e-02,-1.042168819941559150e+03,-6.312626965474549268e-01,-1.148094824178345448e+02,-1.072287326886009806e+00
1.588541666666666574e-02,-1.018393815315610595e+03,-6.133802090865172474e-01,-9.496957939738696552e+01,-1.112823753376327218e+00
1.595052083333333218e-02,-8.985947029392565355e+02,-1.033177904866248165e+00,-9.036233619026940289e+01,-8.229870691489499235e-01
1.601562499999999861e-02,-8.197647607226435866e+02,-6.640575046983649976e-01,-8.240896702057683854e+01,-8.190018329997580393e-01
1.608072916666666505e-02,-6.858035272970417964e+02,-5.690528778511665386e-01,-7.931026117360910632e+01,-7.682012204232441244e-01
1.614583333333333148e-02,-6.436713909518202854e+02,-7.077066741023977370e-01,-6.522570674861538009e+01,-6.189400463513923256e-01
1.621093750000000139e-02,-5.339874683360347944e+02,-4.857972141630032548e-01,-5.609965606859115184e+01,-6.227528800874702064e-01
1.627604166666666782e-02,-5.295213504575567640e+02,-2.885550747288765372e-01,-5.261173318819354705e+01,-5.479168585255331791e-01
1.634114583333333426e-02,-3.953379728607736752e+02,-5.513057504843136281e-01,-3.589127616268439169e+01,-4.733405710813176626e-01
1.640625000000000069e-02,-2.893571611190202475e+02,-4.792384520615637911e-01,-3.794327770194791327e+01,-3.480626168856449931e-01
1.647135416666666713e-02,-3.392036647449538123e+02,-6.545331253719532949e-01,-3.116104826576877684e+01,-3.214968609509200603e-01
1.653645833333333356e-02,-1.839279176331042152e+02,-2.153956838813109731e-01,-1.626144039152634235e+01,-2.316239365476751300e-01
1.660156250000000000e-02,-9.323858623491058495e+01,-2.049229797068048975e-01,-1.119410931369565176e+01,-1.329896446636978924e-01
1.666666666666666644e-02,4.286717208525720579e+00,1.135399175125460514e-01,-5.653516676810679265e+00,1.063866961956445867e-02
1.673177083333333287e-02,6.180478573234334760e+01,-2.345087676159355872e-01,6.213674558614268761e+00,-1.228153439306295391e-03
1.679687499999999931e-02,1.323941849470136276e+02,5.872658122898859467e-01,1.561549675834038808e+01,1.348171936174718810e-01
1.686197916666666574e-02,2.496555687452074608e+02,2.491267651695059371e-01,2.005359560150439080e+01,3.346523586457276211e-01
1.692708333333333218e-02,3.355410795855506763e+02,4.012017259009109660e-01,3.557638269734836456e+01,3.313386690583216554e-01
1.699218749999999861e-02,3.470667434849421511e+02,2.923200390342178268e-01,4.067605788480508977e+01,3.993905440404723062e-01
1.705729166666666505e-02,5.030604296545326406e+02,7.981171146823986540e-01,5.252444846648210586e+01,4.699539384324214475e-01
1.712239583333333148e-02,5.711750150897701133e+02,5.492052171099724989e-01,5.789682054954003831e+01,6.165732521599865956e-01
1.718750000000000139e-02,6.244302916383898037e+02,7.594567401658925965e-01,5.863794996028852324e+01,5.941873796127025154e-01
1.725260416666666782e-02,6.547043431092243964e+02,8.217555126745452743e-01,7.581923028317899593e+01,7.874636906208298814e-01
1.731770833333333426e-02,8.833129513056721862e+02,1.011775605627790675e+00,8.423308297083698903e+01,7.995105112045881590e-01
1.738281250000000069e-02,8.904369501799709496e+02,1.018516062376050302e+00,9.245118558494235117e+01,9.915837252346464403e-01
1.744791666666666713e-02,9.130577200494547014e+02,1.272149174512990033e+00,9.667401520989142227e+01,9.263159815853794221e-01
1.751302083333333356e-02,1.062051104117816067e+03,1.510144821104947077e+00,1.074545141411324067e+02,9.406612618786363011e-01
1.757812500000000000e-02,1.159621372756877690e+03,1.537627033153468714e+00,1.138317320842995315e+02,1.087370932959616843e+00
1.764322916666666644e-02,1.147975343052684138e+03,1.873414343267014281e+00,1.255879937440791991e+02,1.196589721700137332e+00
1.770833333333333287e-02,1.209821817319409774e+03,2.209207470097242165e+00,1.298008541473566311e+02,1.196192793651528419e+00
1.777343749999999931e-02,1.446292028496220155e+03,2.136230664114025402e+00,1.314365497477287192e+02,1.302178061518250995e+00
1.783854166666666574e-02,1.432261429190986973e+03,1.965718021523601644e+00,1.453274929285066719e+02,1.370166054935231248e+00
1.790364583333333218e-02,1.529736217450622917e+03,2.516842358769607824e+00,1.522886275249204004e+02,1.443864877433164606e+00
1.796874999999999861e-02,1.706787394359688278e+03,2.574300784869291814e+00,1.567320409395909451e+02,1.591867272501522379e+00
1.803385416666666505e-02,1.570918387998370235e+03,3.187452092616394950e+00,1.736914161685817533e+02,1.713628565271885229e+00
1.809895833333333148e-02,1.689737769886482511e+03,3.439309205528490843e+00,1.783227654938908984e+02,1.788941391300958639e+00
1.816406250000000139e-02,1.788068937706451607e+03,2.532932815874666677e+00,1.798721840361317845e+02,1.754981397280697131e+00
1.822916666666666782e-02,1.900310869153398471e+03,3.003610894522733332e+00,1.805914143274747516e+02,1.828561548276086857e+00
1.829427083333333426e-02,1.934266421337996690e+03,3.426683686470455736e+00,1.958018585960605549e+02,1.899192477682111635e+00
1.835937500000000069e-02,2.039295285995124914e+03,4.030676833907373080e+00,1.991118111093198593e+02,2.037760954778491840e+00
1.842447916666666713e-02,2.102450542809935541e+03,3.693649548568358920e+00,2.152869882898586411e+02,2.092587241768730788e+00
1.848958333333333356e-02,2.112596206157288634e+03,4.332174928975391026e+00,2.096719018141554045e+02,2.063641606445930865e+00
1.855468750000000000e-02,2.285178777419360358e+03,4.466139668468279034e+00,2.146810154111536235e+02,2.205744481281571190e+00
1.861979166666666644e-02,2.258733838980502242e+03,5.117954646958875031e+00,2.276244917347936223e+02,2.256562193625543333e+00
1.868489583333333287e-02,2.336447446814041541e+03,4.831697305884372184e+00,2.213482476284156917e+02,2.361571003438836414e+00
1.874999999999999931e-02,2.444666165349611219e+03,5.148604936963825374e+00,2.291390114345578866e+02,2.432198977488384983e+00
1.881510416666666574e-02,2.459460463672761307e+03,5.249575953336337975e+00,2.376239443567667706e+02,2.459505050069507703e+00
1.888020833333333218e-02,2.458035187663215765e+03,5.218917732659333453e+00,2.484679812594310704e+02,2.412470275889825544e+00
1.894531249999999861e-02,2.595919798476280903e+03,5.457079257198688360e+00,2.467016348339473950e+02,2.526228376437081202e+00
1.901041666666666505e-02,2.627785922811047840e+03,6.165701187007949002e+00,2.657897341965441456e+02,2.583057252561195671e+00
1.907552083333333148e-02,2.674577221702141287e+03,6.249113332416499134e+00,2.641697285684022631e+02,2.637407829372258927e+00
1.914062500000000139e-02,2.682889542214467383e+03,6.487553216742932172e+00,2.726174608112983151e+02,2.581421631139819262e+00
1.920572916666666782e-02,2.755238949268833494e+03,6.490041877599225018e+00,2.784504028345582469e+02,2.808654433640771497e+00
1.927083333333333426e-02,2.879118479972081786e+03,7.126578352581280917e+00,2.714868676003979431e+02,2.821888980570570471e+00
1.933593750000000069e-02,2.850008934095432778e+03,6.767246964452840352e+00,2.924073349734940734e+02,2.809130512624039344e+00
1.940104166666666713e-02,2.885733672640739314e+03,7.523377191286559018e+00,2.848079720254081053e+02,2.909889050697001878e+00
1.946614583333333356e-02,3.012969039834807518e+03,7.715901615723413265e+00,2.892615125569810743e+02,2.871195456250247524e+00
1.953125000000000000e-02,2.974631661638292826e+03,7.997864468638184121e+00,2.950665352377142199e+02,2.942858867637565989e+00
1.959635416666666644e-02,2.963913013993783807e+03,8.271934654096330775e+00,2.883174098845479989e+02,2.939339742746500228e+00
1.966145833333333287e-02,3.048729870849033887e+03,8.365073694449014496e+00,2.965063038694215720e+02,3.028996952738954196e+00
1.972656249999999931e-02,3.089913768682650243e+03,8.696718776255814021e+00,3.109588270489625188e+02,3.066152949528341054e+00
1.979166666666666574e-02,3.085089469110816481e+03,9.189900928194825624e+00,3.081790120416385435e+02,3.073948783966887088e+00
1.985677083333333218e-02,3.163648725009403279e+03,9.140920619093327204e+00,3.137249754456896653e+02,3.198312302732574164e+00
1.992187499999999861e-02,3.163600885682384160e+03,9.129233354061527805e+00,3.225004029722795735e+02,3.185603587087658006e+00
1.998697916666666505e-02,3.204241235109023819e+03,9.151079479202675060e+00,3.204404939702416186e+02,3.143465874974632257e+00
2.005208333333333148e-02,3.226870794658495015e+03,9.950181405870118567e+00,3.235083105930509646e+02,3.184763346633030068e+00
2.011718750000000139e-02,3.261361119391172906e+03,9.553227091384387748e+00,3.219285513401724756e+02,3.255382902593976002e+00
2.018229166666666782e-02,3.264505640591943575e+03,1.037819131138213002e+01,3.219204980516470869e+02,3.225910156239470972e+00
2.024739583333333426e-02,3.326302271346195994e+03,1.033026932236166218e+01,3.146716947040137597e+02,3.209324497126149200e+00
2.031250000000000069e-02,3.414294389712573775e+03,1.085586597721245461e+01,3.333323120110855484e+02,3.264060300632737555e+00
2.037760416666666713e-02,3.320681224764000035e+03,1.090371296489872854e+01,3.152198707760947514e+02,3.270021171123604464e+00
2.044270833333333356e-02,3.376696096788489740e+03,1.090235641433419822e+01,3.372464781048738587e+02,3.398022732517461453e+00
2.050781250000000000e-02,3.403386652842125386e+03,1.138669300131420314e+01,3.289355505086786593e+02,3.308365061244427530e+00
2.057291666666666644e-02,3.405229442183829178e+03,1.127884812777633528e+01,3.318328369995733169e+02,3.436101308688702449e+00
2.063802083333333287e-02,3.421773314090246458e+03,1.130306319017198469e+01,3.383394037116713662e+02,3.362848613661138852e+00
2.070312499999999931e-02,3.444333724182335118e+03,1.176256421925714513e+01,3.340118265538840205e+02,3.219723691174865898e+00
2.076822916666666574e-02,3.442992677318557980e+03,1.204536138930321343e+01,3.313051282483262980e+02,3.309731831530730695e+00
2.083333333333333218e-02,3.396037064418904720e+03,1.212409116311481760e+01,3.324388400858787804e+02,3.287700559669808786e+00
2.089843749999999861e-02,3.405292500643020048e+03,1.261560881080537300e+01,3.279652883839212905e+02,3.285894318514021251e+00
2.096354166666666505e-02,3.412837349215931681e+03,1.299780829755745870e+01,3.415929913348204536e+02,3.346235924024723030e+00
2.102864583333333148e-02,3.363659231761805131e+03,1.267588140952610587e+01,3.285735808494023900e+02,3.354199498428662718e+00
2.109375000000000139e-02,3.311091897903766494e+03,1.304141754799277919e+01,3.354178288920090836e+02,3.389926140786946096e+00
2.115885416666666782e-02,3.379718799151820804e+03,1.351039778457465168e+01,3.319090020636430154e+02,3.257763128367996419e+00
2.122395833333333426e-02,3.354172666779982592e+03,1.344445576616378801e+01,3.290535451440003953e+02,3.370678772044832794e+00
2.128906250000000069e-02,3.315719020326395821e+03,1.394991805152724318e+01,3.294881410076470729e+02,3.379978726016853230e+00
2.135416666666666713e-02,3.300043255198870156e+03,1.426623171416874847e+01,3.356450768377602003e+02,3.329173718629370615e+00
2.141927083333333356e-02,3.317538730454453798e+03,1.418286030568414624e+01,3.284271702512859861e+02,3.332929964128722666e+00
2.148437500000000000e-02,3.277190580435637003e+03,1.450166247224870375e+01,3.135127975612864475e+02,3.274841021300445743e+00
2.154947916666666644e-02,3.382358884221391691e+03,1.512570427601189671e+01,3.248726447619559963e+02,3.146864385398004949e+00
2.161458333333333287e-02,3.197145778348933618e+03,1.506019526249798446e+01,3.227745965393019674e+02,3.211303131663756361e+00
2.167968749999999931e-02,3.273549443916368091e+03,1.498989466866138720e+01,3.159156147034149171e+02,3.155990708930502819e+00
2.174479166666666574e-02,3.182180442057746404e+03,1.502263413389351498e+01,3.107709409894936243e+02,3.093207432587014249e+00
2.180989583333333218e-02,3.224848583572920234e+03,1.542267835586308422e+01,3.105902886618840171e+02,3.212812637831056417e+00
2.187499999999999861e-02,3.109301029592239047e+03,1.552330839669761176e+01,3.021645836171071551e+02,3.158652632734507915e+00
2.194010416666666505e-02,3.105193688932335135e+03,1.543202924309343516e+01,3.047484536830771731e+02,3.046275285247948883e+00
2.200520833333333148e-02,3.037650376202805091e+03,1.605934072420752656e+01,3.028692638020475556e+02,3.014698352342912280e+00
2.207031250000000139e-02,3.032557742698818856e+03,1.574308375033941232e+01,2.936469371012084366e+02,2.911580865537799490e+00
2.213541666666666782e-02,3.052891753348019847e+03,1.620601630754437039e+01,2.892055515039418196e+02,3.068328770559105134e+00
2.220052083333333426e-02,2.888011630146807420e+03,1.633124222944126203e+01,2.894192791079119615e+02,2.876394848045545682e+00
2.226562500000000069e-02,2.859239465500263577e+03,1.616556739349135796e+01,2.908732881793102365e+02,2.949382336542881955e+00
2.233072916666666713e-02,2.896176277313650644e+03,1.659114700379938512e+01,2.768590947469386379e+02,2.790051958849782299e+00
2.239583333333333356e-02,2.876688899229264280e+03,1.657993497797422577e+01,2.787656535520078478e+02,2.726189221486766900e+00
2.246093750000000000e-02,2.733960123410134202e+03,1.702415465145845630e+01,2.759829264587100965e+02,2.675894678149802086e+00
2.252604166666666644e-02,2.678483560497965300e+03,1.664532936639954386e+01,2.748999759036918249e+02,2.730270597997629611e+00
2.259114583333333287e-02,2.653489266657114513e+03,1.687238142772988070e+01,2.624754333770233643e+02,2.639917212191820628e+00
2.265624999999999931e-02,2.660251062345902028e+03,1.714915667385380615e+01,2.660424874879155368e+02,2.630756902936130182e+00
2.272135416666666574e-02,2.543373555972925260e+03,1.727636777462853601e+01,2.494785013648204881e+02,2.628956849862814860e+00
2.278645833333333218e-02,2.477846102438667458e+03,1.742763931320217452e+01,2.490412210226939465e+02,2.460276764978047037e+00
2.285156249999999861e-02,2.407170851088708332e+03,1.777205220640995620e+01,2.403309847291963592e+02,2.498444864591798265e+00
2.291666666666666505e-02,2.367023712384790542e+03,1.766829643310706643e+01,2.425244735364336464e+02,2.347522426430566522e+00
2.298177083333333148e-02,2.428807907983446512e+03,1.788637495667224542e+01,2.200253860449935530e+02,2.273421385595164157e+00
2.304687500000000139e-02,2.302844166933345605e+03,1.783801690794234673e+01,2.266383876425771007e+02,2.298402310632386314e+00
2.311197916666666782e-02,2.227325014038241079e+03,1.780588887289662026e+01,2.232975112114789340e+02,2.165924448963791882e+00
2.317708333333333426e-02,2.145120214933321222e+03,1.825254119221531468e+01,2.188728344587240429e+02,2.139934238221632423e+00
2.324218750000000069e-02,2.106244218925779478e+03,1.777861874812995424e+01,2.024913335560309235e+02,1.989581458833616034e+00
2.330729166666666713e-02,2.018312290671673054e+03,1.776131382700032191e+01,1.954734737669185449e+02,1.963505270866732211e+00
2.337239583333333356e-02,2.047128362810846284e+03,1.820277336049147721e+01,1.998124879797376536e+02,1.926443712798422414e+00
2.343750000000000000e-02,1.934373114584823497e+03,1.790409112603898834e+01,1.830873609704551654e+02,1.789745404907694404e+00
2.350260416666666644e-02,1.921003049089811157e+03,1.799693686354586220e+01,1.737547101429306906e+02,1.794804387685099201e+00
2.356770833333333287e-02,1.692403151436823691e+03,1.825531288798445217e+01,1.715187915670944960e+02,1.764613965652517491e+00
2.363281249999999931e-02,1.749351174575922641e+03,1.824256928461958438e+01,1.686980014172309836e+02,1.653225024884868777e+00
2.369791666666666574e-02,1.605610910636020435e+03,1.853176773228692653e+01,1.654538732108892987e+02,1.457884899427970060e+00
2.376302083333333218e-02,1.568927839127205061e+03,1.814266795331136350e+01,1.514889618973005270e+02,1.442924992832867126e+00
2.382812499999999861e-02,1.519581529100448961e+03,1.884167392939877672e+01,1.493887438074747536e+02,1.429442865831363596e+00
2.389322916666666505e-02,1.302386825214653982e+03,1.840698598506877914e+01,1.383753724310763857e+02,1.373826098751425029e+00
2.395833333333333148e-02,1.348795504819657253e+03,1.795613515062521515e+01,1.204551109826374926e+02,1.308993669777055668e+00
2.402343750000000139e-02,1.191509353790411296e+03,1.849125225119423632e+01,1.246162753709402011e+02,1.184925021722452509e+00
2.408854166666666782e-02,1.189950232585510093e+03,1.839747464413435196e+01,1.143215388989100489e+02,1.131896084132228530e+00
2.415364583333333426e-02,1.106306039794101480e+03,1.852117776009630390e+01,1.094718269290739983e+02,9.923888985161436471e-01
2.421875000000000069e-02,1.050463749466448007e+03,1.839507581698474326e+01,9.215152085814088423e+01,9.467181519018076363e-01
2.428385416666666713e-02,9.066785431796957937e+02,1.825443806565185412e+01,9.415997794172099589e+01,8.513924881796227639e-01
2.434895833333333356e-02,7.713241727988545335e+02,1.821471312152664979e+01,7.588354497199475190e+01,8.299824742010469825e-01
2.441406250000000000e-02,8.376666518886046333e+02,1.833663690939701141e+01,7.308479988165859709e+01,7.643458503726111575e-01
2.447916666666666644e-02,6.618298521035519570e+02,1.817338050117451331e+01,6.860753008158945931e+01,7.044868919817991459e-01
2.454427083333333287e-02,6.386950807809669186e+02,1.791571535528154513e+01,4.203409093656603090e+01,6.496064586769879634e-01
2.460937499999999931e-02,5.129609654870373561e+02,1.825429278715606074e+01,4.302452966030234904e+01,5.962295285280112545e-01
2.467447916666666574e-02,3.888057761450676821e+02,1.820901329717292683e+01,4.424410079386863970e+01,4.213085985092081542e-01
2.473958333333333218e-02,3.075749820749130095e+02,1.781145930082741557e+01,3.450394673498318809e+01,3.097654722106040204e-01
2.480468749999999861e-02,2.776699920658110159e+02,1.775491529303796412e+01,1.843410044077314325e+01,2.695880643709638869e-01
2.486979166666666505e-02,2.439164300443965772e+01,1.776068231964853794e+01,1.046618436096801830e+01,1.412185510106747088e-01
2.493489583333333148e-02,4.504435440016295189e+01,1.774191498307377657e+01,7.684449983051691468e+00,1.068237688713664924e-02
2.500000000000000139e-02,1.691074401527003346e+01,1.749248446879456864e+01,6.482140927362786798e+00,-8.856306835133320732e-02
2.506510416666666782e-02,-4.151447522413765512e+01,1.738616055356308721e+01,-1.057127938325674421e+01,-1.113462821070758668e-01
2.513020833333333426e-02,-1.676801635583876475e+02,1.780307954852300867e+01,-2.393506629113447914e+01,-1.766142294979046734e-01
2.519531250000000069e-02,-2.436286039993310055e+02,1.725973288017970475e+01,-2.652362659135584622e+01,-2.136092891155910167e-01
2.526041666666666713e-02,-3.763836829443026204e+02,1.718626774837974835e+01,-2.944585766294069984e+01,-3.649403122674570454e-01
2.532552083333333356e-02,-4.689296226479822280e+02,1.649261875256284426e+01,-4.154847053537823598e+01,-3.814681632580519399e-01
2.539062500000000000e-02,-4.589180913258687724e+02,1.725685004865679417e+01,-3.660494480931012617e+01,-4.743121601656257735e-01
2.545572916666666644e-02,-6.500595927760321047e+02,1.664581618717991773e+01,-6.868790482938763375e+01,-5.434425945726509832e-01
2.552083333333333287e-02,-6.499654188001094326e+02,1.641457486858298509e+01,-6.697939272427487367e+01,-7.023030277905569774e-01
2.558593749999999931e-02,-7.297427220016835463e+02,1.634290611687073991e+01,-6.343867426556816724e+01,-6.683590179488645422e-01
2.565104166666666574e-02,-8.603462556721850660e+02,1.618661714995402434e+01,-8.039696099830473486e+01,-7.136057522102441375e-01
2.571614583333333218e-02,-8.565469136177298424e+02,1.605987583584990830e+01,-8.969065071262700428e+01,-8.648913941746325662e-01
2.578124999999999861e-02,-9.566409681966084690e+02,1.606440432739203317e+01,-8.978377183538376016e+01,-9.276971943391695286e-01
2.584635416666666505e-02,-1.134927210613515854e+03,1.591434715798954436e+01,-1.122048211467802901e+02,-9.791735861928527740e-01
2.591145833333333148e-02,-1.215643714054533120e+03,1.615742882173828576e+01,-1.139215699826873305e+02,-1.087586894250185621e+00
2.597656249999999792e-02,-1.211003353940895522e+03,1.606690958941424796e+01,-1.039486536286763396e+02,-1.169540297783927985e+00
2.604166666666666782e-02,-1.268241766720904934e+03,1.560460660514149112e+01,-1.297267885361979438e+02,-1.302268279443913990e+00
2.610677083333333426e-02,-1.334098083551859418e+03,1.561524214281749146e+01,-1.450762021277459439e+02,-1.276894613639097953e+00
2.617187500000000069e-02,-1.515023737282400816e+03,1.463018274313649236e+01,-1.490425303041737379e+02,-1.473238954984260607e+00
2.623697916666666713e-02,-1.450311802077629636e+03,1.489676858042031249e+01,-1.531759550858793091e+02,-1.457896789145298300e+00
2.630208333333333356e-02,-1.647578521966110657e+03,1.477955418876484828e+01,-1.585667101114330819e+02,-1.557968852795809322e+00
2.636718750000000000e-02,-1.701035699427236295e+03,1.470892333107053851e+01,-1.636655798140791660e+02,-1.601350325367862704e+00
2.643229166666666644e-02,-1.694274425203826468e+03,1.436780368532312124e+01,-1.692782173807679271e+02,-1.845361967032342454e+00
2.649739583333333287e-02,-1.800266707187208112e+03,1.401557735584184172e+01,-1.798469063575948326e+02,-1.794914616052936562e+00
2.656249999999999931e-02,-1.919388430694163162e+03,1.426730527376761870e+01,-1.943812953408221631e+02,-1.954153861337531106e+00
2.662760416666666574e-02,-1.941649684919439551e+03,1.383386496267744015e+01,-1.969469243485201275e+02,-1.922661383127869161e+00
2.669270833333333218e-02,-2.050764103499231169e+03,1.376241914353981244e+01,-1.961131694140752018e+02,-2.043142056751347191e+00
2.675781249999999861e-02,-2.104729941711224001e+03,1.328190359616590577e+01,-2.039509221397798626e+02,-2.034416755195250115e+00
2.682291666666666505e-02,-2.179924845629252559e+03,1.336495700374031337e+01,-2.158631061569732879e+02,-2.124838589391488952e+00
2.688802083333333148e-02,-2.270824899890078086e+03,1.317138097880474845e+01,-2.188183434775224043e+02,-2.249383433599279503e+00
2.695312499999999792e-02,-2.276271855155277080e+03,1.262294899345996768e+01,-2.168364228307729036e+02,-2.193858274756973703e+00
2.701822916666666782e-02,-2.370095611941706011e+03,1.251625525750969459e+01,-2.338337449547461233e+02,-2.304611150437080092e+00
2.708333333333333426e-02,-2.397693797845751760e+03,1.237886274155103905e+01,-2.399228102723903646e+02,-2.367335362230994278e+00
2.714843750000000069e-02,-2.540212836070247704e+03,1.189725664942529448e+01,-2.479099862128521465e+02,-2.414063045868161339e+00
2.721354166666666713e-02,-2.530561734433688343e+03,1.152211612588762968e+01,-2.460415068217340320e+02,-2.538499002912066871e+00
2.727864583333333356e-02,-2.522411911498077188e+03,1.138799384789759905e+01,-2.509265568791236376e+02,-2.647463142998817354e+00
2.734375000000000000e-02,-2.766217074288284493e+03,1.143347767911211932e+01,-2.572994326831439480e+02,-2.590220665956699531e+00
2.740885416666666644e-02,-2.633495114442760041e+03,1.125080804776751009e+01,-2.659427011431606616e+02,-2.772372705445572461e+00
2.747395833333333287e-02,-2.758336151181741570e+03,1.108105932783967162e+01,-2.671003355704571618e+02,-2.563481969692955609e+00
2.753906249999999931e-02,-2.721994938329178694e+03,1.087482063757093975e+01,-2.723133409012179982e+02,-2.732231249671063900e+00
2.760416666666666574e-02,-2.757919828377677277e+03,1.047047446611486698e+01,-2.797497884679804656e+02,-2.769594722081437865e+00
2.766927083333333218e-02,-2.919259266688576190e+03,1.043316229514841709e+01,-2.891837353448557906e+02,-2.879498423075405711e+00
2.773437499999999861e-02,-2.873038365537926893e+03,1.021766462161630606e+01,-2.908351863989915955e+02,-2.815530676897057827e+00
2.779947916666666505e-02,-2.990941980281431825e+03,9.456973876313270466e+00,-2.961974510835078149e+02,-2.954393099414435397e+00
2.786458333333333148e-02,-3.022181265281023570e+03,9.474527832375672531e+00,-2.972994484327568898e+02,-2.966289344262280192e+00
2.792968749999999792e-02,-3.072581598387520444e+03,9.220011770494810577e+00,-3.037117222770525018e+02,-2.997747363493205697e+00
2.799479166666666782e-02,-3.019877005700845530e+03,8.827051130300734627e+00,-3.013435487356522913e+02,-3.022742710214449069e+00
2.805989583333333426e-02,-3.038684942430938008e+03,8.678501863610383893e+00,-3.129709033237308518e+02,-3.047211459668516476e+00
2.812500000000000069e-02,-3.179618804129895580e+03,8.433467152526644028e+00,-3.071405567786937922e+02,-3.144478021646818000e+00
2.819010416666666713e-02,-3.208081173810083328e+03,8.829571598835819657e+00,-3.138022162017870187e+02,-3.143963676434082810e+00
2.825520833333333356e-02,-3.235640741435182917e+03,8.304084027131132473e+00,-3.171220034646517547e+02,-3.151394580845374271e+00
2.832031250000000000e-02,-3.288707395427049505e+03,7.986373737132100636e+00,-3.172067581025182790e+02,-3.223715651807192106e+00
2.838541666666666644e-02,-3.256933047760222053e+03,7.834007454303219653e+00,-3.211747441858759657e+02,-3.210248174824019252e+00
2.845052083333333287e-02,-3.280755399077264883e+03,7.388043167790658394e+00,-3.224753647866921824e+02,-3.277608643822278900e+00
2.851562499999999931e-02,-3.304836046183389499e+03,7.351773173326277444e+00,-3.280179953392453172e+02,-3.243215040314546993e+00
2.858072916666666574e-02,-3.251932384167365854e+03,6.766790413697068907e+00,-3.253903512983255268e+02,-3.214471610397202639e+00
2.864583333333333218e-02,-3.357456370218334087e+03,6.578661719239047301e+00,-3.411623872748911026e+02,-3.332786776573007259e+00
2.871093749999999861e-02,-3.449878328275838157e+03,6.685862275300037183e+00,-3.325745877691879855e+02,-3.335488982062821961e+00
2.877604166666666505e-02,-3.377078957044790513e+03,5.970705796536165622e+00,-3.363903153622806599e+02,-3.282534084405146935e+00
2.884114583333333148e-02,-3.322578311269748156e+03,5.906447975101391634e+00,-3.342218794060871119e+02,-3.369865613835753670e+00
2.890624999999999792e-02,-3.351722161715579659e+03,5.804897536854427997e+00,-3.308185611146836891e+02,-3.362503753532155581e+00
2.897135416666666782e-02,-3.494035168485988379e+03,5.701266248044139395e+00,-3.277969210307500134e+02,-3.390788274206073094e+00
2.903645833333333426e-02,-3.414995224818917904e+03,5.509410397907672952e+00,-3.305532667101800257e+02,-3.333792578615113023e+00
2.910156250000000069e-02,-3.366350426077567590e+03,5.216706076804062064e+00,-3.293094240445724381e+02,-3.354939172953485205e+00
2.916666666666666713e-02,-3.389366416761256005e+03,5.126639092319986268e+00,-3.374666820599006769e+02,-3.381932751980281981e+00
2.923177083333333356e-02,-3.387493986196057904e+03,5.139111677970195302e+00,-3.378591483558399773e+02,-3.353487228328509318e+00
2.929687500000000000e-02,-3.354669482574075573e+03,4.544270276975345801e+00,-3.326225016062672921e+02,-3.301438436970911550e+00
2.936197916666666644e-02,-3.452139356977015268e+03,4.148469369688965180e+00,-3.360096733043945392e+02,-3.394203365934718608e+00
2.942708333333333287e-02,-3.279837921132677366e+03,4.224128510892242616e+00,-3.350545967994027023e+02,-3.231099966683341318e+00
2.949218749999999931e-02,-3.440312777035591807e+03,3.882119013714639966e+00,-3.316029263579918620e+02,-3.393628551846207042e+00
2.955729166666666574e-02,-3.291086249355523250e+03,3.660980312354286337e+00,-3.318045095382285581e+02,-3.353963783392308606e+00
2.962239583333333218e-02,-3.322357171048858618e+03,3.610509381384407135e+00,-3.366619318095877134e+02,-3.401482641112136829e+00
2.968749999999999861e-02,-3.330241963059439058e+03,3.504236000860799560e+00,-3.366990791096876023e+02,-3.393144258296200810e+00
2.975260416666666505e-02,-3.297633223172825637e+03,3.141744026202436313e+00,-3.222441367601103366e+02,-3.361665621307937446e+00
2.981770833333333148e-02,-3.311030396715237202e+03,2.982096240512609686e+00,-3.242017578250177507e+02,-3.268581579702405815e+00
2.988281249999999792e-02,-3.302490273444549530e+03,2.975159967167371633e+00,-3.273636145364812364e+02,-3.235700536464259702e+00
2.994791666666666782e-02,-3.242210499137254374e+03,2.845165649781921324e+00,-3.304643854936002185e+02,-3.284000286519077161e+00
3.001302083333333426e-02,-3.197794193982523211e+03,1.947837168181173029e+00,-3.271609990447324208e+02,-3.134283425797602884e+00
3.007812500000000069e-02,-3.156193481448936836e+03,2.436869435653441496e+00,-3.124419451936615246e+02,-3.156462989214601222e+00
3.014322916666666713e-02,-3.158850571452784152e+03,1.752513477583025336e+00,-3.192882947204226411e+02,-3.139837172703736634e+00
3.020833333333333356e-02,-3.138141045048470914e+03,1.507843692612212960e+00,-3.097213261706186813e+02,-3.137009865889828220e+00
3.027343750000000000e-02,-3.103627920878552686e+03,1.790726881794308945e+00,-3.119894795391049911e+02,-3.135717735788942306e+00
3.033854166666666644e-02,-3.103959802917047000e+03,1.507865637226547983e+00,-3.127224259514302958e+02,-3.062427324746614055e+00
3.040364583333333287e-02,-2.957622017004180634e+03,1.076090470910140207e+00,-3.036335893634729359e+02,-2.972008317868632066e+00
3.046874999999999931e-02,-2.896486174149598355e+03,9.882985116646428869e-01,-2.992234714078414868e+02,-2.895297547117258397e+00
3.053385416666666574e-02,-2.926578978406950682e+03,1.260974292717469192e+00,-2.923514011476568726e+02,-2.981373476388804011e+00
3.059895833333333218e-02,-2.903494243559933693e+03,6.308850318277747782e-01,-2.907444507572730572e+02,-2.897157044108193524e+00
3.066406249999999861e-02,-2.776604750710507233e+03,1.278199459454565368e+00,-2.851190836359176046e+02,-2.882744175552186761e+00
3.072916666666666505e-02,-2.868879095357126516e+03,4.363471184686260607e-01,-2.880977377799401324e+02,-2.788532749474606831e+00
3.079427083333333148e-02,-2.732820653857556863e+03,1.884126494350180092e-01,-2.784363894889788753e+02,-2.867878581689672135e+00
3.085937499999999792e-02,-2.668729084875748867e+03,4.756507775798823889e-01,-2.719147160033667205e+02,-2.727659953811103932e+00
3.092447916666666782e-02,-2.600502743692259628e+03,3.401205582556096063e-01,-2.671288013346901380e+02,-2.625673317131763884e+00
3.098958333333333426e-02,-2.539607603084347375e+03,4.519291342870158101e-01,-2.557643056076254027e+02,-2.654129296179538855e+00
3.105468750000000069e-02,-2.497849004719775166e+03,-1.885312694393338068e-03,-2.520182494300922542e+02,-2.615911780371645623e+00
3.111979166666666713e-02,-2.554861578339971857e+03,2.382735887867771518e-01,-2.421039894877877714e+02,-2.487932068174536493e+00
3.118489583333333356e-02,-2.456346037881869506e+03,-3.784479326638899299e-01,-2.450114826132891324e+02,-2.479878256931643765e+00
3.125000000000000000e-02,-2.496027070103474216e+03,-2.628673353946485713e-01,-2.357297470439542622e+02,-2.375505815599770809e+00
3.131510416666666297e-02,-2.378290462168797148e+03,-5.144134288670565436e-02,-2.304948205393623653e+02,-2.404348440389027619e+00
3.138020833333333287e-02,-2.290020276502625620e+03,-4.682443520806823245e-01,-2.230656752088316921e+02,-2.238792257056880786e+00
3.144531250000000278e-02,-2.230331969636484246e+03,-7.305083067402493580e-01,-2.234172906902531679e+02,-2.163400683650816170e+00
3.151041666666666574e-02,-2.069122966400528639e+03,-2.255302636453807019e-01,-2.217419873403568999e+02,-2.072266714247976260e+00
3.157552083333333565e-02,-2.051314391881490337e+03,-5.068205354257663275e-01,-2.057712075879338443e+02,-2.073780352972419472e+00
3.164062499999999861e-02,-2.083513494938065833e+03,-7.463529511511041159e-01,-1.996451548589573974e+02,-2.044064587189639681e+00
3.170572916666666852e-02,-1.993020201729013252e+03,-7.376704660818788062e-01,-1.845848453920361578e+02,-1.968816957910007215e+00
3.177083333333333148e-02,-1.864622876234432852e+03,-1.210609743831537299e+00,-1.939415067709267646e+02,-1.977077455299304676e+00
3.183593750000000139e-02,-1.740384694932797856e+03,-1.046002776234568721e+00,-1.751187381485141543e+02,-1.789313798731366534e+00
3.190104166666666435e-02,-1.694650414910103336e+03,-9.856186567205551530e-01,-1.706587622000195950e+02,-1.751820215942422987e+00
3.196614583333333426e-02,-1.610907129416731550e+03,-7.886925381761783482e-01,-1.683491080675025842e+02,-1.678398728196441203e+00
3.203124999999999722e-02,-1.576977493688045115e+03,-9.393637820100292357e-01,-1.554915536234470892e+02,-1.646131313052685563e+00
3.209635416666666713e-02,-1.460321097320768331e+03,-8.170870311034341693e-01,-1.524979203307269131e+02,-1.573138584006902985e+00
3.216145833333333010e-02,-1.365297827909875195e+03,-8.002477842383668438e-01,-1.478628014661147745e+02,-1.467899669844844546e+00
3.222656250000000000e-02,-1.426502684285186660e+03,-7.500258275989410972e-01,-1.404021386976136228e+02,-1.390420129128438820e+00
3.229166666666666297e-02,-1.454537566093310261e+03,-1.035667044524285707e+00,-1.281893625571493942e+02,-1.299904808701976666e+00
3.235677083333333287e-02,-1.237919727203332286e+03,-1.018614102179392633e+00,-1.199472455592130302e+02,-1.283374486623553468e+00
3.242187500000000278e-02,-1.137197958634925953e+03,-1.296134611153530569e+00,-1.167573424441456353e+02,-1.197451709013277243e+00
3.248697916666666574e-02,-1.106849868275674908e+03,-9.229780007118455476e-01,-1.137470895217497144e+02,-1.144892438975535276e+00
3.255208333333333565e-02,-1.090620585301086521e+03,-6.873763346975333421e-01,-9.617056433508948032e+01,-9.747011134936893750e-01
3.261718749999999861e-02,-8.910427956489013468e+02,-7.959671310109313058e-01,-8.718208757470554815e+01,-9.546446631081167977e-01
3.268229166666666852e-02,-8.618349204383487177e+02,-1.386702301375975832e+00,-8.467124777256013601e+01,-8.827399480324158443e-01
3.274739583333333148e-02,-7.156152924657571930e+02,-8.207391036896247716e-01,-7.986286745042414736e+01,-7.263698886407097266e-01
3.281250000000000139e-02,-6.334692975603659306e+02,-7.361954688465125463e-01,-6.917384765953603676e+01,-6.806364914459799298e-01
3.287760416666666435e-02,-5.583589652275602475e+02,-1.155971473438241803e+00,-6.323691920241628850e+01,-6.524840777876895759e-01
3.294270833333333426e-02,-4.563431381637399227e+02,-9.276727148902876863e-01,-5.117459102166767337e+01,-5.417492128514520555e-01
3.300781249999999722e-02,-5.018550574557672803e+02,-7.098581127043280814e-01,-4.008642762000916093e+01,-3.388858933840442900e-01
3.307291666666666713e-02,-2.769557885064663765e+02,-5.815989648302517523e-01,-3.210071654240365291e+01,-2.606262094489550374e-01
3.313802083333333010e-02,-2.961443287444893713e+02,-4.931771921950345861e-01,-2.993673147624594577e+01,-2.748830540508214182e-01
3.320312500000000000e-02,-1.416257561014522821e+02,-5.457727530926931303e-01,-2.511555741933829111e+01,-1.273425894683285209e-01
3.326822916666666297e-02,-5.796339244913045263e+01,-2.577260612715032706e-01,-7.674132142047916716e+00,-9.176406576048082298e-02
3.333333333333333287e-02,6.496599422811438984e+00,1.277371859281142275e-01,-6.420085308129534596e+00,-9.712080275876089352e-02
3.339843750000000278e-02,1.015224956973962804e+02,-7.766823638909770011e-01,1.098867922551364451e+00,7.222038126956450976e-02
3.346354166666666574e-02,1.454107856706123414e+02,-5.876806555657034664e-02,7.732992643812941047e+00,1.484456708397197122e-01
3.352864583333333565e-02,2.265408943655250766e+02,3.744491257500752457e-02,2.854997751517621296e+01,2.329920332417408091e-01
3.359374999999999861e-02,2.941940748228987559e+02,2.871326553074986521e-01,3.450465549290651524e+01,3.134255167180607371e-01
3.365885416666666852e-02,3.916877671282109645e+02,6.595951521450732491e-03,4.478141546464017608e+01,4.037018738702194964e-01
3.372395833333333148e-02,5.718131617466802936e+02,8.104841513457810009e-01,4.294486822282564020e+01,4.025427855102231556e-01
3.378906250000000139e-02,6.121865004939007804e+02,4.001358519512324685e-01,5.596325897937435911e+01,5.731355532981794454e-01
3.385416666666666435e-02,6.806519220654106448e+02,7.916927202404245856e-01,6.175347201868690661e+01,5.978565466561548414e-01
3.391927083333333426e-02,7.267699395590332188e+02,7.705438114496453439e-01,7.600252309428844910e+01,7.437140781236950549e-01
3.398437499999999722e-02,8.158944105313743194e+02,7.259740085480014260e-01,9.033509868780126340e+01,8.097539849049590899e-01
3.404947916666666713e-02,8.452276174411092597e+02,1.001492306004543531e+00,8.103713869139126302e+01,9.170175092761018165e-01
3.411458333333333010e-02,9.949416917492110315e+02,1.292357298569638546e+00,9.225135551393903199e+01,9.859944646825724579e-01
3.417968750000000000e-02,1.108804033503653045e+03,1.701284169584332151e+00,1.039936025938186646e+02,1.114396263133313525e+00
3.424479166666666297e-02,1.128158269268444883e+03,1.505236819061406273e+00,1.050034686267770923e+02,1.193281574111730858e+00
3.430989583333333287e-02,1.218770182767035067e+03,1.655605039048607452e+00,1.121865472852361307e+02,1.209951082504705511e+00
3.437500000000000278e-02,1.353027777856179227e+03,1.541238909793020362e+00,1.272176180286375455e+02,1.229993159482402731e+00
3.444010416666666574e-02,1.313505859035344884e+03,1.829610760784688095e+00,1.412142821229647041e+02,1.379288947959905309e+00
3.450520833333333565e-02,1.434490128893203291e+03,1.928423950444264401e+00,1.413882756602139636e+02,1.454156543173823257e+00
3.457031249999999861e-02,1.545429543973514683e+03,2.723753252651489376e+00,1.529530078727036653e+02,1.531034714472226721e+00
3.463541666666666852e-02,1.578376254028044286e+03,2.442760026772627047e+00,1.515075530776453832e+02,1.526967765205896832e+00
3.470052083333333148e-02,1.680854072037094284e+03,2.405338269216435343e+00,1.580324105963521504e+02,1.616024950742990018e+00
3.476562500000000139e-02,1.724362402283783467e+03,3.042274419188799151e+00,1.731553041051299999e+02,1.761270854357479543e+00
3.483072916666666435e-02,1.727791245349547353e+03,3.159781883377231981e+00,1.815700325709957212e+02,1.778766952776962729e+00
3.489583333333333426e-02,1.838475194611330380e+03,3.018708139096824006e+00,1.836592816183734556e+02,1.867310783921982242e+00
3.496093749999999722e-02,2.045961491952476536e+03,3.732509909148179261e+00,1.891971207863640814e+02,1.959674781557654732e+00
3.502604166666666713e-02,1.907556660550354309e+03,3.306081415603721929e+00,2.028401482551613526e+02,1.952767423990947604e+00
3.509114583333333010e-02,2.056405106874015928e+03,3.769490869220665896e+00,2.106516211724088805e+02,2.105385945274426795e+00
3.515625000000000000e-02,2.143537977729845352e+03,3.682885757866787735e+00,2.081536884003945715e+02,2.092963346153111637e+00
3.522135416666666297e-02,2.238847621809945394e+03,4.477382712646567953e+00,2.079608848786874091e+02,2.241476628433773044e+00
3.528645833333333287e-02,2.235573705283901745e+03,4.545884106548428782e+00,2.190820467788216774e+02,2.234628878386406559e+00
3.535156250000000278e-02,2.302415150187226118e+03,4.619067847309151098e+00,2.356235170406118300e+02,2.346374344963579439e+00
3.541666666666666574e-02,2.428217254583242266e+03,4.759979377037168113e+00,2.280358998696957258e+02,2.430855155074736373e+00
3.548177083333333565e-02,2.498718914553290688e+03,4.876991686800273840e+00,2.437982532044295567e+02,2.442834705241218263e+00
3.554687499999999861e-02,2.481465867394658289e+03,5.620353998464494794e+00,2.437904219512433031e+02,2.436793596863849665e+00
3.561197916666666852e-02,2.584161922976748428e+03,5.736305436759344012e+00,2.511943949769097912e+02,2.566442400617813924e+00
3.567708333333333148e-02,2.661797051852001914e+03,6.084301348766042672e+00,2.578455771844987225e+02,2.556098468789550271e+00
3.574218750000000139e-02,2.675861381012248330e+03,6.288214178826248890e+00,2.633889328818687545e+02,2.685800991443700436e+00
3.580729166666666435e-02,2.631056573170822958e+03,5.989120464528258303e+00,2.653253975353291594e+02,2.635026575252559233e+00
3.587239583333333426e-02,2.820248764854805813e+03,5.934896202498416429e+00,2.717699184025383943e+02,2.753793529616892055e+00
3.593749999999999722e-02,2.798508599168048477e+03,6.704530188216439868e+00,2.810056022462590590e+02,2.717920184460338451e+00
3.600260416666666713e-02,2.853020854806505668e+03,6.817447310630862845e+00,2.831372802596056886e+02,2.779069925830001786e+00
3.606770833333333010e-02,2.882940829965565626e+03,7.220858186933896583e+00,2.907197403553490176e+02,2.820306846553836344e+00
3.613281250000000000e-02,2.996927602697277507e+03,7.394968498669330259e+00,2.812780547604640446e+02,2.924256407997160689e+00
3.619791666666666297e-02,2.904640339608352861e+03,7.729175679754805017e+00,2.977798941312976240e+02,2.950795540845374099e+00
3.626302083333333287e-02,3.038233595845705622e+03,7.862642519371623173e+00,2.996272245597559731e+02,2.884294617896837387e+00
3.632812500000000278e-02,3.073787724644759237e+03,8.239532720956868062e+00,3.050073376861306542e+02,2.877792404594285980e+00
3.639322916666666574e-02,3.112587168852976902e+03,8.483974483474463923e+00,3.073499881979881252e+02,3.031210235515577445e+00
3.645833333333333565e-02,3.257481975528832663e+03,8.362411010923523236e+00,3.044869308579463905e+02,3.102091924833647596e+00
3.652343749999999861e-02,3.200512028245495003e+03,9.046238920855245169e+00,3.104111336180704939e+02,3.128281593276889705e+00
3.658854166666666852e-02,3.193433230824674865e+03,8.900289705055866918e+00,3.112798765268946681e+02,3.168464660323132343e+00
3.665364583333333148e-02,3.279207067739072500e+03,9.484709783623843649e+00,3.230436228289975134e+02,3.244357418723454511e+00
3.671875000000000139e-02,3.142181947461577693e+03,9.580546559163133580e+00,3.225024455643035708e+02,3.211728118351870442e+00
3.678385416666666435e-02,3.279738949156913350e+03,9.815414116135423583e+00,3.220845826419048308e+02,3.218683176457102224e+00
3.684895833333333426e-02,3.266661663971731286e+03,9.606344908329097265e+00,3.304454693139082906e+02,3.243370584063599349e+00
3.691406249999999722e-02,3.297780445667246568e+03,1.039132747150903668e+01,3.269395155476585728e+02,3.407888885035856852e+00
3.697916666666666713e-02,3.362833209539643121e+03,1.057461866787582672e+01,3.319431394636692971e+02,3.186567003152383393e+00
3.704427083333333010e-02,3.305488325356407131e+03,1.097044694492260675e+01,3.332928021037502617e+02,3.258938456866224076e+00
3.710937500000000000e-02,3.362164146920342318e+03,1.065863584028971189e+01,3.268469485180328888e+02,3.309461294431714773e+00
3.717447916666666297e-02,3.334306781918887737e+03,1.109486964178027435e+01,3.311289752707831440e+02,3.352792606642174711e+00
3.723958333333333287e-02,3.405486343325080270e+03,1.158598116550429857e+01,3.314798045257391550e+02,3.397112133929250266e+00
3.730468750000000278e-02,3.312686608610485109e+03,1.164143273270960144e+01,3.272901991389907721e+02,3.309593143612645338e+00
3.736979166666666574e-02,3.348630544507982449e+03,1.175034146438706273e+01,3.347451457612671675e+02,3.291516533099895003e+00
3.743489583333333565e-02,3.352073185642277167e+03,1.195520867307387114e+01,3.305253621334468335e+02,3.292455452348324929e+00
3.749999999999999861e-02,3.346581276338134103e+03,1.243351224505721575e+01,3.401892948143867557e+02,3.406146411767564608e+00
3.756510416666666852e-02,3.411440928716333929e+03,1.286874729091248426e+01,3.361630384228182606e+02,3.377028834917903843e+00
3.763020833333333148e-02,3.390467382917283885e+03,1.266741647675158156e+01,3.412522077442082491e+02,3.409922426278132690e+00
3.769531250000000139e-02,3.386651305441239856e+03,1.297126328902370673e+01,3.330521677720667526e+02,3.380987681089769659e+00
3.776041666666666435e-02,3.287625919948824048e+03,1.287796440083851301e+01,3.415452180467882499e+02,3.275398814400890757e+00
3.782552083333333426e-02,3.407584256086458026e+03,1.296068316763648198e+01,3.307350004415457079e+02,3.292031828890733980e+00
3.789062499999999722e-02,3.370566290355311594e+03,1.307018145453538871e+01,3.225925029749961936e+02,3.235792839309870494e+00
3.795572916666666713e-02,3.360997347710286249e+03,1.376905014246231040e+01,3.273715703771021595e+02,3.265621650433895518e+00
3.802083333333333010e-02,3.274081913173416069e+03,1.356000514010545110e+01,3.314507215030152452e+02,3.344420065724530211e+00
3.808593750000000000e-02,3.329118620516733245e+03,1.431160446442435941e+01,3.271655893759414084e+02,3.211930223655758088e+00
3.815104166666666297e-02,3.371400897945733050e+03,1.421639948789497332e+01,3.221282107902829352e+02,3.225173015125241349e+00
3.821614583333333287e-02,3.248921412482976848e+03,1.464019883510624531e+01,3.245351567201632861e+02,3.284174616714355732e+00
3.828125000000000278e-02,3.234895806807259305e+03,1.437544504202308815e+01,3.215064556322207068e+02,3.217690158725215799e+00
3.834635416666666574e-02,3.315896385658391864e+03,1.482389954706943946e+01,3.145767274786820167e+02,3.251624582707932198e+00
3.841145833333333565e-02,3.205168530536712296e+03,1.525750215064372739e+01,3.111938291373566017e+02,3.163328737901429655e+00
3.847656249999999861e-02,3.211075624635109762e+03,1.535888071534390598e+01,3.206594340121209257e+02,3.076116829097061522e+00
3.854166666666666852e-02,3.112119698011899345e+03,1.521842894308782412e+01,3.069104509759117150e+02,3.090032723450839125e+00
3.860677083333333148e-02,3.120942613278347835e+03,1.489052834075289589e+01,3.116339782447790867e+02,2.973791367785066253e+00
3.867187500000000139e-02,3.068456235805726465e+03,1.564593984599660281e+01,3.082336846871828016e+02,2.924131035677789203e+00
3.873697916666666435e-02,3.050812032300023930e+03,1.589040272212741201e+01,2.956717556924941164e+02,3.043308167307421375e+00
3.880208333333333426e-02,2.940693114284018520e+03,1.556111184695317107e+01,2.971772912515301641e+02,2.978408779244517746e+00
3.886718749999999722e-02,2.957546336442876964e+03,1.632177370111248749e+01,2.879399916775865904e+02,2.998259061872059039e+00
3.893229166666666713e-02,2.892557022010558740e+03,1.632459411520091308e+01,2.975345001835647736e+02,2.822364352528720755e+00
3.899739583333333010e-02,2.903720018568164505e+03,1.671607615981770323e+01,2.835634342341229512e+02,2.877638986444853941e+00
3.906250000000000000e-02,2.871650601697073398e+03,1.657460056118700820e+01,2.828141496469266372e+02,2.766661652148416639e+00
3.912760416666666297e-02,2.772778156468025372e+03,1.671939824664961805e+01,2.689684484506990998e+02,2.784887347785037548e+00
3.919270833333333287e-02,2.643101745284369827e+03,1.693164238393877952e+01,2.604578765743979147e+02,2.678162725714373416e+00
3.925781250000000278e-02,2.689309692284801713e+03,1.721484227893438756e+01,2.697046980697326148e+02,2.665240992731369829e+00
3.932291666666666574e-02,2.658531692441843461e+03,1.703673047779835770e+01,2.640289904295643169e+02,2.536868634798727928e+00
3.938802083333333565e-02,2.510040203771276083e+03,1.711225896712541328e+01,2.432226055216470684e+02,2.537684081382938217e+00
3.945312499999999861e-02,2.470282804890945499e+03,1.742555933249628808e+01,2.516585245628051553e+02,2.538075025667634321e+00
3.951822916666666852e-02,2.435390760582815801e+03,1.752557291092949043e+01,2.400760843929131738e+02,2.489239637455415100e+00
3.958333333333333148e-02,2.411229774358517716e+03,1.732112919978819932e+01,2.450457365474092910e+02,2.391482832408479808e+00
3.964843750000000139e-02,2.358916743573950043e+03,1.751705231099379034e+01,2.434477959110736833e+02,2.259297765073176922e+00
3.971354166666666435e-02,2.271891923256167047e+03,1.757179853060068453e+01,2.232103836054470491e+02,2.228755320582120891e+00
3.977864583333333426e-02,2.320320637216093019e+03,1.777258465235247797e+01,2.193723377934198595e+02,2.194648450484167235e+00
3.984374999999999722e-02,2.151114952958820595e+03,1.752633153189922055e+01,2.197459493953347760e+02,2.087765147168461066e+00
3.990885416666666713e-02,2.094270912714181122e+03,1.791870310597517957e+01,2.145326118380485809e+02,2.026931623389081949e+00
3.997395833333333010e-02,2.015604502122154145e+03,1.812780228125742710e+01,1.974844255701789564e+02,2.035987465400570517e+00
4.003906250000000000e-02,1.913307716421535360e+03,1.783123757778053431e+01,1.947666509915390805e+02,1.944355461712431454e+00
4.010416666666666297e-02,1.890743886769384289e+03,1.768245796743229903e+01,1.824145282255908285e+02,1.747385728372697011e+00
4.016927083333333287e-02,1.756855740534771030e+03,1.789200369877466201e+01,1.781431170331667602e+02,1.755196562379395253e+00
4.023437500000000278e-02,1.754783946501709806e+03,1.814623765080497009e+01,1.724647483748243246e+02,1.688435691417632611e+00
4.029947916666666574e-02,1.629934298142039097e+03,1.819805571226774532e+01,1.638820181436098267e+02,1.648185688027579143e+00
4.036458333333333565e-02,1.592109243013682317e+03,1.783192452246830939e+01,1.655451521305707274e+02,1.598229095940035149e+00
4.042968749999999861e-02,1.463726188834128834e+03,1.766218410081221535e+01,1.457522393543621035e+02,1.564978428711097047e+00
4.049479166666666852e-02,1.389758439739918686e+03,1.836064362018022678e+01,1.418562112069697321e+02,1.423194511013020636e+00
4.055989583333333148e-02,1.368445007633056093e+03,1.837955844260841687e+01,1.400417646930724231e+02,1.317746258718708541e+00
4.062500000000000139e-02,1.304331230513610535e+03,1.848559034198163786e+01,1.270235347016198517e+02,1.165314541678813764e+00
4.069010416666666435e-02,1.268643567681823470e+03,1.832116867477037658e+01,1.136089859914793578e+02,1.155315379633518935e+00
4.075520833333333426e-02,1.202670767589247816e+03,1.802085301424463992e+01,1.030471268337044108e+02,1.204558015084198797e+00
4.082031249999999722e-02,1.041007574722061690e+03,1.848855797275183122e+01,1.004472519613182584e+02,1.029417255243654905e+00
4.088541666666666713e-02,1.133014383872342250e+03,1.838020535808173506e+01,9.747739022928448094e+01,9.509427945375752422e-01
4.095052083333333010e-02,8.618339658482793766e+02,1.753977725899898132e+01,8.526940042730937819e+01,8.991137679367335878e-01
4.101562500000000000e-02,8.504574982227063629e+02,1.820070209917092185e+01,8.789977307950580609e+01,8.612950904435754396e-01
4.108072916666666297e-02,7.196228130840682979e+02,1.831666108869931620e+01,6.460144262143369076e+01,8.164632496650544580e-01
4.114583333333333287e-02,7.131874649092060281e+02,1.803163853894299251e+01,6.256473753318885400e+01,6.578099849284824163e-01
4.121093750000000278e-02,6.192746572794816302e+02,1.828345238347919732e+01,6.116513494521290539e+01,5.659522987545931860e-01
4.127604166666666574e-02,4.870843472516477277e+02,1.797384537333606147e+01,5.007251255045813565e+01,4.781759327113896951e-01
4.134114583333333565e-02,3.633838992790378484e+02,1.778700129404981567e+01,4.568648459287743435e+01,3.822452616122915536e-01
4.140624999999999861e-02,3.714879131136632395e+02,1.784627644123162682e+01,3.342884723942228931e+01,3.281365765404031243e-01
4.147135416666666852e-02,2.296407891982656508e+02,1.755008820767380939e+01,2.511123471361492321e+01,2.311517669988009671e-01
4.153645833333333148e-02,1.263767736021332837e+02,1.772420729868050060e+01,1.142844353273941493e+01,1.611368940974408082e-01
4.160156250000000139e-02,2.459063674876790628e+02,1.745294889472115329e+01,7.497181716539634166e+00,9.149564322949466089e-02
4.166666666666666435e-02,2.506270427312065063e+00,1.771991504788736549e+01,-5.332732931333387327e+00,-4.957242607421508129e-02
4.173177083333333426e-02,-9.945329592326038437e+01,1.747411486190764762e+01,-5.725837711339612390e+00,-2.769701178014010584e-02
4.179687499999999722e-02,-1.767341782957639964e+02,1.736424398827836413e+01,-8.774318466718106890e+00,-1.475876492124721662e-01
4.186197916666666713e-02,-3.048921845900621861e+02,1.699128918475759420e+01,-1.547400619050377379e+01,-2.563216936087965858e-01
4.192708333333333010e-02,-2.502870902364859944e+02,1.720248583819968857e+01,-2.913881021121311576e+01,-2.362048564130802553e-01
4.199218750000000000e-02,-3.821912978475731961e+02,1.704146515919303795e+01,-4.136306528303668983e+01,-4.005984648375567891e-01
4.205729166666666297e-02,-4.517847247866283169e+02,1.715842051123423317e+01,-4.523746757366289728e+01,-5.679740590357151842e-01
4.212239583333333287e-02,-5.103445259272354519e+02,1.681601058206275567e+01,-6.068336845480524744e+01,-6.114192118170482804e-01
4.218750000000000278e-02,-6.645107152501894916e+02,1.675067764849548269e+01,-6.788602117904919453e+01,-6.416541082813801422e-01
4.225260416666666574e-02,-7.412740888198003404e+02,1.646497675071278266e+01,-8.029713064331615158e+01,-6.937074564781515740e-01
4.231770833333333565e-02,-8.328559559842908584e+02,1.635060035371533615e+01,-8.364263278280617442e+01,-8.072921850215795114e-01
4.238281249999999861e-02,-9.564551405442796295e+02,1.634634927033996021e+01,-9.573861687428049549e+01,-9.050629015092918062e-01
4.244791666666666852e-02,-9.458948026279377927e+02,1.622782404061362271e+01,-9.892069916498255111e+01,-9.494157537870127062e-01
4.251302083333333148e-02,-1.097975193986443628e+03,1.576119672872673760e+01,-9.469875319014759896e+01,-1.004772125607682698e+00
4.257812500000000139e-02,-1.244597204341828274e+03,1.561794143498064180e+01,-1.093011986989927777e+02,-1.193875626815154911e+00
4.264322916666666435e-02,-1.273833096080124733e+03,1.606976321133236141e+01,-1.232767088911571562e+02,-1.175457124681990484e+00
4.270833333333333426e-02,-1.342806862045538082e+03,1.540548292421479815e+01,-1.268957249596425072e+02,-1.341951880806187880e+00
4.277343749999999722e-02,-1.352233252559451103e+03,1.564590972258304724e+01,-1.430558727957907479e+02,-1.370511153267026438e+00
4.283854166666666713e-02,-1.519453208382612274e+03,1.503890529958835565e+01,-1.488489334175010299e+02,-1.432381168589927922e+00
4.290364583333333010e-02,-1.531055822458262128e+03,1.476647974921178808e+01,-1.526401517879166931e+02,-1.481890824858225653e+00
4.296875000000000000e-02,-1.670179308314234277e+03,1.459156831085206285e+01,-1.560438885588408198e+02,-1.573468487857650144e+00
4.303385416666666297e-02,-1.692990849998234580e+03,1.480380775627945766e+01,-1.567010191985231984e+02,-1.649268464970809589e+00
4.309895833333333287e-02,-1.733107209234286756e+03,1.422802883455198142e+01,-1.688534948054792153e+02,-1.678780454320533577e+00
4.316406250000000278e-02,-1.870442496505917234e+03,1.378729396543637442e+01,-1.823903075630281307e+02,-1.813269715732279019e+00
4.322916666666666574e-02,-1.854655191081649946e+03,1.388730050719531661e+01,-1.944204316652231626e+02,-1.846811307149334169e+00
4.329427083333333565e-02,-1.925359978515741432e+03,1.365577280265990012e+01,-1.949425882007474513e+02,-1.899008351099298331e+00
4.335937499999999861e-02,-2.068566339155976948e+03,1.364108869528827839e+01,-2.060312118878062222e+02,-2.003476424827475899e+00
4.342447916666666852e-02,-2.013107960493619430e+03,1.378872356826439827e+01,-2.089434240987129385e+02,-2.025949098103380752e+00
4.348958333333333148e-02,-2.170622500884945111e+03,1.293442687782427392e+01,-2.189368365843715480e+02,-2.172669757916944278e+00
4.355468750000000139e-02,-2.228854248372766051e+03,1.292481186798715420e+01,-2.128781875739032330e+02,-2.203230108698241541e+00
4.361979166666666435e-02,-2.229695927027858943e+03,1.294133009565272019e+01,-2.236796406522874463e+02,-2.268764462612122834e+00
4.368489583333333426e-02,-2.405122636480308756e+03,1.243243228429984981e+01,-2.329707551678162929e+02,-2.369305966668651120e+00
4.374999999999999722e-02,-2.323414073482003005e+03,1.218397099205680867e+01,-2.340955062490676539e+02,-2.411870586736283517e+00
4.381510416666666713e-02,-2.487389706387147726e+03,1.221010817092794554e+01,-2.415585899593111208e+02,-2.511649681473926421e+00
4.388020833333333010e-02,-2.492940084685520560e+03,1.183682617901542145e+01,-2.586615567788108478e+02,-2.534189530807421598e+00
4.394531250000000000e-02,-2.513271864241854473e+03,1.184934737710336350e+01,-2.527051541183542724e+02,-2.596651861048705268e+00
4.401041666666666297e-02,-2.641474861179393884e+03,1.162067175410994757e+01,-2.569619981516824510e+02,-2.613202390702614508e+00
4.407552083333333287e-02,-2.689921380912963741e+03,1.106776422670241189e+01,-2.550833708128882904e+02,-2.564352668640591304e+00
4.414062500000000278e-02,-2.617389165007240990e+03,1.107159385604336066e+01,-2.699250025172489131e+02,-2.693363410251393475e+00
4.420572916666666574e-02,-2.713123612653888358e+03,1.051056400982943728e+01,-2.682701778460226478e+02,-2.700838026716980700e+00
4.427083333333333565e-02,-2.824602522273939940e+03,1.033942242785234455e+01,-2.663226061128760307e+02,-2.806638445508165436e+00
4.433593749999999861e-02,-2.826182113376481993e+03,1.024302824124119837e+01,-2.810393837083250901e+02,-2.861438794266503383e+00
4.440104166666666852e-02,-2.897145137381810855e+03,9.678404220952105064e+00,-2.903855006587039611e+02,-2.869032995516407336e+00
4.446614583333333148e-02,-2.941279625638114339e+03,9.595197399176820241e+00,-2.975378591064959437e+02,-2.928348103475798769e+00
4.453125000000000139e-02,-3.011550678014717960e+03,9.282666206235477446e+00,-2.995551363059099685e+02,-3.008522706216275377e+00
4.459635416666666435e-02,-3.101415741944933416e+03,9.361877441204299544e+00,-2.981302648497743348e+02,-3.046414546081012364e+00
4.466145833333333426e-02,-3.038666798293449119e+03,9.007788402749929091e+00,-2.984653644825376659e+02,-3.004518285925001475e+00
4.472656249999999722e-02,-3.101870240999253383e+03,8.771782576175343848e+00,-3.107684274248694578e+02,-3.141866572515794154e+00
4.479166666666666713e-02,-3.033943546962670098e+03,8.475850104466900348e+00,-3.078740709339911632e+02,-3.137532851121642707e+00
4.485677083333333010e-02,-3.187484068873061005e+03,8.226674192901638705e+00,-3.084562428427792042e+02,-3.186721499952497982e+00
4.492187500000000000e-02,-3.147687736175797909e+03,8.299442178610027199e+00,-3.134513709920045699e+02,-3.201907771335318120e+00
4.498697916666666297e-02,-3.216479236475156540e+03,8.099345232403223349e+00,-3.171914286026740797e+02,-3.115819842864617772e+00
4.505208333333333287e-02,-3.275056482863259134e+03,7.519689046024395473e+00,-3.269602324386003147e+02,-3.185825843512505084e+00
4.511718750000000278e-02,-3.215003105904213498e+03,7.535442264452985484e+00,-3.245609435898850847e+02,-3.226149917832045411e+00
4.518229166666666574e-02,-3.399900159868535411e+03,7.206486866940975844e+00,-3.306732988988056263e+02,-3.320169761705701106e+00
4.524739583333333565e-02,-3.293998861844399471e+03,6.820981827734561520e+00,-3.277058555539813369e+02,-3.295606539099642962e+00
4.531249999999999861e-02,-3.289102739060783279e+03,6.544710142914392570e+00,-3.268479207891143687e+02,-3.309551744830424802e+00
4.537760416666666852e-02,-3.463779004839313984e+03,5.658365459614121740e+00,-3.231860265903858931e+02,-3.314621913905631434e+00
4.544270833333333148e-02,-3.340701334599180427e+03,5.873446969927739403e+00,-3.291879490488360602e+02,-3.341935644022739904e+00
4.550781250000000139e-02,-3.352177004500289513e+03,6.067594489158551596e+00,-3.278587831416987228e+02,-3.231838150081467020e+00
4.557291666666666435e-02,-3.360714594079029212e+03,5.866656713030105941e+00,-3.345428277782609143e+02,-3.377093905962704756e+00
4.563802083333333426e-02,-3.345903186034020109e+03,5.239392472317496718e+00,-3.349375925873267761e+02,-3.353787806540001526e+00
4.570312499999999722e-02,-3.411931318291417483e+03,5.235407526917828847e+00,-3.406495197143035512e+02,-3.442812313599609375e+00
4.576822916666666713e-02,-3.366676202008381097e+03,5.077176112791001117e+00,-3.373707826966265202e+02,-3.351655887332060324e+00
4.583333333333333010e-02,-3.413727569782458886e+03,4.773727260555657104e+00,-3.427197769603731103e+02,-3.387123526133541063e+00
4.589843750000000000e-02,-3.454507715983148955e+03,4.431840476892244141e+00,-3.345630567307542265e+02,-3.357805522823129607e+00
4.596354166666666297e-02,-3.368403394234912867e+03,4.562129758197658980e+00,-3.441399459620367338e+02,-3.330611949347518141e+00
4.602864583333333287e-02,-3.407157045293665760e+03,4.224104524709910713e+00,-3.394809146408783818e+02,-3.361446550222055851e+00
4.609375000000000278e-02,-3.378442118061284418e+03,4.080348720874748203e+00,-3.389528740710927082e+02,-3.263471028756342651e+00
4.615885416666666574e-02,-3.370721662525144438e+03,3.855643603940298814e+00,-3.345174722826318998e+02,-3.383206243267859126e+00
4.622395833333333565e-02,-3.363361139067051681e+03,3.348002153222326083e+00,-3.289693741798361657e+02,-3.309741561675732857e+00
4.628906249999999861e-02,-3.344013264230276945e+03,3.699271355879812706e+00,-3.387079904078501613e+02,-3.306262915738249930e+00
4.635416666666666852e-02,-3.270850399878813732e+03,3.421664188334128109e+00,-3.291870757047309439e+02,-3.267580504465719127e+00
4.641927083333333148e-02,-3.291805279962765781e+03,2.807883639166884215e+00,-3.275151859445711011e+02,-3.327857326943788330e+00
4.648437500000000139e-02,-3.361372032848148137e+03,2.482403337265176368e+00,-3.391372872040491870e+02,-3.223265344184764736e+00
4.654947916666666435e-02,-3.203966754441578814e+03,2.779848704478645516e+00,-3.300562094604733829e+02,-3.261317778654714505e+00
4.661458333333333426e-02,-3.184871159425143560e+03,2.195604171797751469e+00,-3.261673627557707391e+02,-3.175780538778992135e+00
4.667968749999999722e-02,-3.183751146074878761e+03,1.869391331146718072e+00,-3.164852218128924051e+02,-3.123421128935071067e+00
4.674479166666666713e-02,-3.172952419509291303e+03,2.193961658694059569e+00,-3.133722169737546324e+02,-3.190821905257914093e+00
4.680989583333333010e-02,-3.254794322458840725e+03,2.090924518419636779e+00,-3.136503091548368616e+02,-3.142662809882778241e+00
4.687500000000000000e-02,-3.100306332313560688e+03,2.013077173979235024e+00,-3.174582526643314395e+02,-3.130829525720735251e+00
4.694010416666666297e-02,-3.145955462732429169e+03,1.332324070894575829e+00,-3.076698257167840325e+02,-3.012181140545747482e+00
4.700520833333333287e-02,-3.057223225498995362e+03,1.022378744680471074e+00,-3.021671677301638397e+02,-3.036939546095801301e+00
4.707031250000000278e-02,-3.020875665207234761e+03,1.397623214915917789e+00,-3.045988160755003378e+02,-3.039343308772320729e+00
4.713541666666666574e-02,-2.938526831088085601e+03,1.443624679548512590e+00,-2.906958044440017943e+02,-2.988109057886132458e+00
4.720052083333333565e-02,-2.960035015200132875e+03,1.034534770618547928e+00,-2.972179608066831520e+02,-2.948327646660638290e+00
4.726562499999999861e-02,-2.841200666216038371e+03,8.085991634913701764e-01,-2.918974243520623872e+02,-2.879319784815116634e+00
4.733072916666666852e-02,-2.865073161871110187e+03,4.246986088458843955e-01,-2.817264057620075164e+02,-2.766296971370480584e+00
4.739583333333333148e-02,-2.888342063751118076e+03,4.407991851262809124e-01,-2.797313786879798272e+02,-2.847403471175873779e+00
4.746093750000000139e-02,-2.727782256503828194e+03,1.799652414420031543e-01,-2.683811203606291542e+02,-2.677408804790397667e+00
4.752604166666666435e-02,-2.709871058869918215e+03,7.647764709938037475e-02,-2.676052789573182622e+02,-2.757465993883865707e+00
4.759114583333333426e-02,-2.717037939441695471e+03,-1.323490345750324149e-01,-2.615208509250660995e+02,-2.628516819065948695e+00
4.765624999999999722e-02,-2.563505379814911976e+03,2.223301947936513062e-02,-2.587603699984676382e+02,-2.548128741422397869e+00
4.772135416666666713e-02,-2.600575137884768537e+03,4.253891489368744061e-01,-2.526429656194248992e+02,-2.514470858648827800e+00
4.778645833333333010e-02,-2.494634907292285789e+03,-3.112343030221313422e-01,-2.559291811047661440e+02,-2.418600655280843004e+00
4.785156250000000000e-02,-2.473785563549498875e+03,-7.117817766889452669e-01,-2.403577769268107431e+02,-2.521554192344032330e+00
4.791666666666666297e-02,-2.426887253353365850e+03,-5.114640402999529600e-01,-2.412794846598190475e+02,-2.394312894214694953e+00
4.798177083333333287e-02,-2.339474093988497316e+03,-1.058159341659321018e-01,-2.288688407163941747e+02,-2.336102027470510656e+00
4.804687500000000278e-02,-2.329377671526440281e+03,-4.138102305356129995e-01,-2.220821742411175705e+02,-2.269434433485510993e+00
4.811197916666666574e-02,-2.192276082812562890e+03,-4.045120537743345790e-01,-2.233775432511932877e+02,-2.174258265195800455e+00
4.817708333333333565e-02,-2.198055765197244455e+03,-7.451842699840862672e-01,-2.165896151034255013e+02,-2.147115032082001385e+00
4.824218749999999861e-02,-2.066433929992104822e+03,-7.501219662715598036e-01,-2.137427166981112236e+02,-2.124355594457365104e+00
4.830729166666666852e-02,-2.001110362829924043e+03,-6.462210114231314861e-01,-2.027083810624254738e+02,-2.018918340474880502e+00
4.837239583333333148e-02,-1.978435482007418841e+03,-1.017629360966625374e+00,-1.950679623233476150e+02,-2.003878047000270612e+00
4.843750000000000139e-02,-1.897737383785576412e+03,-7.658561901737892530e-01,-1.916006709602065996e+02,-1.772059712101583973e+00
4.850260416666666435e-02,-1.861011286147491319e+03,-1.006093690599334955e+00,-1.793058373381257695e+02,-1.809586616096253708e+00
4.856770833333333426e-02,-1.694944754031110506e+03,-7.441679333388699913e-01,-1.622444085101179496e+02,-1.725952168796485164e+00
4.863281249999999722e-02,-1.680902485379658174e+03,-8.693261771020062145e-01,-1.656570891564173849e+02,-1.645209524408354218e+00
4.869791666666666713e-02,-1.629457276190856874e+03,-9.493101699315229514e-01,-1.644857498342030908e+02,-1.565250602253867029e+00
4.876302083333333010e-02,-1.526369479218288916e+03,-1.374504266496243465e+00,-1.597850563049390757e+02,-1.522895888479427917e+00
4.882812500000000000e-02,-1.504903676987961717e+03,-1.187836513685937012e+00,-1.442482736812478095e+02,-1.402544413124650502e+00
4.889322916666666297e-02,-1.345147122440570456e+03,-1.013453625335051234e+00,-1.284500794370391645e+02,-1.338803876214586186e+00
4.895833333333333287e-02,-1.352159198389628273e+03,-1.269255262047951138e+00,-1.356542922086391059e+02,-1.253591911073429710e+00
4.902343750000000278e-02,-1.169740889316552057e+03,-1.166595932496655275e+00,-1.186142899804476514e+02,-1.230661121247558665e+00
4.908854166666666574e-02,-1.079909221344465323e+03,-1.033675031802189448e+00,-1.075680974345413716e+02,-1.109922083098174639e+00
4.915364583333333565e-02,-1.054820598864196199e+03,-1.117049910882760066e+00,-1.078967212851121786e+02,-1.073456548719692316e+00
4.921874999999999861e-02,-1.056843746997798462e+03,-9.742744508197130893e-01,-9.891721368809193393e+01,-1.009515739994530037e+00
4.928385416666666852e-02,-8.676164077158701957e+02,-1.092834709250900982e+00,-9.087555018031225984e+01,-9.839640875728435931e-01
4.934895833333333148e-02,-8.153360671042725016e+02,-9.879831453694798427e-01,-7.831825771108920264e+01,-8.456851341543617506e-01
4.941406250000000139e-02,-7.438106610704470540e+02,-1.526535174252039884e+00,-7.405484377312876632e+01,-7.795834462454314107e-01
4.947916666666666435e-02,-7.310412109114438408e+02,-1.183127866620866442e+00,-6.591086302201333069e+01,-6.791645638685268604e-01
4.954427083333333426e-02,-6.153285149060358208e+02,-7.336164538674933011e-01,-5.439187225300474893e+01,-5.914038258979190665e-01
4.960937499999999722e-02,-4.835016143411758094e+02,-1.442746892693747007e+00,-5.899182138683615761e+01,-5.572447925438220873e-01
4.967447916666666713e-02,-3.963231570570972622e+02,-8.900659146897804685e-01,-3.850797610292747208e+01,-4.472412509220712873e-01
4.973958333333333010e-02,-2.571786679826547015e+02,-3.006666294762759817e-01,-3.378859933085890788e+01,-3.789950342380729587e-01
4.980468750000000000e-02,-2.265649615789087647e+02,-5.438102178540156206e-01,-2.425378386973338607e+01,-2.206588246541011100e-01
4.986979166666666297e-02,-1.765862689838892834e+02,-1.661115572399056717e-01,-2.150454611876309485e+01,-1.894665747379645215e-01
4.993489583333333287e-02,-2.837812939808079449e+01,-3.280278053171473140e-01,-1.165607671270429968e+01,-1.356363890660879368e-01
