0.000000000000000000e+00,-1.112102548037601046e+01,2.991535106303549671e-02,-3.124007540027749386e+00,-2.012879525519262192e-03
6.510416666666666576e-05,5.994173227211071264e+01,-2.477624515705904584e-01,9.328858694508713967e+00,3.329968260505759836e-02
1.302083333333333315e-04,1.684101887789248906e+02,8.274272521612749398e-02,1.264444425771656633e+01,6.457069812318640134e-02
1.953125000000000108e-04,2.197504459149867841e+02,2.150402219416475691e-01,2.443033651068250833e+01,2.345420312348829028e-01
2.604166666666666631e-04,2.698688655661657094e+02,5.378014263826979002e-01,3.129007483233985099e+01,3.222315549646618815e-01
3.255208333333333153e-04,3.976588801166024609e+02,4.520422217758245376e-01,3.470700407605654902e+01,3.007801005375623782e-01
3.906250000000000217e-04,4.977018077720788369e+02,7.052032551335657429e-01,4.882988153473735338e+01,4.832294369993751504e-01
4.557291666666666739e-04,5.569217936981395951e+02,6.503304156598479491e-01,5.875846685661015556e+01,5.311701393395924509e-01
5.208333333333333261e-04,5.987650773508580642e+02,9.181564522810129469e-01,6.095123935614216748e+01,6.845777684072489322e-01
5.859374999999999783e-04,7.111244966194648214e+02,5.683280704233589775e-01,7.480758610310311951e+01,7.790966271382873121e-01
6.510416666666666305e-04,7.881357357698432224e+02,1.518798341791480766e+00,7.901694486457724054e+01,7.889969571995870679e-01
7.161458333333332827e-04,8.700018301957620679e+02,1.609132264423644543e+00,9.428053535166506549e+01,9.284899012093462689e-01
7.812500000000000434e-04,9.406730958700255769e+02,1.205888409467420708e+00,1.019998512036245302e+02,9.548705927743510458e-01
8.463541666666666956e-04,1.041856444114252099e+03,1.611834737211201407e+00,1.004473766793407492e+02,1.032603810584113324e+00
9.114583333333333478e-04,1.192428285257418565e+03,1.717748892660620363e+00,1.198465448305252039e+02,1.182947283823524209e+00
9.765625000000000000e-04,1.159850357066743754e+03,2.182372279244599866e+00,1.177966391697123072e+02,1.159009854710679965e+00
1.041666666666666652e-03,1.387094708542457056e+03,2.267359852257049724e+00,1.260488880551773008e+02,1.216600880302164400e+00
1.106770833333333304e-03,1.391544136778155234e+03,1.722793979186515667e+00,1.340887493349793260e+02,1.349569912650979697e+00
1.171874999999999957e-03,1.417847601794936736e+03,2.275292025908355775e+00,1.470532673065257256e+02,1.292694333400063567e+00
1.236979166666666609e-03,1.504030116449092247e+03,2.793531204359213316e+00,1.607000535436997950e+02,1.463027912096064309e+00
1.302083333333333261e-03,1.574234762006968822e+03,2.670353742420146226e+00,1.541460241939371656e+02,1.566530498555567474e+00
1.367187499999999913e-03,1.637755953870366739e+03,3.080037940795035567e+00,1.625404478625268041e+02,1.644698719334028114e+00
1.432291666666666565e-03,1.664430836505875050e+03,3.377127150627500463e+00,1.713378008028799968e+02,1.664760833918043081e+00
1.497395833333333218e-03,1.783224447500876749e+03,3.438730915079315498e+00,1.713884092329237774e+02,1.747458298958834311e+00
1.562500000000000087e-03,1.950705226923922510e+03,3.453714359542627399e+00,1.815967204822865142e+02,1.828781026251721453e+00
1.627604166666666739e-03,1.950247632664786579e+03,3.502414452584281079e+00,1.963728560088814561e+02,1.907755128655294730e+00
1.692708333333333391e-03,2.004034563378758776e+03,3.921097170478381244e+00,1.967492633750330526e+02,1.953724529919431907e+00
1.757812500000000043e-03,2.154813640689133535e+03,3.802137846462786186e+00,2.061364226415764733e+02,2.024386685313298351e+00
1.822916666666666696e-03,2.101616309147266747e+03,4.330593840098344138e+00,2.104179596686274181e+02,2.178858243803984962e+00
1.888020833333333348e-03,2.127130085098531708e+03,4.653505127536214481e+00,2.161209489503661985e+02,2.226772114281614368e+00
1.953125000000000000e-03,2.311624410600214105e+03,5.043786888398819279e+00,2.273751287282386784e+02,2.151740846272594876e+00
2.018229166666666435e-03,2.318119888877130961e+03,4.884826490696076107e+00,2.287189160253242903e+02,2.364664497192552339e+00
2.083333333333333304e-03,2.387763754871199581e+03,5.428071379723715673e+00,2.426866826380677935e+02,2.372177854271898756e+00
2.148437500000000173e-03,2.424374124274806491e+03,5.596229894114920889e+00,2.391131195197977775e+02,2.427869183596556901e+00
2.213541666666666609e-03,2.504717888687103368e+03,5.489275257189144774e+00,2.434169077983779346e+02,2.504849163766727393e+00
2.278645833333333478e-03,2.514588593337125531e+03,5.958578384993113986e+00,2.531450529599180470e+02,2.571880938464626620e+00
2.343749999999999913e-03,2.557722909528109994e+03,6.218253616336257394e+00,2.581194415919874245e+02,2.525255271137851754e+00
2.408854166666666782e-03,2.711057372298538212e+03,6.419914583924387408e+00,2.654493264106993706e+02,2.670095936884541832e+00
2.473958333333333218e-03,2.756907262382811041e+03,6.656484975803611093e+00,2.643354238475182001e+02,2.680123630772738075e+00
2.539062500000000087e-03,2.812122392275966376e+03,6.886195793414968236e+00,2.727561088942532024e+02,2.745621884505283994e+00
2.604166666666666522e-03,2.898380095004649320e+03,6.780596379286849995e+00,2.789215138914138947e+02,2.942042324602308412e+00
2.669270833333333391e-03,2.855714247983638870e+03,7.033513039172770931e+00,2.796224168025968879e+02,2.855061864651337711e+00
2.734374999999999827e-03,2.874628885798175816e+03,7.467364132757174033e+00,2.883256589796952198e+02,2.799411060304654697e+00
2.799479166666666696e-03,2.897864211977283958e+03,7.862091947219906451e+00,2.829739626227308804e+02,2.989261004672360666e+00
2.864583333333333131e-03,2.992392126347725025e+03,7.713666376786431300e+00,2.960300374848372371e+02,3.015229334895640712e+00
2.929687500000000000e-03,3.091784843131855268e+03,8.507309881322283829e+00,3.037884917332931423e+02,2.986278002049478353e+00
2.994791666666666435e-03,3.057878284150446689e+03,8.567624477899602908e+00,3.053230622998428885e+02,3.099304818429854169e+00
3.059895833333333304e-03,3.191004238397539666e+03,8.543755471349717467e+00,2.979239614652163937e+02,3.041980999827850418e+00
3.125000000000000173e-03,3.230579150846691391e+03,9.076262101914887026e+00,3.055562401042585066e+02,3.077914869680878684e+00
3.190104166666666609e-03,3.217864578848233123e+03,9.329958658472385480e+00,3.095163772992792133e+02,3.117173557906034898e+00
3.255208333333333478e-03,3.169337718842127288e+03,9.384635432165868707e+00,3.172688897076035346e+02,3.208450888405898205e+00
3.320312499999999913e-03,3.194411041010054760e+03,9.644031116888601929e+00,3.218498212126497720e+02,3.115781024979924041e+00
3.385416666666666782e-03,3.267226965042263600e+03,9.995510060769936089e+00,3.200327052783145518e+02,3.194564426695274406e+00
3.450520833333333218e-03,3.332257870423475651e+03,9.816702859608392728e+00,3.234769931240797405e+02,3.259658884725664230e+00
3.515625000000000087e-03,3.236127184614529597e+03,1.046735721440404809e+01,3.225035848855935114e+02,3.282954399210823215e+00
3.580729166666666522e-03,3.277242196863523532e+03,1.058397327603781157e+01,3.276900609252616619e+02,3.157986146395916460e+00
3.645833333333333391e-03,3.344241272614168793e+03,1.079663858339289106e+01,3.234460998474755797e+02,3.273945861923996947e+00
3.710937499999999827e-03,3.389938568806324838e+03,1.110615810394629399e+01,3.396373704498034272e+02,3.431773414080505180e+00
3.776041666666666696e-03,3.339029508804469515e+03,1.122632755463584253e+01,3.313798952108389244e+02,3.288367611255078149e+00
3.841145833333333131e-03,3.355143646664434982e+03,1.162946356306635032e+01,3.326169770594993906e+02,3.368973921062871746e+00
3.906250000000000000e-03,3.339380135362409419e+03,1.176985908739732167e+01,3.322779994702647173e+02,3.302897945561145132e+00
3.971354166666666435e-03,3.425488691407412261e+03,1.186879992984671794e+01,3.275566379084394271e+02,3.404040647341273651e+00
4.036458333333332871e-03,3.270435413584836624e+03,1.194527494938728296e+01,3.417248560282463359e+02,3.358126508424604584e+00
4.101562500000000173e-03,3.393961581520432901e+03,1.226119522202219159e+01,3.269795830102603986e+02,3.378273964338118329e+00
4.166666666666666609e-03,3.501506000477229463e+03,1.242561086726705000e+01,3.417699430776066265e+02,3.324403536946693105e+00
4.231770833333333044e-03,3.378903041720660440e+03,1.279287882402690535e+01,3.382296821434539993e+02,3.367650364468565805e+00
4.296875000000000347e-03,3.368559093270599988e+03,1.322000255642912414e+01,3.283291932864485148e+02,3.365253313356707299e+00
4.361979166666666782e-03,3.394018471017038792e+03,1.332819661592160188e+01,3.347533246437869252e+02,3.345653747251296384e+00
4.427083333333333218e-03,3.418750934456859341e+03,1.318572094714712861e+01,3.380105626261764655e+02,3.237579561222200919e+00
4.492187499999999653e-03,3.353577532366684864e+03,1.333505599902945171e+01,3.393342249014434628e+02,3.330697449763068363e+00
4.557291666666666956e-03,3.339850098512599743e+03,1.366267533869495310e+01,3.260486953161772590e+02,3.318420488617877862e+00
4.622395833333333391e-03,3.383701150366952334e+03,1.421687866155805580e+01,3.227338989143200934e+02,3.262980074705382982e+00
4.687499999999999827e-03,3.389767841375316493e+03,1.430312429926106432e+01,3.258622325610446637e+02,3.190400087132319484e+00
4.752604166666666262e-03,3.405079623103747963e+03,1.452753200711990011e+01,3.264203360450505897e+02,3.288981063758701140e+00
4.817708333333333565e-03,3.204028874317310965e+03,1.432428713550380550e+01,3.188974761137776568e+02,3.210275001075927115e+00
4.882812500000000000e-03,3.234224313207426349e+03,1.493450164526930557e+01,3.289890207025956101e+02,3.232549912111655654e+00
4.947916666666666435e-03,3.245715353931826940e+03,1.477049559683353230e+01,3.200885368657144454e+02,3.190352487116029145e+00
5.013020833333332871e-03,3.275187685526070254e+03,1.494158456881520181e+01,3.232288245664497026e+02,3.226996671862392585e+00
5.078125000000000173e-03,3.178557181912287888e+03,1.528136174252656154e+01,3.116780306132371265e+02,3.160248262482475923e+00
5.143229166666666609e-03,3.213679793370326479e+03,1.507090443467547658e+01,3.088410289194371217e+02,3.121749278846348563e+00
5.208333333333333044e-03,3.066579728012587566e+03,1.562415232590822889e+01,3.077561172154939300e+02,3.006784857240508035e+00
5.273437500000000347e-03,3.131960100447193327e+03,1.579489557913889008e+01,3.103276714176456608e+02,3.207020053649963121e+00
5.338541666666666782e-03,3.077809155744442251e+03,1.583137342215901100e+01,3.058276589878004188e+02,3.022639767505908459e+00
5.403645833333333218e-03,2.979826463882431199e+03,1.609603378479948077e+01,3.079279801988360532e+02,2.955648011018877419e+00
5.468749999999999653e-03,3.045219495976518374e+03,1.630276215068616708e+01,2.954610128499420512e+02,2.980646660591412367e+00
5.533854166666666956e-03,2.913549727363143120e+03,1.674502831467128772e+01,2.910913379106674483e+02,2.878111652718038815e+00
5.598958333333333391e-03,2.894374344428786117e+03,1.703700374456854405e+01,2.873699514103050774e+02,2.779860001918323054e+00
5.664062499999999827e-03,2.849470787303974248e+03,1.625305130911940665e+01,2.825943465709472093e+02,2.855135110539726906e+00
5.729166666666666262e-03,2.716942133187130821e+03,1.700967129018710011e+01,2.804108151818968508e+02,2.795046378607894511e+00
5.794270833333333565e-03,2.791552313961768505e+03,1.708015060123568674e+01,2.711251079212645436e+02,2.743542127134903197e+00
5.859375000000000000e-03,2.641568208690546271e+03,1.720233814356616264e+01,2.620183257458377284e+02,2.669189715715079902e+00
5.924479166666666435e-03,2.660196022774111043e+03,1.711621918429245071e+01,2.691150086209871120e+02,2.608149867600362271e+00
5.989583333333332871e-03,2.615269564990060644e+03,1.763233385402123687e+01,2.497111423340467411e+02,2.635380873614192598e+00
6.054687500000000173e-03,2.484542136132261476e+03,1.772971265655998963e+01,2.525484960697443171e+02,2.624610408152206809e+00
6.119791666666666609e-03,2.465950840077943212e+03,1.744935392335835544e+01,2.416127419471811208e+02,2.459443258022821599e+00
6.184895833333333044e-03,2.469314133113667594e+03,1.764770133642851491e+01,2.436471863183080302e+02,2.318695125373734012e+00
6.250000000000000347e-03,2.415044230319946109e+03,1.828023284350501854e+01,2.385357952960494288e+02,2.421499843116500905e+00
6.315104166666666782e-03,2.465188847957079361e+03,1.753052488508792450e+01,2.320670244038490750e+02,2.396609990857773376e+00
6.380208333333333218e-03,2.291887751626473346e+03,1.777238602179131632e+01,2.244407128497399526e+02,2.303047288175749774e+00
6.445312499999999653e-03,2.257241420951780128e+03,1.754942779535500463e+01,2.184082278180983110e+02,2.215489067034077664e+00
6.510416666666666956e-03,2.202540731057890298e+03,1.800521671415657110e+01,2.114927627712202991e+02,2.213968355508976860e+00
6.575520833333333391e-03,2.114322223090577154e+03,1.807264777003331346e+01,2.081354982904646249e+02,1.957849658224361411e+00
6.640624999999999827e-03,2.089652774210533607e+03,1.847107704911783443e+01,1.951938937560417173e+02,2.032255149122560223e+00
6.705729166666666262e-03,2.059666571068337817e+03,1.809775144066052732e+01,1.989670490282418598e+02,1.937612738026748493e+00
6.770833333333333565e-03,1.800579574479742178e+03,1.823138953808213003e+01,1.863952444100360992e+02,1.862240837024767615e+00
6.835937500000000000e-03,1.802142265806304522e+03,1.854176147276132980e+01,1.762908868086069276e+02,1.787532260903498926e+00
6.901041666666666435e-03,1.714100100820723583e+03,1.874522344396835294e+01,1.706835962680794978e+02,1.708081566901518356e+00
6.966145833333332871e-03,1.659257422662624776e+03,1.859873370087150946e+01,1.665049699986809060e+02,1.613454920310059437e+00
7.031250000000000173e-03,1.601028357165203261e+03,1.827407639727901056e+01,1.576218690310697639e+02,1.608864920911399432e+00
7.096354166666666609e-03,1.555109670967663533e+03,1.825591640714213781e+01,1.600795186455330850e+02,1.445421645990952575e+00
7.161458333333333044e-03,1.555257910034007409e+03,1.861008281187133306e+01,1.467890536876353167e+02,1.507486865358504069e+00
7.226562499999999480e-03,1.363400716970357735e+03,1.828162414044449946e+01,1.323207125150104275e+02,1.305262229502936799e+00
7.291666666666666782e-03,1.317341810191267768e+03,1.892332681293141405e+01,1.248202869027089434e+02,1.199265287544983405e+00
7.356770833333333218e-03,1.255949446945406635e+03,1.816058439671960301e+01,1.154245758347456103e+02,1.199498679919360988e+00
7.421874999999999653e-03,1.103437933472207533e+03,1.879002719999138904e+01,1.169953202504183594e+02,1.109461286466652430e+00
7.486979166666666956e-03,1.102163564999975279e+03,1.849015170037256439e+01,1.095188193484495542e+02,1.157308160341945280e+00
7.552083333333333391e-03,9.709455646823141706e+02,1.875593620174084108e+01,1.023986082789479610e+02,1.061574014427008938e+00
7.617187499999999827e-03,7.938563924411387234e+02,1.849307016519432167e+01,8.602178804265450651e+01,9.057827195574092993e-01
7.682291666666666262e-03,8.331195211063700299e+02,1.830693716299411378e+01,8.086556261003197221e+01,7.963419576930955701e-01
7.747395833333333565e-03,6.606742050285437244e+02,1.842044957297200369e+01,7.991506979550476331e+01,7.432519807836052150e-01
7.812500000000000000e-03,6.540982257820145378e+02,1.807112509062205774e+01,6.974169021912983624e+01,7.145141141520899852e-01
7.877604166666666435e-03,5.306687308117666362e+02,1.848958136743443958e+01,5.783638075004192558e+01,5.247328523031860037e-01
7.942708333333332871e-03,3.933523013284173544e+02,1.829757591976061093e+01,4.591443289234463521e+01,5.069627793934701199e-01
8.007812499999999306e-03,4.264026079602911068e+02,1.844392767833794267e+01,3.152964385876552456e+01,3.459080302993455258e-01
8.072916666666665741e-03,3.830963816838320213e+02,1.820141196623107760e+01,3.547288373195463151e+01,2.947847258519511460e-01
8.138020833333333912e-03,2.646494307298274293e+02,1.784756719783220902e+01,1.988119403053428513e+01,2.448544596151889241e-01
8.203125000000000347e-03,1.442000740437116235e+02,1.775733320183689301e+01,1.061470332197100497e+01,1.952941780483299639e-01
8.268229166666666782e-03,8.145139139140444229e+01,1.748814114493068317e+01,5.493317456218653305e+00,4.745443020698859177e-02
8.333333333333333218e-03,5.171758009285717606e+01,1.789888474246916061e+01,-2.793850553590651042e+00,8.071549710043632309e-02
8.398437499999999653e-03,4.655395915145561503e-01,1.770330473344655076e+01,-9.308551392953249959e+00,-8.213846092217036432e-03
8.463541666666666088e-03,-1.877006731203358640e+02,1.796807588925985755e+01,-1.121956768600185050e+01,-1.861299620060715143e-01
8.528645833333332524e-03,-2.668961760716148319e+02,1.779706950153493850e+01,-3.070237684794237865e+01,-2.173089633068054916e-01
8.593750000000000694e-03,-3.484458730598020679e+02,1.731267372652246195e+01,-3.711242494815988380e+01,-3.925241395502148123e-01
8.658854166666667129e-03,-4.874836597975398718e+02,1.755409829110564601e+01,-4.191344468223768871e+01,-3.598122799565540708e-01
8.723958333333333565e-03,-4.379551888043130816e+02,1.669269586113645687e+01,-4.909925479906772239e+01,-4.420475598630887459e-01
8.789062500000000000e-03,-5.628998090997559984e+02,1.689437049481133357e+01,-6.877567760514793349e+01,-5.642266718247486157e-01
8.854166666666666435e-03,-7.361179429593890973e+02,1.694662094454120549e+01,-6.316551702222276532e+01,-7.087302551448815269e-01
8.919270833333332871e-03,-7.730600827242591322e+02,1.666593363303919872e+01,-6.999665858583672673e+01,-6.532221765112115053e-01
8.984374999999999306e-03,-8.560009867457428072e+02,1.640066445157157915e+01,-8.160372429451811627e+01,-8.752453136669935407e-01
9.049479166666665741e-03,-8.759835973099985722e+02,1.669601353200889093e+01,-7.506636602683231274e+01,-9.099283106793981668e-01
9.114583333333333912e-03,-9.572087451555310054e+02,1.662076541442077016e+01,-1.064725865626821530e+02,-9.869267397763710203e-01
9.179687500000000347e-03,-1.058889536473690214e+03,1.605884742679948474e+01,-1.082347478394267029e+02,-1.002768729915971990e+00
9.244791666666666782e-03,-1.136558983773024920e+03,1.580177713298891184e+01,-1.254094322078144899e+02,-1.140885877975281959e+00
9.309895833333333218e-03,-1.295378534942660053e+03,1.541329836836372991e+01,-1.142371754514250881e+02,-1.187689632874706858e+00
9.374999999999999653e-03,-1.249551325824057585e+03,1.583622435860619149e+01,-1.292505617697672164e+02,-1.309915958953200343e+00
9.440104166666666088e-03,-1.285462292602071102e+03,1.544697582359402155e+01,-1.396826295097787067e+02,-1.417513870304142110e+00
9.505208333333332524e-03,-1.459642050239964874e+03,1.544401520103950531e+01,-1.459053477734270814e+02,-1.429905209173928382e+00
9.570312500000000694e-03,-1.467802821042175992e+03,1.532332965227375610e+01,-1.578348712524519044e+02,-1.450018915209994708e+00
9.635416666666667129e-03,-1.636914217742792971e+03,1.504293916413084986e+01,-1.584291986720315037e+02,-1.575322011677376732e+00
9.700520833333333565e-03,-1.698216153813242954e+03,1.505662161174825897e+01,-1.682347141526911685e+02,-1.641302597588332191e+00
9.765625000000000000e-03,-1.791687796808748772e+03,1.467887257783173638e+01,-1.710855284486574988e+02,-1.689813958645772995e+00
9.830729166666666435e-03,-1.772117057227233317e+03,1.434504341648438164e+01,-1.834503398189816892e+02,-1.801252609218461087e+00
9.895833333333332871e-03,-1.891134578289599631e+03,1.447628076181618262e+01,-1.888654706731961994e+02,-1.836888589787365023e+00
9.960937499999999306e-03,-1.905264533057834342e+03,1.407066864168866260e+01,-1.945139161602302806e+02,-1.991732535752540834e+00
1.002604166666666574e-02,-1.928746148808124417e+03,1.356617862191370882e+01,-1.940134554504973323e+02,-1.976036704207811967e+00
1.009114583333333391e-02,-2.157956131583079696e+03,1.401743070092424404e+01,-2.106321181538841927e+02,-2.071194408750676619e+00
1.015625000000000035e-02,-2.180384001799023281e+03,1.332917288669344735e+01,-2.111170078887943760e+02,-2.123148668014451790e+00
1.022135416666666678e-02,-2.217212696284988851e+03,1.330889227851496592e+01,-2.234956455533617259e+02,-2.207033189514147509e+00
1.028645833333333322e-02,-2.226606765681354318e+03,1.322618715651680077e+01,-2.221351268047768315e+02,-2.267306639764237630e+00
1.035156249999999965e-02,-2.360832225514342099e+03,1.292119649248156499e+01,-2.407888651316411028e+02,-2.274678363297179651e+00
1.041666666666666609e-02,-2.350983928024683792e+03,1.272123477634313993e+01,-2.297997073190473429e+02,-2.300616348383345944e+00
1.048177083333333252e-02,-2.473429405957538620e+03,1.231831045687716220e+01,-2.521580644278575392e+02,-2.422680984964473705e+00
1.054687500000000069e-02,-2.618778928145623922e+03,1.219217179448918742e+01,-2.472238700851665101e+02,-2.518309200723137575e+00
1.061197916666666713e-02,-2.489654084067966323e+03,1.184909216817136723e+01,-2.581321771957576630e+02,-2.523944020757742823e+00
1.067708333333333356e-02,-2.576893857832006688e+03,1.200483744855761614e+01,-2.580092730835840484e+02,-2.652555433492364667e+00
1.074218750000000000e-02,-2.671253368085789134e+03,1.146539504142049815e+01,-2.719500079293684962e+02,-2.653827598273631239e+00
1.080729166666666644e-02,-2.736188081663452976e+03,1.121410332146023237e+01,-2.749891645878882400e+02,-2.694478347974358812e+00
1.087239583333333287e-02,-2.803984112040980563e+03,1.119705928212168367e+01,-2.805608994813856043e+02,-2.779854272873476084e+00
1.093749999999999931e-02,-2.769746816912682334e+03,1.087501838864292480e+01,-2.719833686983437246e+02,-2.788287158039113312e+00
1.100260416666666574e-02,-2.877241431302034016e+03,1.043546635632148600e+01,-2.868284229263352358e+02,-2.788448786460246076e+00
1.106770833333333391e-02,-2.974997624739147341e+03,1.025252701268011180e+01,-2.901178256229976569e+02,-2.862081912063620059e+00
1.113281250000000035e-02,-3.021160974391795207e+03,9.805876350106235151e+00,-2.897831721972032710e+02,-2.936347264720255090e+00
1.119791666666666678e-02,-2.967391251802951047e+03,9.755088086206129105e+00,-3.021494411916221452e+02,-2.937624092147178345e+00
1.126302083333333322e-02,-3.094690538015006041e+03,9.621011254796284717e+00,-3.023585183755887442e+02,-2.960827159840093259e+00
1.132812499999999965e-02,-3.124539900212906559e+03,8.744351312645202157e+00,-3.060588838012154156e+02,-3.126138423268912891e+00
1.139322916666666609e-02,-3.162714638093065787e+03,9.533856732133873635e+00,-3.172537441276766685e+02,-3.054207176114970057e+00
1.145833333333333252e-02,-3.188189424543511905e+03,8.402422149256846495e+00,-3.065033165390824479e+02,-3.103344474419870824e+00
1.152343750000000069e-02,-3.173633710801262168e+03,8.241176362526326571e+00,-3.117858020315861722e+02,-3.126478721870286748e+00
1.158854166666666713e-02,-3.184446921301640941e+03,8.281742939705907247e+00,-3.175030501234085705e+02,-3.219980876814240389e+00
1.165364583333333356e-02,-3.269142546039855461e+03,8.081925844926939106e+00,-3.191354191844798720e+02,-3.134459477734603983e+00
1.171875000000000000e-02,-3.374266294670940624e+03,8.161922387206629992e+00,-3.279357702345500343e+02,-3.247126179208710273e+00
1.178385416666666644e-02,-3.254718394308650659e+03,7.416516603790354267e+00,-3.271335922731004189e+02,-3.295118042334912456e+00
1.184895833333333287e-02,-3.340446348537639551e+03,7.488625172529708607e+00,-3.248508798314903174e+02,-3.228210833391794932e+00
1.191406249999999931e-02,-3.297190544226089969e+03,7.379560807791166965e+00,-3.282276627651499439e+02,-3.321450265394811474e+00
1.197916666666666574e-02,-3.323716816331600967e+03,7.227484434142388281e+00,-3.172394771285736965e+02,-3.232334393832974939e+00
1.204427083333333391e-02,-3.387730761437197089e+03,6.584115652622513970e+00,-3.294322129013777385e+02,-3.268709713061036748e+00
1.210937500000000035e-02,-3.438372908873961933e+03,6.503641885256847388e+00,-3.329570819965225041e+02,-3.325100618876900782e+00
1.217447916666666678e-02,-3.307838911567356718e+03,5.845513213849491407e+00,-3.272950949284592639e+02,-3.389890343703992670e+00
1.223958333333333322e-02,-3.399845697986325376e+03,5.881601568024070303e+00,-3.300181647767454933e+02,-3.354065062918724749e+00
1.230468749999999965e-02,-3.351639713763620421e+03,5.643890508098159842e+00,-3.370103980841208227e+02,-3.390709269292476957e+00
1.236979166666666609e-02,-3.328644725399061826e+03,5.171040576092668317e+00,-3.281182684622791612e+02,-3.326045808452921193e+00
1.243489583333333252e-02,-3.471760171734956202e+03,5.315641162998077540e+00,-3.314128869677309694e+02,-3.275725455704255218e+00
1.250000000000000069e-02,-3.350984242295046897e+03,5.077916656923817662e+00,-3.343712759495672913e+02,-3.336708564359279983e+00
1.256510416666666713e-02,-3.416362845828483842e+03,4.731994840430651550e+00,-3.393901502465478188e+02,-3.322032951103878862e+00
1.263020833333333356e-02,-3.506737056346865302e+03,4.619962168729724539e+00,-3.373647487597783083e+02,-3.381067754124333025e+00
1.269531250000000000e-02,-3.330024905050186135e+03,4.554503820636071509e+00,-3.388133407061944808e+02,-3.349628739558112134e+00
1.276041666666666644e-02,-3.456716218997763008e+03,4.389813666631595446e+00,-3.425760967830768209e+02,-3.279747291333662940e+00
1.282552083333333287e-02,-3.374158573514051568e+03,4.342273168820024232e+00,-3.301698856333980530e+02,-3.382943403206755129e+00
1.289062499999999931e-02,-3.404470047119519677e+03,3.953999667256942629e+00,-3.337551625140970373e+02,-3.243421906587058423e+00
1.295572916666666574e-02,-3.335812752854351857e+03,3.393904004240739347e+00,-3.372618405736394038e+02,-3.327740306556880689e+00
1.302083333333333391e-02,-3.329959054626347552e+03,3.539222953006063044e+00,-3.266221220331322570e+02,-3.232901032971439825e+00
1.308593750000000035e-02,-3.344513040939319126e+03,3.219291193232608261e+00,-3.228478303543750485e+02,-3.304602434657348820e+00
1.315104166666666678e-02,-3.295240039191336109e+03,2.796681785714056900e+00,-3.364588995720458229e+02,-3.264731853765336478e+00
1.321614583333333322e-02,-3.334775501653890387e+03,3.117135378372466903e+00,-3.248049783184050625e+02,-3.255234629221654963e+00
1.328124999999999965e-02,-3.260905720443875452e+03,2.834369192875105359e+00,-3.216454266536641171e+02,-3.197498907496610698e+00
1.334635416666666609e-02,-3.274650388649128217e+03,2.321683235013574542e+00,-3.133372649724938697e+02,-3.149553381415516551e+00
1.341145833333333252e-02,-3.137099855217223649e+03,2.029138734690755452e+00,-3.206871453224845254e+02,-3.206730099419634161e+00
1.347656249999999896e-02,-3.152919083839073664e+03,2.104145260781633109e+00,-3.211655066403708361e+02,-3.224452663702356947e+00
1.354166666666666713e-02,-3.145816523463883186e+03,2.119977689198027093e+00,-3.121653302002490022e+02,-3.139825476919186897e+00
1.360677083333333356e-02,-3.117631239032634312e+03,1.666805568799380577e+00,-3.048269737749897104e+02,-3.073732782141595177e+00
1.367187500000000000e-02,-3.077544688598763059e+03,1.592356835438902385e+00,-2.973551522059510148e+02,-3.036474287864569632e+00
1.373697916666666644e-02,-2.958761093310948127e+03,1.720653254546286481e+00,-2.966812806940767473e+02,-3.016932616445866522e+00
1.380208333333333287e-02,-3.013450598321441703e+03,1.507543939878476680e+00,-2.980259795275703141e+02,-3.040286977396295054e+00
1.386718749999999931e-02,-2.940989140787779434e+03,1.302054606464984943e+00,-2.901024926288051802e+02,-3.021258826550356602e+00
1.393229166666666574e-02,-2.854312525420068596e+03,9.448375148740815188e-01,-2.889534092027922725e+02,-2.893470966817165646e+00
1.399739583333333391e-02,-2.816703153571820621e+03,9.992570012862651563e-01,-2.762213917832053767e+02,-2.956632440873161460e+00
1.406250000000000035e-02,-2.832813565849312454e+03,5.886308443497841880e-01,-2.764588736852019792e+02,-2.803505250051069098e+00
1.412760416666666678e-02,-2.759379432784469373e+03,3.969320903532845279e-01,-2.791030385226264343e+02,-2.721483322171727171e+00
1.419270833333333322e-02,-2.843624399149181045e+03,4.527084090820770457e-01,-2.686645327341455527e+02,-2.669182684652176896e+00
1.425781249999999965e-02,-2.761917143357744408e+03,5.808740551284070630e-01,-2.595339322049343878e+02,-2.734452643261152005e+00
1.432291666666666609e-02,-2.676565737522606923e+03,6.894557416403828132e-01,-2.602370637715309840e+02,-2.533695098420543523e+00
1.438802083333333252e-02,-2.547264931592727862e+03,5.374647212142970309e-02,-2.485084683231627878e+02,-2.516728149232938527e+00
1.445312499999999896e-02,-2.475254904346052626e+03,1.658988237851125036e-01,-2.538539964958938810e+02,-2.489332004179802382e+00
1.451822916666666713e-02,-2.399361624334543649e+03,-1.852154662842395716e-01,-2.431218535345610405e+02,-2.396796289935925639e+00
1.458333333333333356e-02,-2.408358180452794386e+03,-5.205355951957764404e-02,-2.345699729146360824e+02,-2.326733291799250036e+00
1.464843750000000000e-02,-2.445367937648590214e+03,-2.038070257871643642e-01,-2.357413834913847097e+02,-2.380420535463566800e+00
1.471354166666666644e-02,-2.339312462325895922e+03,-3.462312318668140376e-01,-2.198533737763898728e+02,-2.250620889922709811e+00
1.477864583333333287e-02,-2.295700256750150402e+03,-8.957937050249670241e-02,-2.261229576365772971e+02,-2.167004528784068018e+00
1.484374999999999931e-02,-2.210186068747296758e+03,-7.570519129984961682e-01,-2.115282386363125511e+02,-2.143059182491478420e+00
1.490885416666666574e-02,-2.073960969033370020e+03,-3.264133598955368254e-01,-2.084676831225432920e+02,-2.050766990866227601e+00
1.497395833333333391e-02,-2.057609211478685665e+03,-3.681468861548766736e-01,-1.981093103031592761e+02,-2.039189829208233551e+00
1.503906250000000035e-02,-1.987610292582117381e+03,-5.980498402175259409e-01,-1.998233034105069237e+02,-2.004559921988684046e+00
1.510416666666666678e-02,-1.974196144180217971e+03,-7.241254370403844565e-01,-1.795793152424635366e+02,-1.895655633255998840e+00
1.516927083333333322e-02,-1.770933392034951112e+03,-7.341437092954345989e-01,-1.875031577925363706e+02,-1.752345627101956849e+00
1.523437499999999965e-02,-1.657639114309482693e+03,-7.541129082250292992e-01,-1.702708173001717284e+02,-1.771120053857202503e+00
1.529947916666666609e-02,-1.667491240025988645e+03,-5.280772738728065629e-01,-1.679312192334941187e+02,-1.659500978009996075e+00
1.536458333333333252e-02,-1.557803968122801280e+03,-8.407733057398153464e-01,-1.574166370003653128e+02,-1.666537058440769936e+00
1.542968749999999896e-02,-1.498538716611673181e+03,-6.192600730327377789e-01,-1.573624934780429783e+02,-1.641052890132655095e+00
1.549479166666666713e-02,-1.547906007344511181e+03,-7.525975938217369654e-01,-1.362690159218938959e+02,-1.454053715659005430e+00
1.555989583333333356e-02,-1.342024883193875667e+03,-1.077493065047791188e+00,-1.341880862490936295e+02,-1.334667297493003169e+00
1.562500000000000000e-02,-1.259666717440142065e+03,-9.846615188034019139e-01,-1.362826512125756153e+02,-1.252287556258727008e+00
1.569010416666666644e-02,-1.183231755385222641e+03,-6.909085639944921864e-01,-1.158463098994767932e+02,-1.284522749723239876e+00
1.575520833333333287e-02,-1.060127806191096397e+03,-6.400046134989629820e-01,-1.131051104531925091e+02,-1.115892948100129178e+00
1.582031249999999931e-02,-1.097701862185627760e+03,-9.474905264648775249e-01,-1.027363335639849851e+02,-1.049340199063205414e+00
1.588541666666666574e-02,-9.230183932030595315e+02,-8.282556082046240720e-01,-1.012742034778756306e+02,-9.476772681610163840e-01
1.595052083333333218e-02,-8.278783175206865508e+02,-1.104725369783640332e+00,-8.957094233354214907e+01,-9.164604307413911632e-01
1.601562499999999861e-02,-8.887854639064343019e+02,-6.759561034566453630e-01,-8.218122466523469427e+01,-9.671639159517976259e-01
1.608072916666666505e-02,-6.549888441142952615e+02,-6.157702973558052406e-01,-8.033943510408718680e+01,-7.642096858521282288e-01
1.614583333333333148e-02,-7.012595256231566054e+02,-7.598605105530704673e-01,-6.800085445184632249e+01,-7.078243974608678935e-01
1.621093750000000139e-02,-5.559214321516259361e+02,-6.502368412878223314e-01,-6.559040076589292312e+01,-5.571148012906679270e-01
1.627604166666666782e-02,-5.760029564488529559e+02,-3.466172177381683372e-01,-6.167899868284717968e+01,-5.545124160828600601e-01
1.634114583333333426e-02,-5.349416288835523119e+02,-5.637850781688461543e-01,-4.999758295569041167e+01,-4.458206189157757904e-01
1.640625000000000069e-02,-2.872035702646703612e+02,-4.960105812733966446e-01,-3.041342620137115915e+01,-3.786278913157614667e-01
1.647135416666666713e-02,-1.374136023860168621e+02,-5.140948311001624083e-01,-2.766726939612967229e+01,-3.650293812040833474e-01
1.653645833333333356e-02,-2.365117842925411082e+02,-4.517326296088683968e-01,-1.906723636101325070e+01,-1.905236229346443932e-01
1.660156250000000000e-02,-6.941656730486610627e+01,-1.131904656249616004e-01,-1.194427145006271473e+01,-6.658825366623871700e-02
1.666666666666666644e-02,-1.458990918728400743e+01,4.302733253319090956e-04,7.926677501349082000e+00,8.801375604421093207e-03
1.673177083333333287e-02,7.676969689247336248e+01,-2.413964552833754856e-02,8.618394832353253321e+00,1.310333337755179017e-01
1.679687499999999931e-02,1.585081910013040556e+02,1.914878666906227322e-01,2.321963452146271223e+01,2.418590875931432016e-01
1.686197916666666574e-02,3.724281933284406136e+02,5.684351575385790944e-01,2.189338740954940477e+01,1.876842462208243856e-01
1.692708333333333218e-02,3.592396695297015867e+02,3.366554206419318240e-01,3.281760585582613743e+01,2.854882489547447832e-01
1.699218749999999861e-02,4.217912946369976908e+02,2.657296991643137707e-01,4.008187996391979624e+01,4.059858860686261228e-01
1.705729166666666505e-02,4.589291825064492514e+02,5.887586217934790422e-01,5.054681946303370665e+01,4.666040504851856618e-01
1.712239583333333148e-02,5.230307126077664179e+02,1.611374594303502938e-01,4.996400410764901778e+01,5.903260155758384142e-01
1.718750000000000139e-02,6.975813696867304543e+02,3.434680838356117261e-01,6.715560448487876499e+01,6.381006638230579675e-01
1.725260416666666782e-02,8.194882510273189382e+02,9.837434115978469507e-01,6.511032453860181590e+01,7.036254731873603507e-01
1.731770833333333426e-02,8.647711904464854342e+02,1.052849473306129768e+00,7.636027420006155353e+01,7.743556810557162828e-01
1.738281250000000069e-02,9.066894454233555507e+02,1.073151844704483659e+00,8.201764391765344442e+01,8.738210770375257619e-01
1.744791666666666713e-02,9.786808374888954631e+02,1.039489882841194257e+00,9.142378400941899486e+01,1.044922467993283588e+00
1.751302083333333356e-02,1.004170925466734161e+03,1.948896576991847152e+00,1.012796335001408039e+02,1.059012616361729719e+00
1.757812500000000000e-02,1.123358056645539136e+03,1.440705231528639718e+00,1.144762352355092361e+02,1.114642505066228306e+00
1.764322916666666644e-02,1.283591153519105774e+03,1.471689252211739074e+00,1.168940845417064764e+02,1.184076541057201393e+00
1.770833333333333287e-02,1.298983908694737465e+03,1.850462514708984818e+00,1.276154532094892318e+02,1.258861972365377779e+00
1.777343749999999931e-02,1.383684655863616172e+03,1.975975282242513842e+00,1.294879620305860897e+02,1.397121975205322109e+00
1.783854166666666574e-02,1.527434718766903870e+03,2.024145736951145746e+00,1.433395311035233988e+02,1.368131110005941231e+00
1.790364583333333218e-02,1.490618976525566950e+03,2.306682882380794997e+00,1.500600751381687701e+02,1.443201947022301201e+00
1.796874999999999861e-02,1.626611315693906590e+03,2.793453134980777186e+00,1.553877946012554503e+02,1.620764845352379524e+00
1.803385416666666505e-02,1.651923870630939973e+03,2.825528247080877797e+00,1.667023877677596317e+02,1.648153226051565445e+00
1.809895833333333148e-02,1.664352785700962158e+03,2.910032868838357434e+00,1.676891826472595710e+02,1.748234623031438062e+00
1.816406250000000139e-02,1.805388648105337779e+03,2.868325217125630378e+00,1.746103180464590139e+02,1.762914624408924880e+00
1.822916666666666782e-02,1.967922230748550191e+03,2.892172836342244757e+00,1.809253187092517692e+02,1.801281564660655921e+00
1.829427083333333426e-02,1.924187242097980516e+03,3.568382875957962330e+00,1.846105375578227097e+02,1.894994526398079415e+00
1.835937500000000069e-02,1.981254337378652963e+03,3.488020982066986519e+00,1.934548733467357238e+02,2.097956054074282761e+00
1.842447916666666713e-02,2.086098795672680353e+03,4.037359577553710999e+00,2.061316250943034163e+02,1.963905476829531649e+00
1.848958333333333356e-02,2.180038027660537409e+03,4.216610626555221231e+00,2.088327505684666221e+02,2.179841565889755639e+00
1.855468750000000000e-02,2.205569871438964128e+03,4.128294980481175713e+00,2.243091042967265025e+02,2.135905414598955776e+00
1.861979166666666644e-02,2.338671308704658713e+03,5.004793592037838579e+00,2.197157654124465296e+02,2.246133255828047126e+00
1.868489583333333287e-02,2.262188146582408535e+03,5.008135096097872108e+00,2.334390392679482034e+02,2.402497098763026528e+00
1.874999999999999931e-02,2.389967435092945379e+03,4.682841131230708775e+00,2.284675788964570415e+02,2.384345023464947033e+00
1.881510416666666574e-02,2.546990683478277788e+03,5.499021929793792118e+00,2.453887117978464119e+02,2.432813762049564676e+00
1.888020833333333218e-02,2.601419380483760506e+03,5.220014174569630683e+00,2.498370491567278577e+02,2.388482209107399168e+00
1.894531249999999861e-02,2.584004642093173516e+03,5.506909317382348235e+00,2.470281388618533640e+02,2.538376688293203731e+00
1.901041666666666505e-02,2.720028614329408811e+03,5.914584240284611383e+00,2.629345391025267418e+02,2.642643683465430104e+00
1.907552083333333148e-02,2.604836903171986705e+03,6.384476398413764464e+00,2.700635662110050248e+02,2.543979301754183187e+00
1.914062500000000139e-02,2.681716928645122607e+03,6.115519994727895536e+00,2.775260805364498538e+02,2.744702991620419308e+00
1.920572916666666782e-02,2.751911799091613375e+03,6.675450008934769919e+00,2.763420176599711908e+02,2.787061875702003810e+00
1.927083333333333426e-02,2.784128336891633353e+03,6.781152003458013056e+00,2.806381011110498775e+02,2.769461137425028863e+00
1.933593750000000069e-02,2.812703971274579544e+03,7.371643408283270915e+00,2.839340012473925299e+02,2.866072468016927832e+00
1.940104166666666713e-02,2.904567371160969287e+03,7.040311268983952431e+00,2.816187098427209321e+02,2.793418536728186297e+00
1.946614583333333356e-02,2.911180915028197887e+03,7.579779717177564713e+00,2.941178011219217296e+02,2.852500446729435257e+00
1.953125000000000000e-02,3.009058934337476785e+03,8.257684247527112831e+00,2.877405405877938733e+02,3.032043028134755680e+00
1.959635416666666644e-02,2.990670460250151336e+03,8.173376547049990393e+00,3.047523678433537384e+02,3.004853249993734821e+00
1.966145833333333287e-02,3.069622257598831311e+03,8.413078131166653151e+00,3.080969874191863482e+02,3.111922955394602841e+00
1.972656249999999931e-02,3.112126408238265867e+03,8.299733593748095828e+00,3.106858649126811542e+02,3.099036862475720522e+00
1.979166666666666574e-02,3.159942783906557906e+03,8.303147200091682834e+00,3.155236335678484352e+02,3.095473894650277114e+00
1.985677083333333218e-02,3.164897175940741818e+03,8.571673936406913441e+00,3.054344603949215866e+02,3.010751070065933455e+00
1.992187499999999861e-02,3.146744114029010234e+03,9.225873388973834466e+00,3.125648946044835839e+02,3.174113321510169339e+00
1.998697916666666505e-02,3.143269176955879630e+03,9.485939554010721864e+00,3.149198891967517966e+02,3.159577315170803757e+00
2.005208333333333148e-02,3.258061764782226419e+03,9.828602711455497243e+00,3.171858604894088103e+02,3.167309663386654428e+00
2.011718750000000139e-02,3.160803501502812196e+03,9.691700427140514051e+00,3.296188662150175901e+02,3.245045356799258318e+00
2.018229166666666782e-02,3.253621821519338482e+03,9.946535784676104441e+00,3.210808809019569026e+02,3.165417740649691503e+00
2.024739583333333426e-02,3.231868452213360797e+03,1.034828842836829033e+01,3.206369618194249824e+02,3.318258960117847156e+00
2.031250000000000069e-02,3.295665549204002673e+03,1.068617247716428942e+01,3.321389449224799364e+02,3.291089454118754976e+00
2.037760416666666713e-02,3.298269840699625092e+03,1.084687361256439431e+01,3.264729728095112478e+02,3.283723678820235747e+00
2.044270833333333356e-02,3.345051464758726524e+03,1.084034143958291274e+01,3.293150448456960930e+02,3.282105605626433054e+00
2.050781250000000000e-02,3.443449692273489291e+03,1.129656916407672007e+01,3.311950485999055331e+02,3.355903641561415185e+00
2.057291666666666644e-02,3.446839197851108111e+03,1.167748412488904286e+01,3.331342952911339239e+02,3.263920749158041978e+00
2.063802083333333287e-02,3.309539573385978201e+03,1.153074862768416153e+01,3.353704704406009114e+02,3.385481085731056883e+00
2.070312499999999931e-02,3.379137419739454344e+03,1.204643325057342018e+01,3.386339443001268705e+02,3.337954952870296754e+00
2.076822916666666574e-02,3.328070860086996618e+03,1.242747822717865347e+01,3.254619360132910515e+02,3.332232912279113002e+00
2.083333333333333218e-02,3.380380079859863145e+03,1.253391190406728839e+01,3.400592333726893344e+02,3.445106202906790038e+00
2.089843749999999861e-02,3.345186091936598132e+03,1.276568150956223135e+01,3.328854767451744578e+02,3.364232335921703676e+00
2.096354166666666505e-02,3.355149659905714998e+03,1.298332059201074706e+01,3.267615971181299415e+02,3.364290906104181911e+00
2.102864583333333148e-02,3.439796618839455277e+03,1.301622635385792925e+01,3.322048869818874550e+02,3.331691467885192548e+00
2.109375000000000139e-02,3.420221050269325588e+03,1.314598413702233337e+01,3.358151663556070616e+02,3.365711652317360691e+00
2.115885416666666782e-02,3.325767930612211330e+03,1.350625436333242035e+01,3.286119907323226812e+02,3.400150136414052948e+00
2.122395833333333426e-02,3.293751799322743409e+03,1.393942459611028184e+01,3.274108026399203482e+02,3.381472723760347687e+00
2.128906250000000069e-02,3.362267376812310431e+03,1.430665175842406711e+01,3.287665089808881476e+02,3.278572167575164897e+00
2.135416666666666713e-02,3.266863624513591276e+03,1.389137552017200328e+01,3.252523159785506550e+02,3.384142019215483188e+00
2.141927083333333356e-02,3.327804749320372594e+03,1.389818736106923680e+01,3.230607170558062080e+02,3.282618662223578898e+00
2.148437500000000000e-02,3.290417217468249873e+03,1.446553241873701801e+01,3.271820821417528009e+02,3.270082180480214262e+00
2.154947916666666644e-02,3.330223337489057030e+03,1.476188969961012454e+01,3.218413372618598487e+02,3.304433628562827963e+00
2.161458333333333287e-02,3.219892585113479527e+03,1.504008309115630126e+01,3.204614514721010323e+02,3.164972311095193280e+00
2.167968749999999931e-02,3.273532272100319460e+03,1.517779839852003576e+01,3.180369777393688651e+02,3.086255626378837214e+00
2.174479166666666574e-02,3.253490786502139599e+03,1.543395568386169892e+01,3.093583789655243663e+02,3.165334479801384493e+00
2.180989583333333218e-02,3.203782185078486236e+03,1.575189070589696527e+01,3.156969913099036944e+02,3.118971228695190057e+00
2.187499999999999861e-02,3.112745907862016793e+03,1.567120584828905017e+01,3.093772459015850700e+02,3.057649449066492942e+00
2.194010416666666505e-02,3.105721596716553904e+03,1.581257494990452805e+01,3.129638258331644352e+02,3.053973902309423671e+00
2.200520833333333148e-02,3.095964027767806328e+03,1.569546938333964903e+01,2.993857728551616901e+02,2.991873784759998323e+00
2.207031250000000139e-02,2.905809114351836342e+03,1.557212941493796343e+01,3.005407718506948527e+02,2.977884398907568286e+00
2.213541666666666782e-02,2.989532142786323675e+03,1.619522025203061943e+01,2.919568523744283084e+02,2.939354471144054237e+00
2.220052083333333426e-02,2.971444930083759573e+03,1.632033499542276900e+01,2.999037806438112170e+02,2.817765715161184570e+00
2.226562500000000069e-02,2.850355204686447905e+03,1.640216897843398769e+01,2.894297113928678300e+02,2.895059410776466891e+00
2.233072916666666713e-02,2.925850066761894141e+03,1.669232887408375632e+01,2.816461271571942007e+02,2.768248466936376051e+00
2.239583333333333356e-02,2.819996853078660479e+03,1.652287537781583637e+01,2.813105388105791462e+02,2.724144508697849076e+00
2.246093750000000000e-02,2.833447653631573303e+03,1.661178841354277225e+01,2.750793487103965163e+02,2.781936256687586262e+00
2.252604166666666644e-02,2.755822406489212881e+03,1.707875070584790578e+01,2.728874513266077884e+02,2.687112495011101831e+00
2.259114583333333287e-02,2.662048352516205341e+03,1.714514121124411616e+01,2.569533670436394459e+02,2.570961241967869793e+00
2.265624999999999931e-02,2.710273758599042594e+03,1.732274926237748502e+01,2.558360334929457167e+02,2.566563171854364889e+00
2.272135416666666574e-02,2.580765294052670470e+03,1.703033470066449695e+01,2.430800771439769790e+02,2.496482022507059195e+00
2.278645833333333218e-02,2.482173017265326962e+03,1.778333901371175685e+01,2.477430056644569447e+02,2.492976118374993000e+00
2.285156249999999861e-02,2.390693012912855465e+03,1.761090896431041486e+01,2.444818380699196894e+02,2.460586857259793536e+00
2.291666666666666505e-02,2.444362872873733068e+03,1.736934239514214440e+01,2.372359433332950402e+02,2.309580704122620620e+00
2.298177083333333148e-02,2.331695643373845087e+03,1.785336124822757498e+01,2.272086346082497244e+02,2.243685724328314368e+00
2.304687500000000139e-02,2.211471433160561446e+03,1.791624322041175787e+01,2.246772593938376019e+02,2.252999934505968582e+00
2.311197916666666782e-02,2.239138700731426070e+03,1.782281034726798197e+01,2.184006795079145888e+02,2.160360888947142843e+00
2.317708333333333426e-02,2.204827458164926611e+03,1.770699524898394372e+01,2.220077679202342722e+02,2.046789421666650899e+00
2.324218750000000069e-02,2.065166294418165307e+03,1.783425035764843258e+01,2.048992481652041135e+02,2.116230736339004270e+00
2.330729166666666713e-02,1.936547610719219165e+03,1.791202995221962979e+01,1.941481579408353468e+02,1.985836419555534027e+00
2.337239583333333356e-02,1.941131236419491870e+03,1.831355094483354762e+01,1.911535187529788686e+02,1.903675921326729137e+00
2.343750000000000000e-02,1.796697476756245578e+03,1.830860246185627815e+01,1.906608962201297857e+02,1.852012638389917143e+00
2.350260416666666644e-02,1.868742688869357153e+03,1.808880234896700756e+01,1.849707965578229505e+02,1.842923709314076453e+00
2.356770833333333287e-02,1.807518908315014187e+03,1.758084869652472193e+01,1.660970156971551717e+02,1.699029361188396203e+00
2.363281249999999931e-02,1.652852456383479421e+03,1.805561331261108293e+01,1.646838570024325463e+02,1.603419784290843753e+00
2.369791666666666574e-02,1.614488394107243494e+03,1.819295211850609206e+01,1.548272918182983346e+02,1.506418115066085361e+00
2.376302083333333218e-02,1.549551814611933196e+03,1.849125304133530534e+01,1.543587596004495026e+02,1.558441916440059360e+00
2.382812499999999861e-02,1.487951155196473110e+03,1.864124833357795197e+01,1.419004163479186502e+02,1.360709619472347365e+00
2.389322916666666505e-02,1.456515067843752831e+03,1.817670300551337093e+01,1.364781928735050940e+02,1.358717922208560580e+00
2.395833333333333148e-02,1.290209041978001551e+03,1.811417568891980423e+01,1.321935379837291862e+02,1.309570889043536468e+00
2.402343750000000139e-02,1.256395262716354409e+03,1.888503888703750278e+01,1.180564052764327414e+02,1.136655364519712830e+00
2.408854166666666782e-02,1.208426035177080166e+03,1.837510758757224849e+01,1.142183153896116750e+02,1.139081194605185310e+00
2.415364583333333426e-02,1.022635917185010499e+03,1.798640881174629769e+01,1.069199776126147583e+02,1.031709636969696087e+00
2.421875000000000069e-02,1.002632179951263538e+03,1.832933824576936388e+01,9.080468748208959084e+01,1.016285030564583858e+00
2.428385416666666713e-02,8.563590893396697084e+02,1.841509409373959727e+01,8.936983947651872029e+01,8.188734563740875938e-01
2.434895833333333356e-02,8.496914557901513945e+02,1.810564201007500884e+01,7.398916655081629301e+01,8.216273040996590060e-01
2.441406250000000000e-02,7.526489970983625426e+02,1.781461575859799495e+01,7.357814551371571099e+01,7.404184898588512809e-01
2.447916666666666644e-02,6.485018978058536732e+02,1.789598168117784738e+01,6.310134994436237577e+01,6.975757708637663201e-01
2.454427083333333287e-02,6.043803062263963284e+02,1.804783336436555530e+01,5.121098211981333037e+01,6.204016585456522126e-01
2.460937499999999931e-02,4.659702486873883913e+02,1.743430145699288758e+01,5.211707391560563707e+01,4.191187981867702805e-01
2.467447916666666574e-02,5.256514932903961608e+02,1.821254065283301671e+01,4.144518443496371418e+01,3.937380157683857407e-01
2.473958333333333218e-02,2.914132608151153363e+02,1.842157223890598061e+01,3.544341103290479111e+01,2.687245108921139658e-01
2.480468749999999861e-02,2.693563751743404850e+02,1.778503991740522849e+01,1.672654415817032003e+01,2.534558964230286815e-01
2.486979166666666505e-02,1.832078379397175070e+02,1.785089508002138814e+01,1.615082027175666113e+01,1.484988849072797212e-01
2.493489583333333148e-02,6.782003155046463405e+01,1.757234270668750042e+01,4.438148278303496674e+00,2.311167872515562660e-02
2.500000000000000139e-02,5.293927506286215667e+00,1.755908555160313256e+01,-1.264583533115202663e+00,-1.222469312065897588e-02
2.506510416666666782e-02,-2.331961812287823221e+01,1.745863628481154706e+01,-1.490508323960232495e+01,-1.297466164094176755e-01
2.513020833333333426e-02,-1.511223330605473052e+02,1.704292522583356018e+01,-1.343158030019533200e+01,-1.382372138312969734e-01
2.519531250000000069e-02,-3.262912276706383068e+02,1.768443576306464848e+01,-2.660118363242300177e+01,-2.630482272753990047e-01
2.526041666666666713e-02,-3.912320856898577404e+02,1.729139201452084507e+01,-3.580602274467917567e+01,-3.406558477662945950e-01
2.532552083333333356e-02,-4.110962199730546445e+02,1.718513503961232303e+01,-4.293080734760811623e+01,-4.167915983872166330e-01
2.539062500000000000e-02,-4.818933947400659008e+02,1.715332107020242347e+01,-5.419943225063585857e+01,-5.124953388227627693e-01
2.545572916666666644e-02,-5.496646175226962896e+02,1.691158384875217280e+01,-5.790269948151447466e+01,-5.270096198333056314e-01
2.552083333333333287e-02,-6.579330708246538961e+02,1.658184880574195219e+01,-6.510824189119497873e+01,-6.791105398358342482e-01
2.558593749999999931e-02,-7.916091096578907127e+02,1.687469482624134898e+01,-7.213604498942343923e+01,-7.231331295752932986e-01
2.565104166666666574e-02,-7.944734049247873600e+02,1.659690043727261255e+01,-7.547074640504099818e+01,-8.223731320084480823e-01
2.571614583333333218e-02,-8.870642750961408183e+02,1.609807016732109375e+01,-8.105856961214274747e+01,-7.896269185223563358e-01
2.578124999999999861e-02,-1.014790548859870000e+03,1.636141131013074101e+01,-9.643161798372233307e+01,-1.025934670460697307e+00
2.584635416666666505e-02,-1.085332855531747555e+03,1.621542486310339370e+01,-1.065216020459037196e+02,-1.061968359313853583e+00
2.591145833333333148e-02,-1.104728573635421526e+03,1.581784214296974689e+01,-1.134856840368632902e+02,-1.121067351392030620e+00
2.597656249999999792e-02,-1.242098337317935375e+03,1.615756461950456924e+01,-1.201244202473106668e+02,-1.202292462585246913e+00
2.604166666666666782e-02,-1.346130884728155252e+03,1.542137281948057570e+01,-1.271282192101711388e+02,-1.216900165426694880e+00
2.610677083333333426e-02,-1.387388247618735704e+03,1.584583163774248682e+01,-1.292922601218279794e+02,-1.386116383184257561e+00
2.617187500000000069e-02,-1.512260817407955756e+03,1.518091533869314169e+01,-1.453570536180980071e+02,-1.413819736884061040e+00
2.623697916666666713e-02,-1.611062425120711623e+03,1.499285138468820655e+01,-1.485032093859460360e+02,-1.522877261150677342e+00
2.630208333333333356e-02,-1.638908660078980574e+03,1.446713014131732855e+01,-1.535115407322050203e+02,-1.528038626747731277e+00
2.636718750000000000e-02,-1.635054532422147759e+03,1.515136839181233519e+01,-1.627761534561498991e+02,-1.625458923960802382e+00
2.643229166666666644e-02,-1.794994382078960143e+03,1.442707200231801146e+01,-1.657639008543346222e+02,-1.771206540291079712e+00
2.649739583333333287e-02,-1.841039870273312999e+03,1.400725988550847489e+01,-1.760806213374903280e+02,-1.777052153808583501e+00
2.656249999999999931e-02,-1.860488598578937172e+03,1.389869963953143284e+01,-1.770365049600588065e+02,-1.878256265137877135e+00
2.662760416666666574e-02,-1.953960914858425667e+03,1.353801382687937149e+01,-1.935009110974075384e+02,-1.944848381245676494e+00
2.669270833333333218e-02,-1.974287210613403431e+03,1.352605908541336710e+01,-2.032869303467952875e+02,-2.005909373759955372e+00
2.675781249999999861e-02,-2.103801145143067970e+03,1.307181806021854342e+01,-2.099248652134647273e+02,-2.060963255897273250e+00
2.682291666666666505e-02,-2.201934290629124007e+03,1.320279593742194102e+01,-2.096786341777257974e+02,-2.089548968939904050e+00
2.688802083333333148e-02,-2.161764570136299426e+03,1.308781694610214785e+01,-2.190535210005710098e+02,-2.176021935996452328e+00
2.695312499999999792e-02,-2.300166324707757667e+03,1.286268191666133376e+01,-2.307645702490329711e+02,-2.192421320295474096e+00
2.701822916666666782e-02,-2.380760116225944330e+03,1.275380356527001879e+01,-2.268848540854992848e+02,-2.261129068910847195e+00
2.708333333333333426e-02,-2.407375612411629390e+03,1.253624431146747575e+01,-2.349116330023499302e+02,-2.403978627633562404e+00
2.714843750000000069e-02,-2.456347610903073473e+03,1.173299713336096062e+01,-2.490863771415525605e+02,-2.452416483957104543e+00
2.721354166666666713e-02,-2.476843536838348427e+03,1.164542808739853896e+01,-2.494471384006398296e+02,-2.514809054842488401e+00
2.727864583333333356e-02,-2.618164109247109536e+03,1.172351082980330439e+01,-2.575496063671106413e+02,-2.558750339256649742e+00
2.734375000000000000e-02,-2.602819868070486791e+03,1.140151782076827303e+01,-2.625084319994068096e+02,-2.624230568443191025e+00
2.740885416666666644e-02,-2.689284123838328014e+03,1.115336776781368933e+01,-2.645812979122864022e+02,-2.634772287679468583e+00
2.747395833333333287e-02,-2.727025407267899936e+03,1.143183119351544974e+01,-2.769521320965401401e+02,-2.738393296418458078e+00
2.753906249999999931e-02,-2.739836711533099333e+03,1.050396717556067294e+01,-2.753497464389219545e+02,-2.813443188997620137e+00
2.760416666666666574e-02,-2.777678946534816987e+03,1.047637618188289110e+01,-2.738481570677399191e+02,-2.837274553719789427e+00
2.766927083333333218e-02,-2.860739543221275198e+03,1.042900035927185698e+01,-2.873748863980521264e+02,-2.904447813258564715e+00
2.773437499999999861e-02,-2.875033422745981170e+03,1.026719358406247196e+01,-2.851286477348324979e+02,-2.807535907011138310e+00
2.779947916666666505e-02,-2.987849895577908228e+03,1.015861166674756255e+01,-2.881726430072289986e+02,-2.912777315159880143e+00
2.786458333333333148e-02,-2.944379820373411349e+03,9.674737822650078201e+00,-3.047326269451545500e+02,-2.936660947692990575e+00
2.792968749999999792e-02,-3.121718964999238324e+03,9.521676904678173514e+00,-3.010985916779688978e+02,-2.952270728811449363e+00
2.799479166666666782e-02,-3.048117642322179108e+03,9.468819858253191057e+00,-3.107173340460126383e+02,-3.001488544735544828e+00
2.805989583333333426e-02,-3.087840847319969271e+03,9.154649634761506505e+00,-3.109213486378285438e+02,-3.160222260877593836e+00
2.812500000000000069e-02,-3.068471032095897954e+03,8.340690134786196808e+00,-3.129277297911081632e+02,-3.118984631786954065e+00
2.819010416666666713e-02,-3.153472562045789346e+03,8.300048579664498050e+00,-3.090760163093764277e+02,-3.162467617758920380e+00
2.825520833333333356e-02,-3.108769203282760827e+03,8.370873127430325411e+00,-3.212040909427227575e+02,-3.189201689010844554e+00
2.832031250000000000e-02,-3.209739983454466255e+03,7.736614370583300371e+00,-3.199320670458234872e+02,-3.190706486320050494e+00
2.838541666666666644e-02,-3.289777057748081006e+03,7.457917549610034946e+00,-3.197135088129421661e+02,-3.243170434336578367e+00
2.845052083333333287e-02,-3.171381435555199914e+03,7.247801482400443973e+00,-3.260095839082451903e+02,-3.329337543014327494e+00
2.851562499999999931e-02,-3.253588073155441634e+03,7.527566419309790646e+00,-3.169260389723175990e+02,-3.265898791221515829e+00
2.858072916666666574e-02,-3.286380645708977681e+03,6.860516185642093312e+00,-3.306915557010068483e+02,-3.281567201778571530e+00
2.864583333333333218e-02,-3.351323315934526818e+03,6.745359643179407172e+00,-3.302861595759071065e+02,-3.267762468252497055e+00
2.871093749999999861e-02,-3.362588237764385667e+03,6.626671564821339011e+00,-3.286303131036601712e+02,-3.320896274314458996e+00
2.877604166666666505e-02,-3.412263513663542653e+03,6.267551100675628817e+00,-3.360209134645140807e+02,-3.283620102556485953e+00
2.884114583333333148e-02,-3.338341010124715467e+03,6.342125324136050679e+00,-3.370569769579483932e+02,-3.290660523065866538e+00
2.890624999999999792e-02,-3.421209479056857163e+03,6.069911620046649858e+00,-3.351829560803364529e+02,-3.355331734810072408e+00
2.897135416666666782e-02,-3.462997115795345053e+03,5.761523879891513822e+00,-3.420749371187057477e+02,-3.361533137883724986e+00
2.903645833333333426e-02,-3.363001363743250295e+03,5.516974214327497350e+00,-3.401758043647795944e+02,-3.400371396547851699e+00
2.910156250000000069e-02,-3.355589890161258154e+03,5.083552244926192287e+00,-3.346548811105597565e+02,-3.372333289709627646e+00
2.916666666666666713e-02,-3.410892377135390689e+03,4.392152520200500732e+00,-3.369562290024288700e+02,-3.350021084897443213e+00
2.923177083333333356e-02,-3.381858609581714063e+03,4.766307484133583294e+00,-3.346304656231994272e+02,-3.412674195957152268e+00
2.929687500000000000e-02,-3.378801803587169161e+03,4.580512406418639770e+00,-3.404516658640762898e+02,-3.376013093717973312e+00
2.936197916666666644e-02,-3.408910561499099003e+03,4.439410878995507126e+00,-3.389666879313076606e+02,-3.332243614414575283e+00
2.942708333333333287e-02,-3.339632838834246741e+03,3.955908537272174286e+00,-3.348121529042280713e+02,-3.324600040901021902e+00
2.949218749999999931e-02,-3.316374993180114416e+03,4.292801495169951131e+00,-3.351519358381431175e+02,-3.367741318556176644e+00
2.955729166666666574e-02,-3.322090603741721679e+03,3.294646518265456070e+00,-3.320189935321422467e+02,-3.260848170860235928e+00
2.962239583333333218e-02,-3.361101902856046763e+03,3.432431413459726688e+00,-3.278392294852869782e+02,-3.297567244205027226e+00
2.968749999999999861e-02,-3.371755475021237089e+03,3.518530422526255919e+00,-3.409170262571507806e+02,-3.310609117976361482e+00
2.975260416666666505e-02,-3.297934249160959098e+03,3.133495271022743278e+00,-3.375204410145631186e+02,-3.274273261750605180e+00
2.981770833333333148e-02,-3.357768503373573822e+03,2.941080616591366770e+00,-3.312418620140655321e+02,-3.227830459898534787e+00
2.988281249999999792e-02,-3.300644346864561612e+03,2.711283741730930341e+00,-3.299420003921176772e+02,-3.261782475907120560e+00
2.994791666666666782e-02,-3.211622376201899442e+03,2.433242590400527483e+00,-3.221231525545539398e+02,-3.253127475485714015e+00
3.001302083333333426e-02,-3.236814829211993583e+03,2.238363995876831769e+00,-3.247956533375468098e+02,-3.147618278892195143e+00
3.007812500000000069e-02,-3.242496276914601822e+03,2.024759876222310240e+00,-3.110180346584782569e+02,-3.206992504040921510e+00
3.014322916666666713e-02,-3.148496857383148381e+03,1.842326845201862184e+00,-3.248295867823107983e+02,-3.228155521156997665e+00
3.020833333333333356e-02,-3.129276198326182111e+03,1.616899819189830056e+00,-3.157182306023458409e+02,-3.054768356551541775e+00
3.027343750000000000e-02,-3.033187260990076538e+03,1.494664152701616233e+00,-3.194785522200728565e+02,-3.083712710903882659e+00
3.033854166666666644e-02,-3.037283759701763302e+03,1.510586684418399273e+00,-3.037159293592793574e+02,-3.112078923816669285e+00
3.040364583333333287e-02,-2.970995806663612711e+03,1.344983001933243605e+00,-2.862640905853064623e+02,-3.061189456774485063e+00
3.046874999999999931e-02,-2.909922257485522096e+03,1.009182782641884435e+00,-2.915686396403019671e+02,-3.065939234367170307e+00
3.053385416666666574e-02,-2.916165952230505809e+03,8.109901629500289033e-01,-2.932584197391031466e+02,-2.903902630086631742e+00
3.059895833333333218e-02,-2.934642048715693818e+03,7.474403483930174286e-01,-2.871413308868574745e+02,-2.971912596707343202e+00
3.066406249999999861e-02,-2.861519684440328092e+03,1.228754662260461261e+00,-2.860729902296534988e+02,-2.882076981694244200e+00
3.072916666666666505e-02,-2.818814360835641764e+03,7.368562859805207754e-01,-2.775363467689708727e+02,-2.814192088171379336e+00
3.079427083333333148e-02,-2.811217537918952530e+03,2.716733158389760261e-01,-2.806541026850019307e+02,-2.766022288722093325e+00
3.085937499999999792e-02,-2.657858264060455895e+03,2.298570429478933586e-01,-2.718648031136865484e+02,-2.635424370564821483e+00
3.092447916666666782e-02,-2.728333124964045055e+03,2.204759179155140747e-01,-2.626346508539764955e+02,-2.650513108893355341e+00
3.098958333333333426e-02,-2.607210122754328495e+03,7.011257357413044899e-02,-2.594399497616211079e+02,-2.621518038309110121e+00
3.105468750000000069e-02,-2.618202956734741292e+03,-4.594561738233223225e-01,-2.518289468658002477e+02,-2.561388041257696369e+00
3.111979166666666713e-02,-2.555367401398030779e+03,-2.612226841668215949e-01,-2.473404869859985524e+02,-2.416107818636879401e+00
3.118489583333333356e-02,-2.463910018675654555e+03,-6.126159123028210862e-01,-2.434476179167534724e+02,-2.457919897666642761e+00
3.125000000000000000e-02,-2.501317473671164862e+03,-9.457146507004027258e-02,-2.415190559905782663e+02,-2.356238385349479714e+00
3.131510416666666297e-02,-2.344394605596784459e+03,-5.596560209746249681e-01,-2.271927418570510611e+02,-2.348597289949115652e+00
3.138020833333333287e-02,-2.343316454532445277e+03,-2.901757925300050833e-01,-2.232328890043366698e+02,-2.216699252228834460e+00
3.144531250000000278e-02,-2.129833198276316125e+03,-3.848613968816007591e-01,-2.145661976833972346e+02,-2.216373896246571551e+00
3.151041666666666574e-02,-2.080133236515251156e+03,-9.059925304596101459e-01,-2.149708848537248969e+02,-2.141411048261925298e+00
3.157552083333333565e-02,-2.079454184822240677e+03,-7.565722899362579135e-01,-2.056619640304530208e+02,-2.113354076423605399e+00
3.164062499999999861e-02,-2.007969728801138672e+03,-4.626984532261642635e-01,-2.014469836478085654e+02,-1.976235473651354768e+00
3.170572916666666852e-02,-2.019817360676257294e+03,-9.593747744079176298e-01,-1.910129225469519838e+02,-1.955185243724839372e+00
3.177083333333333148e-02,-1.832564435722176540e+03,-8.278687577823471422e-01,-1.780392041071553422e+02,-1.841676471982085728e+00
3.183593750000000139e-02,-1.771598843252697179e+03,-1.004310655738827940e+00,-1.814288523827014501e+02,-1.754787927347882137e+00
3.190104166666666435e-02,-1.695679365133353713e+03,-8.895003612084192435e-01,-1.710172160587782173e+02,-1.738348981021494488e+00
3.196614583333333426e-02,-1.639170053737861735e+03,-1.083709389918477761e+00,-1.684004808191548364e+02,-1.589414478903230066e+00
3.203124999999999722e-02,-1.578154901308390208e+03,-1.007985603814490760e+00,-1.598042554937509863e+02,-1.584259857485684986e+00
3.209635416666666713e-02,-1.522518613838785768e+03,-8.344251971375656884e-01,-1.503815300749369328e+02,-1.515392814316982584e+00
3.216145833333333010e-02,-1.483904960867488626e+03,-1.112370771706895800e+00,-1.461955442397487843e+02,-1.436989247469731668e+00
3.222656250000000000e-02,-1.316571650194647646e+03,-9.127985373564750926e-01,-1.353301891292600203e+02,-1.303623230235805064e+00
3.229166666666666297e-02,-1.248998852584166798e+03,-7.622030167376077081e-01,-1.378203653387809879e+02,-1.326447580860261155e+00
3.235677083333333287e-02,-1.256269845163750915e+03,-1.260624846322110360e+00,-1.210328376672146078e+02,-1.247907531305848972e+00
3.242187500000000278e-02,-1.125847746910683782e+03,-9.938244248202103837e-01,-1.199300428737013391e+02,-1.120727411010006724e+00
3.248697916666666574e-02,-1.108588607120851066e+03,-6.630946781283881819e-01,-1.128287613031448728e+02,-1.088259842384943221e+00
3.255208333333333565e-02,-9.951296504253148214e+02,-9.036605554263226203e-01,-9.759436652156695402e+01,-1.008459290814187392e+00
3.261718749999999861e-02,-8.540217391397661686e+02,-7.118105745405809426e-01,-8.924086844019555542e+01,-9.151308140903374744e-01
3.268229166666666852e-02,-8.850540792247654736e+02,-1.203116559647628980e+00,-8.578247075833037627e+01,-8.393889498110603808e-01
3.274739583333333148e-02,-6.946513347996008179e+02,-6.672212450778083337e-01,-7.084904781420891595e+01,-8.137246024301993952e-01
3.281250000000000139e-02,-6.513478220919723753e+02,-9.214140395863423816e-01,-6.250031538946527832e+01,-6.643932171831153921e-01
3.287760416666666435e-02,-5.020061129415885262e+02,-9.041165510661026694e-01,-6.128642022473393070e+01,-5.720144523769969958e-01
3.294270833333333426e-02,-5.402944069345065827e+02,-8.787435100216686168e-01,-5.257575579113190400e+01,-4.744020906268560100e-01
3.300781249999999722e-02,-4.882797432345503807e+02,-1.116379127212867139e+00,-4.226182492213064279e+01,-3.689556529727707757e-01
3.307291666666666713e-02,-2.951807293765932627e+02,-4.499214751312570204e-01,-3.165867252063368298e+01,-3.215739081862938331e-01
3.313802083333333010e-02,-3.510399895416875324e+02,-8.171276469672321685e-01,-1.578629935792970151e+01,-2.201369001547501258e-01
3.320312500000000000e-02,-1.592399024628712425e+02,-4.047014267944408217e-01,-2.003168351991802609e+01,-2.034403603547975115e-01
3.326822916666666297e-02,-1.617428139363325954e+02,-3.878490572138203474e-01,-9.129488640427950941e+00,-1.129652232032506975e-01
3.333333333333333287e-02,-2.267004506089848803e+01,-3.129793836496879145e-01,-4.928686367377306254e+00,1.037823620338498148e-02
3.339843750000000278e-02,3.205004691801629946e+01,-6.453218270619690000e-02,2.518125123417147115e+00,9.494716244488546342e-02
3.346354166666666574e-02,1.867977843619627834e+02,-4.327507152861767015e-01,2.576630769373848295e+01,1.165369895131992267e-01
3.352864583333333565e-02,1.412340423803454996e+02,3.862888013240002305e-01,3.108537859369582179e+01,2.972813643770466085e-01
3.359374999999999861e-02,3.510214443230355528e+02,1.718799086380691510e-02,3.763209579829565143e+01,2.041225892149161059e-01
3.365885416666666852e-02,3.450778198014439226e+02,1.770581875014893836e-01,4.116159906034062033e+01,3.968210120305046273e-01
3.372395833333333148e-02,5.243927704580096361e+02,5.322010637953944467e-01,5.099695745391696278e+01,5.397701078340982894e-01
3.378906250000000139e-02,5.607039341008415931e+02,5.366727300158254943e-01,6.162570270450814292e+01,5.536017213192965247e-01
3.385416666666666435e-02,6.754044692632563738e+02,6.549111189832872437e-01,6.610461855932888398e+01,6.115771025934755301e-01
3.391927083333333426e-02,8.316567727854958321e+02,8.296166818563279755e-01,7.258943251765704474e+01,7.545545418896724144e-01
3.398437499999999722e-02,8.499164480843938918e+02,9.305748968859373083e-01,8.014554564979151507e+01,7.946989447884995617e-01
3.404947916666666713e-02,9.337300720415554451e+02,7.588693519759608375e-01,9.067965558181677466e+01,8.944715827230736993e-01
3.411458333333333010e-02,9.061899996102570185e+02,9.917214141818582185e-01,9.963312970631919541e+01,8.716552622053997945e-01
3.417968750000000000e-02,1.150098814827232900e+03,1.572409995684889594e+00,1.020950834979768160e+02,1.057335396993472454e+00
3.424479166666666297e-02,1.068223855449497705e+03,1.582224562373043097e+00,1.098409867283264845e+02,1.082489506713695482e+00
3.430989583333333287e-02,1.279620414437491718e+03,1.286966797675805019e+00,1.150613145307694083e+02,1.246663400191279969e+00
3.437500000000000278e-02,1.233758131416926290e+03,1.655029909881976735e+00,1.282224434161309716e+02,1.223973953915419299e+00
3.444010416666666574e-02,1.340392244000365281e+03,2.064423068128419470e+00,1.316041654846258098e+02,1.331553210462958603e+00
3.450520833333333565e-02,1.418366387812548965e+03,2.588981501071972335e+00,1.436969620595657489e+02,1.494589774221791290e+00
3.457031249999999861e-02,1.510637173518478903e+03,2.311503219425244726e+00,1.588315165900636146e+02,1.421673774113331623e+00
3.463541666666666852e-02,1.634783963798525519e+03,2.252100128015366742e+00,1.443485037837579910e+02,1.513733374858005742e+00
3.470052083333333148e-02,1.694315327941714713e+03,3.339844638591780157e+00,1.630156250704280012e+02,1.581676843331629057e+00
3.476562500000000139e-02,1.834217443206396410e+03,2.771955251406979404e+00,1.784530984768609585e+02,1.715299842166385647e+00
3.483072916666666435e-02,1.805797731739122582e+03,2.762392264075596682e+00,1.658772112184138905e+02,1.748148635191668188e+00
3.489583333333333426e-02,1.836586885766439536e+03,3.087897258157776825e+00,1.779692720421550121e+02,1.836546261413293024e+00
3.496093749999999722e-02,1.971284631822662050e+03,2.854474710752985978e+00,1.942550464559239458e+02,1.993844442497838099e+00
3.502604166666666713e-02,2.049513709638941691e+03,3.714377060737308334e+00,2.016071802640620092e+02,1.918826022270662568e+00
3.509114583333333010e-02,2.092699518454236568e+03,4.073255030951938416e+00,1.999109409663032011e+02,2.035899457186175265e+00
3.515625000000000000e-02,2.233017192982460074e+03,4.419382838933040070e+00,2.061150046818601709e+02,2.058095096840895533e+00
3.522135416666666297e-02,2.291151692728359649e+03,4.360687400538789227e+00,2.242224908067654212e+02,2.180814381003043589e+00
3.528645833333333287e-02,2.270129746817431169e+03,4.419311711922518704e+00,2.264312782560337212e+02,2.250686299525527456e+00
3.535156250000000278e-02,2.301299478181068480e+03,4.584150512726287374e+00,2.323266289705879615e+02,2.254789123297209485e+00
3.541666666666666574e-02,2.398249829941458302e+03,5.036214804175742188e+00,2.324846359685598145e+02,2.310453909560107100e+00
3.548177083333333565e-02,2.417593091537225973e+03,5.173658647032881142e+00,2.482934828401337199e+02,2.376241873996336906e+00
3.554687499999999861e-02,2.477921204348511310e+03,5.649689156280706115e+00,2.534268724615438373e+02,2.495400185841659457e+00
3.561197916666666852e-02,2.541913714987457752e+03,5.693246676457931699e+00,2.541011830581964546e+02,2.524507945364770745e+00
3.567708333333333148e-02,2.630507728022862921e+03,5.601691540532241831e+00,2.601313218941148762e+02,2.563582238289248139e+00
3.574218750000000139e-02,2.620096546563998800e+03,6.207769127270298171e+00,2.609571064284568251e+02,2.700482082811832552e+00
3.580729166666666435e-02,2.737249570931629478e+03,6.243189169342443279e+00,2.724094707055471076e+02,2.771787712868395648e+00
3.587239583333333426e-02,2.715498017165008605e+03,6.276926125560898129e+00,2.783279668654621446e+02,2.755516227118504968e+00
3.593749999999999722e-02,2.804416155105212511e+03,6.826329814484376257e+00,2.771578896076197793e+02,2.752245833519361806e+00
3.600260416666666713e-02,2.897098740502295186e+03,6.407311531152138251e+00,2.805186165197151809e+02,2.825605799959939990e+00
3.606770833333333010e-02,2.965301773845580556e+03,7.182607815305599885e+00,2.758701859349163215e+02,2.876669485517206581e+00
3.613281250000000000e-02,3.046437341399795514e+03,7.231073433573937947e+00,2.893821943871477629e+02,2.907042730976558076e+00
3.619791666666666297e-02,3.026169375953416875e+03,7.508862369057473174e+00,2.929410629471622656e+02,2.936301973433963486e+00
3.626302083333333287e-02,2.987003639667081188e+03,7.912755715547237223e+00,2.948630223702513149e+02,2.970401684788733121e+00
3.632812500000000278e-02,3.113771663064598215e+03,8.107789989112031748e+00,3.068052684233463197e+02,3.061371115521609010e+00
3.639322916666666574e-02,3.152208826483728444e+03,8.365142324815133534e+00,3.072412994163359485e+02,3.045749237312132429e+00
3.645833333333333565e-02,3.096569953420507318e+03,8.671107622803104320e+00,3.134477420125990079e+02,3.014336351545741532e+00
3.652343749999999861e-02,3.189765296933137051e+03,8.904997976446255237e+00,3.070800398818111603e+02,3.116409581051156952e+00
3.658854166666666852e-02,3.160335014230674915e+03,8.892567354178407157e+00,3.079542396435276714e+02,3.210373153684749514e+00
3.665364583333333148e-02,3.249955131936601447e+03,9.114342091324992623e+00,3.196720721304170638e+02,3.128132438685019334e+00
3.671875000000000139e-02,3.229591636489979464e+03,9.463885763610090152e+00,3.169454582144924757e+02,3.243047025105433079e+00
3.678385416666666435e-02,3.293432501569204760e+03,9.932265969256375726e+00,3.378590817213112700e+02,3.193610444069561183e+00
3.684895833333333426e-02,3.300289826605533563e+03,9.893737554902893194e+00,3.302032688026492906e+02,3.190749649841354341e+00
3.691406249999999722e-02,3.324178927415516682e+03,1.016910879202807294e+01,3.291074857196888956e+02,3.298790623649320075e+00
3.697916666666666713e-02,3.360688420996198602e+03,1.085909475123918533e+01,3.303204171499909876e+02,3.276888513181518192e+00
3.704427083333333010e-02,3.312383849783060214e+03,1.032316947742478419e+01,3.336017740499493698e+02,3.336021737263415332e+00
3.710937500000000000e-02,3.297816335344461095e+03,1.075312324393136088e+01,3.369801743782196581e+02,3.278936137040747489e+00
3.717447916666666297e-02,3.335688378501696207e+03,1.117629163483442767e+01,3.291048179212406239e+02,3.379600028116867438e+00
3.723958333333333287e-02,3.397784393484641441e+03,1.113167891941342980e+01,3.293090298556237485e+02,3.228032128425875946e+00
3.730468750000000278e-02,3.336475019352877553e+03,1.173346953718447239e+01,3.313121239895949657e+02,3.369242361014646026e+00
3.736979166666666574e-02,3.460737448276241594e+03,1.153717732010495567e+01,3.313599966362073133e+02,3.312059657406352997e+00
3.743489583333333565e-02,3.476703871776103824e+03,1.157495809495955896e+01,3.313980064284315858e+02,3.328745517287673206e+00
3.749999999999999861e-02,3.413259210732956035e+03,1.292469381074486101e+01,3.399100670772357375e+02,3.384199837892901908e+00
3.756510416666666852e-02,3.477494077875900985e+03,1.290379759275197280e+01,3.285168496170718981e+02,3.353101020221264328e+00
3.763020833333333148e-02,3.384394796274088549e+03,1.240277956568971796e+01,3.399998526760414848e+02,3.281955453192304972e+00
3.769531250000000139e-02,3.387174604250851644e+03,1.266287586457178271e+01,3.375313094287781723e+02,3.331538924021188564e+00
3.776041666666666435e-02,3.361707381612337031e+03,1.321948122111738044e+01,3.411295341481908849e+02,3.332324519383132344e+00
3.782552083333333426e-02,3.389143019955017280e+03,1.329083685873688836e+01,3.291694570942156588e+02,3.284619701686847026e+00
3.789062499999999722e-02,3.275953650512139575e+03,1.329656646657261376e+01,3.316832663452191809e+02,3.292364917635759003e+00
3.795572916666666713e-02,3.302055770367998775e+03,1.374961025938757864e+01,3.360902045155151541e+02,3.333048967243471328e+00
3.802083333333333010e-02,3.358964907503696395e+03,1.345658680285093389e+01,3.316415287892686479e+02,3.292458222565741721e+00
3.808593750000000000e-02,3.254450074158769894e+03,1.438898167719282561e+01,3.302591854265673987e+02,3.430946511592128267e+00
3.815104166666666297e-02,3.300697540941320767e+03,1.428572772438884719e+01,3.147673977957244915e+02,3.263414341654434114e+00
3.821614583333333287e-02,3.234731091881025350e+03,1.430399515167813185e+01,3.228571774282985416e+02,3.253990593317331648e+00
3.828125000000000278e-02,3.278178940873910051e+03,1.487723333667122283e+01,3.271401324260827437e+02,3.248603110256388593e+00
3.834635416666666574e-02,3.183147049278748000e+03,1.444243371434033563e+01,3.173825927802818683e+02,3.150589782629226399e+00
3.841145833333333565e-02,3.247285364697417208e+03,1.487088292761320218e+01,3.135291359964983258e+02,3.074372545903734100e+00
3.847656249999999861e-02,3.169047932085075445e+03,1.506688609257789579e+01,3.193186514393057109e+02,3.116569254498355424e+00
3.854166666666666852e-02,3.088578209679192241e+03,1.548590245421446099e+01,3.074026054423234768e+02,3.093855163204980663e+00
3.860677083333333148e-02,3.154413532355873940e+03,1.539771165814970288e+01,3.079432452623100858e+02,2.975833335205635866e+00
3.867187500000000139e-02,3.106238241538781494e+03,1.579626068696468622e+01,3.003462694348270361e+02,2.974294075666684467e+00
3.873697916666666435e-02,2.936700374994865342e+03,1.603535849599227703e+01,2.986970248313285765e+02,3.044464500507672700e+00
3.880208333333333426e-02,3.008295018488602636e+03,1.606421556162609932e+01,3.001311115190816849e+02,2.939062807283809864e+00
3.886718749999999722e-02,2.886890164372175150e+03,1.627592506134566719e+01,2.988937137036822946e+02,2.888385273086261584e+00
3.893229166666666713e-02,3.036199815505714014e+03,1.652918248437290316e+01,2.867538342103993614e+02,2.864074694839435331e+00
3.899739583333333010e-02,2.834630357827289117e+03,1.632215652242557269e+01,2.861409956752695507e+02,2.822814532254347419e+00
3.906250000000000000e-02,2.778425671488088028e+03,1.612571761220220878e+01,2.743495725828923355e+02,2.810566687567514599e+00
3.912760416666666297e-02,2.835308946867595751e+03,1.692019006094273337e+01,2.621980708197572767e+02,2.690693725133727732e+00
3.919270833333333287e-02,2.710597457702501742e+03,1.654845926409097956e+01,2.670684107580627824e+02,2.717641200030749715e+00
3.925781250000000278e-02,2.679904463252235473e+03,1.686400642879451794e+01,2.644332647257131157e+02,2.660804751947729585e+00
3.932291666666666574e-02,2.597536723658073697e+03,1.717738233320263319e+01,2.515685813296766185e+02,2.552398804145412647e+00
3.938802083333333565e-02,2.611744112405378473e+03,1.723279876389529264e+01,2.550233516493688342e+02,2.603742144353002441e+00
3.945312499999999861e-02,2.609387856331546118e+03,1.743263389523759699e+01,2.538428947236055251e+02,2.478928105294702977e+00
3.951822916666666852e-02,2.438627521431867990e+03,1.775809514680986467e+01,2.338602123499665311e+02,2.388128885575680371e+00
3.958333333333333148e-02,2.406089781904156098e+03,1.732128160413393658e+01,2.356155646677364359e+02,2.402396104938649746e+00
3.964843750000000139e-02,2.294771762459812635e+03,1.723266225872492186e+01,2.430728524810656381e+02,2.364767457382681126e+00
3.971354166666666435e-02,2.263341582783445574e+03,1.803631990404294427e+01,2.289476405986930274e+02,2.238627990137849633e+00
3.977864583333333426e-02,2.221145674540196069e+03,1.797298005619713024e+01,2.302060909288614994e+02,2.153496728255021253e+00
3.984374999999999722e-02,2.141197112456345167e+03,1.799978687951531953e+01,2.190212662293544383e+02,2.069077336770290376e+00
3.990885416666666713e-02,2.023045552264736671e+03,1.763974367460960835e+01,2.049505592973128785e+02,2.050584945024719108e+00
3.997395833333333010e-02,2.003581456941738224e+03,1.791375093657916651e+01,2.038900431974244611e+02,2.011718737715153527e+00
4.003906250000000000e-02,1.918099040228571084e+03,1.804192005021202405e+01,1.976453485660987326e+02,2.018697630817417377e+00
4.010416666666666297e-02,1.873524325347645799e+03,1.830840306190225775e+01,1.813078912483084082e+02,1.904062162896601240e+00
4.016927083333333287e-02,1.843988870245566432e+03,1.821257516519544950e+01,1.788391065116184393e+02,1.816364493909536915e+00
4.023437500000000278e-02,1.838799032626012604e+03,1.786376049086910811e+01,1.788654864424852349e+02,1.736352911986378755e+00
4.029947916666666574e-02,1.738925949770980424e+03,1.813698464616883754e+01,1.690761988085987184e+02,1.652833443819449188e+00
4.036458333333333565e-02,1.633439836956071531e+03,1.819396782128547940e+01,1.579811863694460214e+02,1.555771342299142823e+00
4.042968749999999861e-02,1.578379778562106594e+03,1.811407099986585223e+01,1.433645396855359309e+02,1.475705663474614404e+00
4.049479166666666852e-02,1.505154505673294807e+03,1.816549586035637276e+01,1.438711752391734535e+02,1.433957604918816520e+00
4.055989583333333148e-02,1.352211422641232957e+03,1.835826301936904059e+01,1.306636939946651808e+02,1.388378067104270253e+00
4.062500000000000139e-02,1.267537056992026919e+03,1.834829639980639726e+01,1.332762166739162524e+02,1.354375163079287736e+00
4.069010416666666435e-02,1.263959046989112721e+03,1.780766439975090876e+01,1.207974605767897884e+02,1.129789639826448422e+00
4.075520833333333426e-02,1.086634379317926459e+03,1.794557849354346857e+01,1.125728321661120930e+02,1.245157936611125615e+00
4.082031249999999722e-02,1.061068015892437870e+03,1.809527542967850522e+01,1.002681101756872977e+02,9.200800262320728562e-01
4.088541666666666713e-02,9.528444910962546146e+02,1.790000327813816483e+01,9.037609489020341869e+01,1.006631919815105469e+00
4.095052083333333010e-02,9.461087308423410605e+02,1.799737926523689424e+01,9.523659432660302571e+01,7.878541275349659756e-01
4.101562500000000000e-02,8.618267139706256330e+02,1.839118905974336116e+01,8.355350184955233317e+01,7.508064861298923143e-01
4.108072916666666297e-02,7.188592621457291898e+02,1.804219954248296176e+01,7.304681339832305298e+01,7.157029386939800508e-01
4.114583333333333287e-02,7.211293752357730682e+02,1.809308064139356276e+01,6.300565461944112400e+01,8.707733920901692404e-01
4.121093750000000278e-02,5.141288361597993344e+02,1.757767675375159300e+01,5.827848669431373452e+01,5.471285946323948268e-01
4.127604166666666574e-02,5.239164012940753992e+02,1.742916186324612937e+01,4.576825872031901810e+01,4.824643987089334840e-01
4.134114583333333565e-02,3.088365005086540123e+02,1.789924736403366623e+01,4.164226971748307449e+01,4.237777027620955317e-01
4.140624999999999861e-02,3.531252175190494427e+02,1.778422558156064071e+01,4.292980809378878604e+01,3.023797145694051558e-01
4.147135416666666852e-02,3.014441809692779657e+02,1.794818599410948678e+01,2.529503375317198888e+01,2.582442851945634388e-01
4.153645833333333148e-02,1.262724860971785006e+02,1.751892011655117898e+01,2.531896974290127744e+01,1.559121312224195643e-01
4.160156250000000139e-02,7.368540314244057754e+01,1.755350096287539330e+01,1.516244407023896379e+01,9.650640865582225947e-02
4.166666666666666435e-02,-4.435255148189264673e+01,1.730205334924117011e+01,-5.272414516754473368e+00,-3.673487156378178048e-02
4.173177083333333426e-02,-1.209246561961495416e+02,1.738997024788333690e+01,-1.301534173685224438e+01,-1.606522961387131798e-01
4.179687499999999722e-02,-7.558370491887994547e+01,1.762798640829149477e+01,-1.012601373242365810e+01,-1.199444078258435908e-01
4.186197916666666713e-02,-1.901857413561633052e+02,1.745601230255849501e+01,-2.668932826792185864e+01,-1.536934622814790374e-01
4.192708333333333010e-02,-3.068318067180921958e+02,1.688850657946836265e+01,-3.552245350024356441e+01,-3.393613820112262869e-01
4.199218750000000000e-02,-4.110813915566424726e+02,1.696301341248631900e+01,-4.868457852773165229e+01,-3.576852331673734398e-01
4.205729166666666297e-02,-6.484392775172368601e+02,1.642685448078610122e+01,-4.777522379483226445e+01,-5.021227051583926348e-01
4.212239583333333287e-02,-5.278981749195517068e+02,1.652624944674747809e+01,-5.438442865364116585e+01,-5.205222526234177804e-01
4.218750000000000278e-02,-5.960082790991021966e+02,1.667692734385994768e+01,-6.909199193516495541e+01,-6.893409030343210508e-01
4.225260416666666574e-02,-7.534643224556272116e+02,1.597929456429397632e+01,-6.922037946171634815e+01,-7.612832480177846861e-01
4.231770833333333565e-02,-8.721990366286150902e+02,1.590853832297905512e+01,-8.114088986468001963e+01,-7.362993998769430393e-01
4.238281249999999861e-02,-9.556346850004434827e+02,1.627872187617600730e+01,-9.066121270575743551e+01,-9.635667975554883524e-01
4.244791666666666852e-02,-9.329027110262890119e+02,1.595781720084179867e+01,-9.541694040205223359e+01,-1.057266951772295682e+00
4.251302083333333148e-02,-1.112842250966967640e+03,1.551737681340558517e+01,-9.941218440678609625e+01,-1.106221070547285468e+00
4.257812500000000139e-02,-1.146331712107584508e+03,1.570597325761609753e+01,-1.107979198244788819e+02,-1.142331861831268336e+00
4.264322916666666435e-02,-1.168125221270441216e+03,1.574584364445182771e+01,-1.265058385850572336e+02,-1.205326846244282546e+00
4.270833333333333426e-02,-1.249629683091273137e+03,1.546859261283113796e+01,-1.207754237182886072e+02,-1.197090355888924318e+00
4.277343749999999722e-02,-1.337711065801850282e+03,1.537099833755738132e+01,-1.374532670448546412e+02,-1.314057484328211567e+00
4.283854166666666713e-02,-1.409163452369819652e+03,1.530121179441898072e+01,-1.381574744036934135e+02,-1.413629595589501076e+00
4.290364583333333010e-02,-1.447600614258815085e+03,1.500337266588620544e+01,-1.488379159767960687e+02,-1.501332175252966694e+00
4.296875000000000000e-02,-1.632805335435292591e+03,1.444917388577977846e+01,-1.605011969351378127e+02,-1.648163078944349769e+00
4.303385416666666297e-02,-1.694857282134484421e+03,1.434726910382540410e+01,-1.636504380065941575e+02,-1.639567687611838132e+00
4.309895833333333287e-02,-1.737908789360209767e+03,1.440290253118926955e+01,-1.726713461719492386e+02,-1.808353028251987515e+00
4.316406250000000278e-02,-1.743231021032626586e+03,1.411438807432286424e+01,-1.832822051027551140e+02,-1.806581349642346623e+00
4.322916666666666574e-02,-1.877868012422949732e+03,1.396893680280195404e+01,-1.842953669364559346e+02,-1.887580455669694901e+00
4.329427083333333565e-02,-1.936955875881702696e+03,1.402679585328170830e+01,-1.913172272260321165e+02,-1.914000747388828083e+00
4.335937499999999861e-02,-1.949662459262535322e+03,1.354559964525992832e+01,-1.968798825356037412e+02,-1.991885495418820762e+00
4.342447916666666852e-02,-2.124835569731541909e+03,1.310322207889284307e+01,-2.068260000069899434e+02,-2.026643469286419474e+00
4.348958333333333148e-02,-2.121039219034082180e+03,1.331668555418079514e+01,-2.188266949620375783e+02,-2.171666949026676452e+00
4.355468750000000139e-02,-2.295567373979457443e+03,1.287915825142378878e+01,-2.254193458987424776e+02,-2.212787830860223792e+00
4.361979166666666435e-02,-2.266073052187460235e+03,1.275195645411578482e+01,-2.213942896731246321e+02,-2.185936551871011879e+00
4.368489583333333426e-02,-2.329579482457972517e+03,1.251260369958354701e+01,-2.320689882885490363e+02,-2.462199656659986857e+00
4.374999999999999722e-02,-2.445754719642329292e+03,1.222314328268276640e+01,-2.329228093474762034e+02,-2.405646485551196090e+00
4.381510416666666713e-02,-2.466951315942988458e+03,1.232998505587913485e+01,-2.352894568758716503e+02,-2.380934535111924433e+00
4.388020833333333010e-02,-2.488223415196451697e+03,1.165575883616331865e+01,-2.463066143649792252e+02,-2.456714023504956934e+00
4.394531250000000000e-02,-2.567053219288981381e+03,1.140179237250483091e+01,-2.518915442906261717e+02,-2.526031063136519261e+00
4.401041666666666297e-02,-2.637390220177830543e+03,1.077467204676273305e+01,-2.610641419254858420e+02,-2.536547997529142506e+00
4.407552083333333287e-02,-2.661966623548630650e+03,1.127956433092011679e+01,-2.655302233519026345e+02,-2.642421841499297042e+00
4.414062500000000278e-02,-2.721632441218997428e+03,1.051674298061304924e+01,-2.770662769265464931e+02,-2.721364722435158701e+00
4.420572916666666574e-02,-2.794914228964696122e+03,1.041108028028486032e+01,-2.775695035482675053e+02,-2.813205033943547040e+00
4.427083333333333565e-02,-2.765542623890300547e+03,1.096977402199933671e+01,-2.839351692686807382e+02,-2.806715937658823989e+00
4.433593749999999861e-02,-2.874397625018688814e+03,1.044701605723146187e+01,-2.778078012493805318e+02,-2.727364839577127498e+00
4.440104166666666852e-02,-2.825284660926263314e+03,1.002687597166733369e+01,-2.870404048504961452e+02,-2.834305193360481478e+00
4.446614583333333148e-02,-2.958989368025920157e+03,9.945161776257881669e+00,-2.917028577299789731e+02,-2.905298969368322215e+00
4.453125000000000139e-02,-3.041317615141572333e+03,8.962426834999842384e+00,-2.976838076143490639e+02,-3.008593138126876010e+00
4.459635416666666435e-02,-3.105030485727234918e+03,9.404523221877548522e+00,-3.001898945019175926e+02,-2.994242628287529850e+00
4.466145833333333426e-02,-3.072795515423472807e+03,9.003215705772657174e+00,-3.053161222015124849e+02,-3.043132610792109283e+00
4.472656249999999722e-02,-3.017107451216021218e+03,8.327810336481393350e+00,-3.058246804325527819e+02,-3.070539677627384112e+00
4.479166666666666713e-02,-3.127747251883646641e+03,8.482205338050784249e+00,-3.172318430739979931e+02,-3.142510693206033157e+00
4.485677083333333010e-02,-3.135670349760425324e+03,8.201525315789462311e+00,-3.140488049870222653e+02,-3.168514606852123716e+00
4.492187500000000000e-02,-3.160395625219512112e+03,8.130280187806233627e+00,-3.123056160086033515e+02,-3.091224846950527017e+00
4.498697916666666297e-02,-3.190168426999109215e+03,7.686753231822755161e+00,-3.183091918503276929e+02,-3.250121189926900911e+00
4.505208333333333287e-02,-3.307603232778735673e+03,7.470934443376992640e+00,-3.226475720463896550e+02,-3.252784946440109515e+00
4.511718750000000278e-02,-3.222928024286936761e+03,7.194303070171682357e+00,-3.328854713207977625e+02,-3.268502067503607833e+00
4.518229166666666574e-02,-3.267677546976669873e+03,6.874795856837343067e+00,-3.257070262145323909e+02,-3.281294536340828571e+00
4.524739583333333565e-02,-3.312623400301788024e+03,6.507398621116323945e+00,-3.293399174467837724e+02,-3.194890452835087657e+00
4.531249999999999861e-02,-3.317399492627530890e+03,6.364332136726482680e+00,-3.277871542578945991e+02,-3.248174341269047360e+00
4.537760416666666852e-02,-3.383136425310946834e+03,6.645923513975558805e+00,-3.321661196376340399e+02,-3.275735286302076332e+00
4.544270833333333148e-02,-3.405737462466928264e+03,6.411737808047028864e+00,-3.324623076883786439e+02,-3.309798265450082599e+00
4.550781250000000139e-02,-3.426413411380190155e+03,5.959696946112875260e+00,-3.293343456281982640e+02,-3.280411389810938161e+00
4.557291666666666435e-02,-3.310305664038022769e+03,5.839172897570673371e+00,-3.326694291628905376e+02,-3.335591744021087379e+00
4.563802083333333426e-02,-3.435788310711867780e+03,5.679771573092452286e+00,-3.345413264817552772e+02,-3.317589168680638689e+00
4.570312499999999722e-02,-3.396408372156731275e+03,5.138582684007924506e+00,-3.323062004621311303e+02,-3.278221915288717536e+00
4.576822916666666713e-02,-3.297392004175444072e+03,4.980406092505631932e+00,-3.312412738255097793e+02,-3.321970543064169057e+00
4.583333333333333010e-02,-3.444933116929880725e+03,4.697872566018907570e+00,-3.390697038638261915e+02,-3.392905013885942012e+00
4.589843750000000000e-02,-3.363219921227506347e+03,4.636115980269199355e+00,-3.457029813179801181e+02,-3.382558814830105121e+00
4.596354166666666297e-02,-3.329516563289600072e+03,4.506121713987806920e+00,-3.292991939175136054e+02,-3.314714231381433951e+00
4.602864583333333287e-02,-3.436436916416590520e+03,3.857377731609525462e+00,-3.294435216702962066e+02,-3.331830596408628331e+00
4.609375000000000278e-02,-3.417100556681041326e+03,3.852294183715863962e+00,-3.367793278370399435e+02,-3.291557930499013018e+00
4.615885416666666574e-02,-3.403155293867959244e+03,3.785413347872010448e+00,-3.382198271512489214e+02,-3.258770184168498396e+00
4.622395833333333565e-02,-3.234949516141508866e+03,3.780158511826310797e+00,-3.298213204426439802e+02,-3.406731031782183283e+00
4.628906249999999861e-02,-3.407571507225229652e+03,3.172463364788659312e+00,-3.471890483496549678e+02,-3.363489939359530112e+00
4.635416666666666852e-02,-3.201148589560324581e+03,2.797093061844312611e+00,-3.353817390234257800e+02,-3.361339965436598742e+00
4.641927083333333148e-02,-3.317574649487194620e+03,3.336653268846596632e+00,-3.307967955076032354e+02,-3.312114510925272537e+00
4.648437500000000139e-02,-3.309668375049797760e+03,3.059468521114444339e+00,-3.226421730602681350e+02,-3.307400750331326744e+00
4.654947916666666435e-02,-3.228000259441069375e+03,2.849663285223351217e+00,-3.233116345596837391e+02,-3.258273496608985020e+00
4.661458333333333426e-02,-3.191443408234052185e+03,2.659570143492977046e+00,-3.108151567038850089e+02,-3.282733624724286425e+00
4.667968749999999722e-02,-3.252239340394241026e+03,2.308267300858969140e+00,-3.229372734348847302e+02,-3.240299018972289780e+00
4.674479166666666713e-02,-3.148541854409231291e+03,1.803695331319779216e+00,-3.171996535969418574e+02,-3.198011218761666274e+00
4.680989583333333010e-02,-3.163028586654737410e+03,1.858102678198719993e+00,-3.106004683460060960e+02,-3.059190871582578630e+00
4.687500000000000000e-02,-3.142092604111097899e+03,1.553760294508771400e+00,-3.146975539696191504e+02,-3.109855851725225051e+00
4.694010416666666297e-02,-3.073228684116727436e+03,1.896446949025410333e+00,-3.160370129055204984e+02,-3.024258441009842535e+00
4.700520833333333287e-02,-3.059539116531016589e+03,1.244917943854503495e+00,-2.998928925991328924e+02,-3.075575906749031141e+00
4.707031250000000278e-02,-2.978669652320839759e+03,1.143056879555379490e+00,-2.966547183600225708e+02,-2.922512174333759205e+00
4.713541666666666574e-02,-2.966705951501638083e+03,9.183491417013962543e-01,-3.037888693453526230e+02,-2.924926346371603536e+00
4.720052083333333565e-02,-3.013990991958205086e+03,1.076353263508027513e+00,-2.930408965983116900e+02,-2.998985403494998980e+00
4.726562499999999861e-02,-2.974736207552798987e+03,3.424334275408822958e-01,-2.800814167965446586e+02,-2.909534476564070271e+00
4.733072916666666852e-02,-2.841401951661512612e+03,4.451953768138117162e-01,-2.917231754457254738e+02,-2.768622452824657021e+00
4.739583333333333148e-02,-2.846962308934949760e+03,6.112804035487775511e-01,-2.862786131196942279e+02,-2.769873105070730812e+00
4.746093750000000139e-02,-2.812285558626782404e+03,2.028003579523241229e-01,-2.773213852696222261e+02,-2.685889724095591902e+00
4.752604166666666435e-02,-2.775390929335047531e+03,3.882333838225900391e-01,-2.704193264973612258e+02,-2.634738332353743218e+00
4.759114583333333426e-02,-2.628706870113570403e+03,1.573058669853695801e-01,-2.618436295545860730e+02,-2.648298887764167553e+00
4.765624999999999722e-02,-2.665679157272455086e+03,4.207029407978888358e-01,-2.584685277449000296e+02,-2.656769956562235357e+00
4.772135416666666713e-02,-2.542885955277612084e+03,-1.996339109370362519e-02,-2.608127803348354519e+02,-2.561234896501029645e+00
4.778645833333333010e-02,-2.555680422144423574e+03,3.743929602331375062e-02,-2.525045480427989162e+02,-2.514048524981377764e+00
4.785156250000000000e-02,-2.499541698582379922e+03,-2.786216902389090921e-01,-2.479866581835388786e+02,-2.447116401147759301e+00
4.791666666666666297e-02,-2.344916784237568663e+03,-3.296929544523862221e-01,-2.382081517941468576e+02,-2.384776579110871708e+00
4.798177083333333287e-02,-2.290174877938458849e+03,-3.896274110705165716e-01,-2.352275859239636588e+02,-2.320408548983562635e+00
4.804687500000000278e-02,-2.335328021089378126e+03,-5.006688411008605177e-01,-2.208958596743734404e+02,-2.258461653501340205e+00
4.811197916666666574e-02,-2.101413430052656622e+03,-6.901301080517465714e-01,-2.300412147649456074e+02,-2.265818952817777454e+00
4.817708333333333565e-02,-2.106896823937206136e+03,-8.755302130372526470e-01,-2.171018971215362114e+02,-2.117493385060551070e+00
4.824218749999999861e-02,-2.125266370094250760e+03,-4.781446211692491066e-01,-2.107252228491505548e+02,-2.088963059309661308e+00
4.830729166666666852e-02,-2.026176610373378935e+03,-7.010702855751829166e-01,-1.974007334249325822e+02,-2.003077479204593114e+00
4.837239583333333148e-02,-1.987227464851023342e+03,-1.094975922443745864e+00,-1.933001453999787600e+02,-1.982344573787135023e+00
4.843750000000000139e-02,-1.904240980251321162e+03,-1.126957767813233202e+00,-1.821481338172885387e+02,-1.913134369958641390e+00
4.850260416666666435e-02,-1.862118896190760552e+03,-1.098312070771266580e+00,-1.782768973128496270e+02,-1.785683500190077933e+00
4.856770833333333426e-02,-1.814997540250341444e+03,-7.741475104512092198e-01,-1.740691242121613982e+02,-1.631481052388719988e+00
4.863281249999999722e-02,-1.772418592398242936e+03,-1.066533480436433479e+00,-1.687513323911088605e+02,-1.552518053755414629e+00
4.869791666666666713e-02,-1.623189285557352378e+03,-9.624906770875376605e-01,-1.605779655690315337e+02,-1.549699777331842165e+00
4.876302083333333010e-02,-1.491098523313749638e+03,-1.153408082510722688e+00,-1.551661186216319379e+02,-1.596938388380977347e+00
4.882812500000000000e-02,-1.455090666263903586e+03,-9.923871048829964181e-01,-1.455840054812075550e+02,-1.469966067688705635e+00
4.889322916666666297e-02,-1.363535970426669337e+03,-1.291312062014811746e+00,-1.368479076075044816e+02,-1.383193355401725499e+00
4.895833333333333287e-02,-1.254858207286599054e+03,-6.303193481872598758e-01,-1.254691951139505051e+02,-1.295829152007665241e+00
4.902343750000000278e-02,-1.225471463909722615e+03,-1.143649116865469884e+00,-1.195789705001356253e+02,-1.212666716844388537e+00
4.908854166666666574e-02,-1.139410296956229786e+03,-1.338082237924437035e+00,-1.146216057721867969e+02,-1.094559625539906378e+00
4.915364583333333565e-02,-1.069871237787992641e+03,-1.630406884895727604e+00,-1.036350899663908365e+02,-9.205814698799654749e-01
4.921874999999999861e-02,-1.025567988376046969e+03,-1.224314593971793652e+00,-1.003935225879847337e+02,-1.098460596736155592e+00
4.928385416666666852e-02,-9.645047710806456962e+02,-1.244005235761022732e+00,-8.239154954181323376e+01,-8.595468772741723384e-01
4.934895833333333148e-02,-8.231986260219069891e+02,-1.196306946551595862e+00,-8.154478569866891746e+01,-7.973696052589916983e-01
4.941406250000000139e-02,-7.625269657510826846e+02,-8.484216474863155444e-01,-7.202825181479319383e+01,-8.441714110654812142e-01
4.947916666666666435e-02,-6.213366016114182457e+02,-6.945138833548779589e-01,-6.653296400765972862e+01,-7.136925247087340107e-01
4.954427083333333426e-02,-5.740083691572017415e+02,-4.517732910964978310e-01,-6.269720841907523834e+01,-5.960633188952262351e-01
4.960937499999999722e-02,-4.475179133662413165e+02,-9.991102396206650305e-01,-5.082391951448399681e+01,-5.088313140596179007e-01
4.967447916666666713e-02,-3.515679239364314412e+02,-5.988565463006398915e-01,-4.092315173688152186e+01,-4.368563599080639293e-01
4.973958333333333010e-02,-3.614823864557980073e+02,-7.951986570034039747e-01,-4.593448979938312249e+01,-3.940225535529378598e-01
4.980468750000000000e-02,-2.827269733801775828e+02,-8.853031409936742424e-01,-2.224225747056428304e+01,-2.451266224164252994e-01
4.986979166666666297e-02,-1.152519665962442730e+02,-4.333107317677490355e-01,-1.910632247045005627e+01,-1.728729214390278823e-01
4.993489583333333287e-02,-1.300874718840245237e+01,-6.583895186080871431e-01,-1.147032236158802654e+01,4.415416338893196624e-04
