,0,1,2,3,4
0,0.0,20.836538351664842,0.27228306397426577,-3.357037092612982,-0.05357474976989618
1,6.510416666666667e-05,7.069203760176876,-0.011838130472585445,1.4175212127319075,0.1059310669321904
2,0.00013020833333333333,218.3699767603391,0.040593635398010114,20.163586478259756,0.17736556858269506
3,0.0001953125,249.71943837711788,0.3863982609228526,26.22632152242416,0.2532496486125701
4,0.00026041666666666666,303.9213557320972,0.3786043712721032,36.41667580419131,0.2622336063418762
5,0.0003255208333333333,483.79611346769065,0.7815926066065291,46.23722801589236,0.42641358082892405
6,0.000390625,568.2005549983375,0.7049239914047905,48.34829705639574,0.3766356747184531
7,0.0004557291666666667,479.85574563636476,0.7621594052509251,61.965384319460995,0.46468571643109574
8,0.0005208333333333333,714.7477594289857,0.7373362149308601,68.66287105375643,0.5578443025908583
9,0.0005859375,803.1104619458247,0.873166615711233,65.0353868119195,0.7734264221964031
10,0.0006510416666666666,819.5370928372593,0.913060914074779,87.07799718343875,0.83804074821883
11,0.0007161458333333333,921.3018187198147,1.450484546451914,95.88564186462807,0.776767165577928
12,0.00078125,1047.9616498818095,1.4071520875800618,96.35016243634286,1.0707767568332145
13,0.0008463541666666667,985.141809550126,1.7298940688565119,107.68649712928874,1.0017086216550546
14,0.0009114583333333333,1117.7536068784525,1.7108091568225237,111.00795410861836,1.2227152835367927
15,0.0009765625,1224.4829100635932,1.6766263199379874,120.90354491053725,1.1103061547882613
16,0.0010416666666666667,1280.3795231720094,1.8102607602221221,133.79529341342487,1.3186280067037264
17,0.0011067708333333333,1409.2988579100338,2.391134924431517,131.63078277213415,1.2986898926176669
18,0.001171875,1425.3727614050672,2.370231510537044,137.49341606125842,1.4654080382425287
19,0.0012369791666666666,1447.2396015878126,3.1281321913043527,148.25379731736103,1.4591560175013278
20,0.0013020833333333333,1594.919142508801,2.841732080575237,154.1973266480919,1.5511942897555955
21,0.0013671875,1678.5695219505913,3.255856057254242,161.68645348049063,1.6976745993934355
22,0.0014322916666666666,1717.7854702772534,3.118071001706133,165.42757829328784,1.6940313406254752
23,0.0014973958333333332,1801.2838048103558,3.398330187209963,174.06716812413632,1.787145120315303
24,0.0015625,1916.27251386683,3.6702583187500397,184.80725607657604,1.8153655445449703
25,0.0016276041666666667,1951.5209155307964,3.357905392152734,191.95039016039394,1.8994162473540626
26,0.0016927083333333334,1973.9839520040855,3.900530589377417,201.72589542661652,1.9837536612596047
27,0.0017578125,2017.3406553519826,3.9125307023793603,202.90956649958886,2.1063727757265793
28,0.0018229166666666667,2191.07514559767,4.11314461335357,214.08905472393943,2.1123744050094047
29,0.0018880208333333333,2173.7119849747073,4.631589601581681,223.0301717434792,2.2010437533481717
30,0.001953125,2250.6857063831712,5.064121846416076,222.69446417945872,2.1650661179014143
31,0.0020182291666666664,2350.494499488048,5.042282805478724,230.91360299161724,2.345655707034565
32,0.0020833333333333333,2403.6864810509865,5.081983226933519,241.664718662123,2.4381218970926946
33,0.0021484375,2581.620109418337,5.670286064635005,239.55328925404422,2.4314884738788933
34,0.0022135416666666666,2499.972496645473,5.812624369520236,245.88905909118964,2.5725675156696908
35,0.0022786458333333335,2616.8775523736826,6.302156269304922,257.2944512021015,2.549780311855241
36,0.00234375,2622.903945207451,6.812432648945344,268.1166126434859,2.526840789839265
37,0.0024088541666666668,2645.875535714308,6.3841740654627435,259.37207995208354,2.726962629493692
38,0.0024739583333333332,2706.212028731407,6.576259522930458,264.3175101562555,2.58100607979094
39,0.0025390625,2768.3427278775384,6.8239388746589,273.2713936170535,2.7842796319623018
40,0.0026041666666666665,2756.3863778943146,6.889467688878145,274.8866029664984,2.8324870273090674
41,0.0026692708333333334,2842.0968858906244,6.902451734043115,279.67366460462506,2.775336895640139
42,0.002734375,2888.948838768481,7.146981367055541,288.1739201556326,2.903217980742613
43,0.0027994791666666667,2870.994209733312,7.680586243275957,283.5896283922241,2.7553567947945634
44,0.002864583333333333,2995.114058201997,8.234348902438693,304.90395158738545,2.927453231290537
45,0.0029296875,3070.1294362264794,8.08108320482604,309.3933981217059,3.037241904123978
46,0.0029947916666666664,3103.811446895717,8.31095924156686,300.9927187147242,3.060869228450525
47,0.0030598958333333333,3089.3575901159156,8.68212966225056,306.7766007731394,3.1416594758923346
48,0.003125,3118.9181729769907,8.881031691841322,307.87140879095097,3.026537921485194
49,0.0031901041666666666,3164.9112602337977,9.053722700999806,315.47855754658025,3.0061966485424274
50,0.0032552083333333335,3185.1225652258972,9.04544046770666,318.59214557826823,3.1074489660897884
51,0.0033203125,3158.405607828132,9.31397714043956,320.5883606817844,3.184580033129682
52,0.0033854166666666668,3212.7022771405686,9.897167090932323,315.56277152950486,3.2246574824510343
53,0.0034505208333333332,3254.605772356239,9.948532753659581,320.5280231258357,3.2948762993416674
54,0.003515625,3318.8163529913945,10.243622242504797,318.38320291690303,3.2447501237973517
55,0.0035807291666666665,3375.666431734172,10.578041371784707,334.7180782124249,3.2702112184953824
56,0.0036458333333333334,3310.2489967736733,10.754308345966427,333.30626208323895,3.323436152833009
57,0.0037109375,3329.347304961122,11.038240263774224,332.75604961313246,3.313881067775057
58,0.0037760416666666667,3367.644811207776,11.146456515993581,328.3600898586086,3.2395761766977293
59,0.003841145833333333,3348.3537285002203,11.948969735096192,337.9512442354835,3.3279659145058673
60,0.00390625,3368.1704290426533,11.527416742671308,327.06272858100465,3.384422194995168
61,0.0039713541666666664,3337.5360942252946,11.796576471154289,326.77301960311183,3.3199228548633535
62,0.004036458333333333,3473.0567901055456,11.804869990436817,340.3277513339548,3.321415029180607
63,0.0041015625,3400.5863571154437,12.432180790003923,333.86199710206995,3.4484205956954397
64,0.004166666666666667,3345.470998014133,12.560606731979735,339.95530255081616,3.3454879202399925
65,0.004231770833333333,3279.5969337928905,12.624465777662573,337.18996606852784,3.318794455476028
66,0.004296875,3331.2855080135737,13.285392720182632,337.1267940150815,3.3241818134590213
67,0.004361979166666667,3404.107255501051,13.112214654293151,337.8208217969324,3.3210368235328005
68,0.004427083333333333,3377.659515076346,13.539082347481468,337.23255389677433,3.4107652633095205
69,0.0044921875,3358.2647275616528,13.603417613718621,329.307173398253,3.3343094039648262
70,0.004557291666666667,3376.5154688533316,13.710216315598016,332.2766552465356,3.2339188249096793
71,0.004622395833333333,3369.8727315318447,13.956452952769112,322.3873885675396,3.2846143866676045
72,0.0046875,3258.6621580816727,14.27004990898432,334.32662216449904,3.2635545008993567
73,0.004752604166666666,3311.602448644231,14.30107237014249,326.2646922227067,3.241937326660485
74,0.0048177083333333336,3290.57664145777,14.494022560269308,328.298206110772,3.1911488719901167
75,0.0048828125,3309.977689192274,15.0703064363188,330.55863427759584,3.2206235744170466
76,0.0049479166666666664,3255.2351222180973,14.98915070935945,325.02364341655135,3.1738234436536694
77,0.005013020833333333,3186.499628367704,15.065593648035263,314.79757863303047,3.180258190109704
78,0.005078125,3202.748307247251,15.234813496884321,312.0808231745196,3.056675236738898
79,0.005143229166666667,3145.398638685682,15.279109971860047,317.9131209765037,3.1465615979785833
80,0.005208333333333333,3224.971623306199,15.534208786474915,315.0459257197216,3.0822640336525944
81,0.0052734375,3042.0840450323203,16.127279611666218,306.5848715644252,3.057061415283411
82,0.005338541666666667,3137.8173267498146,15.635536489806412,305.90895679580245,3.0885759944182287
83,0.005403645833333333,2993.8925923605384,16.27423498770486,290.88707274782485,3.0117632708343165
84,0.00546875,2959.2663468640026,16.164003951001476,302.3582310027932,2.984634351184884
85,0.005533854166666667,2996.964333617735,16.410163208997258,294.29242834654593,2.826801193281225
86,0.005598958333333333,2935.234656363683,16.510548628606184,280.7753576604842,2.896934832614795
87,0.0056640625,2829.4705645355934,16.69101748924225,280.45021999028523,2.818122698734686
88,0.005729166666666666,2845.7017463964207,16.85095023935807,274.0286754000421,2.863819875197321
89,0.0057942708333333336,2849.1441197039403,17.255894818898806,280.52534288072934,2.711004275329761
90,0.005859375,2727.817896853228,17.154581055914786,268.7500629686315,2.6919588499442133
91,0.0059244791666666664,2682.01929310281,17.037775673226804,255.50245075455874,2.6756419823472717
92,0.005989583333333333,2654.0208087892674,17.26331266877334,263.16142098186026,2.5431718643851506
93,0.0060546875,2507.519870643447,17.564717258007914,250.16582194877617,2.5491677942447457
94,0.006119791666666667,2499.413995860768,17.81734941592588,244.0469011049672,2.394811357765192
95,0.006184895833333333,2435.721733386219,17.65179789274366,239.66328052472664,2.516907118239114
96,0.00625,2477.8506253759056,17.859046656581366,231.4662432886282,2.4027578260871616
97,0.006315104166666667,2385.705796445884,17.72315820546552,233.80292072832867,2.2882614754599464
98,0.006380208333333333,2243.886505092796,17.964771144725855,226.03792820846968,2.210011686950382
99,0.0064453125,2223.027251416076,18.249856244589317,222.96886499864343,2.1720982528610953
100,0.006510416666666667,2127.115682264024,18.111625323034588,219.62027797302557,2.1401494359364825
101,0.006575520833333333,2058.4032130376804,18.015179653953506,210.0254174250203,2.0784002807474584
102,0.006640625,1915.9490453037042,18.42829337050013,199.61585089815128,2.041903673775049
103,0.006705729166666666,1925.9470120843528,17.9955422091411,198.55897190609198,1.9749527357116823
104,0.0067708333333333336,1822.058977435443,18.39408299939088,186.5866806893614,1.8213455801591036
105,0.0068359375,1761.4816265412694,18.40443498061126,181.62182909634078,1.849110749682663
106,0.0069010416666666664,1780.670235301972,18.120458236381378,176.4001107304939,1.799402628997699
107,0.006966145833333333,1641.604936468058,18.466730032071297,161.6585436993855,1.6532647357540875
108,0.00703125,1687.103703898933,18.55710422029747,153.26958952229745,1.546982831958293
109,0.007096354166666667,1515.3180230074204,18.56934831384975,155.7845677274757,1.5004449890005178
110,0.007161458333333333,1454.8588098526204,17.98666133658743,140.95894637300287,1.3769210333047186
111,0.0072265624999999995,1323.8342773921033,18.37446693862698,141.336773937589,1.4181011416634344
112,0.007291666666666667,1267.6963080723535,18.574959214128818,128.1437195707347,1.2729763041505942
113,0.007356770833333333,1334.1646892390006,18.01407730493613,115.72966511873774,1.1873238921217704
114,0.007421875,1165.1436590884614,18.339926609215308,109.87010822046096,1.1431892669500678
115,0.007486979166666667,1089.594995999991,18.234028287119393,97.08894213656512,1.0336681599428537
116,0.007552083333333333,973.1432236134169,18.42119687839765,96.16478215650137,0.9524920969081142
117,0.0076171875,920.6015139886282,18.11097714944098,87.18157224122675,0.9190101252868952
118,0.007682291666666666,871.7729529636578,18.203443024061258,83.7293966765993,0.8631994949890783
119,0.0077473958333333336,790.013708287771,18.483322841205517,66.14768780654954,0.7389237917178111
120,0.0078125,769.0025328464399,18.53765197035789,72.47727883871227,0.5912958171767625
121,0.007877604166666666,608.3845111216601,18.132190044624966,58.12672078858135,0.6065876767438712
122,0.007942708333333333,517.9687606448605,18.055783385742938,48.2805112996787,0.4430907395286545
123,0.0080078125,502.3312387417381,18.549444615640233,38.43203285851582,0.3353185977186029
124,0.008072916666666666,336.1315415546289,18.085149828123523,32.10163796675742,0.3282178705926283
125,0.008138020833333334,252.40805111217676,18.025871550838218,25.087368299435102,0.24272574609935843
126,0.008203125,181.23431292321234,18.08839747328042,23.395018930679814,0.1531719871542182
127,0.008268229166666667,64.00682057935151,17.77463995898029,7.949627698053135,0.12816792850710934
128,0.008333333333333333,-41.52889132877913,17.982692786878783,-1.716850156660991,-0.041687066707096924
129,0.0083984375,-60.102814125874474,17.341775326420183,-8.394384434362673,-0.0612458947104317
130,0.008463541666666666,-108.34238119307122,17.29503609865887,-13.421588359543783,-0.14956574006785497
131,0.008528645833333333,-223.50120451991245,17.555634599379996,-28.992577148033043,-0.2918030921283872
132,0.00859375,-302.7422455287555,17.393715869432153,-31.40393476886663,-0.30064399463112146
133,0.008658854166666667,-394.75145781762353,16.699704091865062,-40.74380652791108,-0.4212432024298422
134,0.008723958333333334,-481.164537517456,16.843191784169857,-49.648119364912425,-0.4287607078849538
135,0.0087890625,-679.1268046322008,17.448645836838317,-62.70562874569435,-0.6262176502719956
136,0.008854166666666666,-727.2973232186581,16.812261004354305,-70.23160767224368,-0.7301531093943345
137,0.008919270833333333,-739.3605520438294,16.893472608877612,-73.47436718118105,-0.6104610977584963
138,0.008984375,-858.8123111175438,16.573399218506513,-79.80036157618272,-0.8302378814308717
139,0.009049479166666666,-856.9870476540483,16.653494206170745,-93.25412638767342,-0.8800740744931981
140,0.009114583333333334,-993.964417316578,16.098541301799063,-88.15779849145733,-0.9725073645089148
141,0.0091796875,-1062.1415823938246,16.21991754876985,-107.20226118950707,-1.1356189995732127
142,0.009244791666666667,-1101.04355628466,15.829946899009952,-113.52753166195549,-1.0838531078468452
143,0.009309895833333333,-1146.753335007148,16.043601202839398,-120.08731345635205,-1.207455638913183
144,0.009375,-1356.925882030762,15.37272047561396,-129.52047783736836,-1.2998686121663117
145,0.009440104166666666,-1377.033466796867,15.53322501991983,-146.32355426153518,-1.406102252399973
146,0.009505208333333333,-1444.5527657184234,15.413451157710057,-142.32372080144427,-1.4133018111995073
147,0.0095703125,-1535.2151582457777,15.251698328285507,-150.43408511520224,-1.5798658289854484
148,0.009635416666666667,-1633.034903218292,15.35752482516438,-153.7624190488771,-1.6304475247924866
149,0.009700520833333334,-1659.136945152212,14.777760833610545,-168.25138479821908,-1.6001310219670581
150,0.009765625,-1663.6535015157936,14.580042497619631,-172.08518815487056,-1.763863187397627
151,0.009830729166666666,-1859.81349197087,14.327852786287343,-180.73673710421505,-1.7458853582503893
152,0.009895833333333333,-1844.488217752983,14.46875304819694,-195.12146422265462,-1.8366425159761968
153,0.0099609375,-1941.9421633920795,14.005563077273807,-200.18910430049925,-1.9748092809130273
154,0.010026041666666666,-1997.9986250785594,13.899610526413536,-203.89624242169575,-1.9919452768612647
155,0.010091145833333334,-2059.5670254543134,13.649158585571813,-208.8680462686073,-2.085576961886056
156,0.01015625,-2105.7680963197513,13.275076441282211,-216.10336168664938,-2.1366952704674977
157,0.010221354166666667,-2245.898029491043,13.479605347102385,-215.1803235249831,-2.1973460827927855
158,0.010286458333333333,-2257.572741539069,13.038527910319123,-227.79194803445736,-2.227504566281578
159,0.0103515625,-2331.2048191062836,12.559492470229609,-230.16441171730386,-2.292555637588563
160,0.010416666666666666,-2441.913139253248,12.435723239117312,-234.70258645827735,-2.386361492711199
161,0.010481770833333333,-2390.7736384472123,12.358003811840764,-245.27222487780185,-2.4376146702701114
162,0.010546875,-2519.544875281587,12.173904145510258,-238.28309135415577,-2.4969273908639296
163,0.010611979166666667,-2531.9361416745,11.685903527213322,-247.22607485373237,-2.597923471880904
164,0.010677083333333334,-2614.294897822847,11.804433580883744,-260.31988203711836,-2.611405405289797
165,0.0107421875,-2720.105891104313,11.529438654333537,-260.78461385627645,-2.608637038279666
166,0.010807291666666666,-2723.692977338462,10.817065357788177,-263.1100551155765,-2.6842514665953225
167,0.010872395833333333,-2777.63557160747,11.123828887200974,-280.53952688266133,-2.6749965604406514
168,0.0109375,-2950.275497382161,10.620184066432513,-282.2882234386833,-2.7831132927385474
169,0.011002604166666666,-2838.9657776463728,10.28354041552737,-289.19214589190165,-2.88545420907967
170,0.011067708333333334,-2973.2255640762965,10.383101940746462,-284.54724938722427,-2.8178203669323736
171,0.0111328125,-2873.462972779312,9.968423308870237,-300.0820627923252,-2.8103171822688493
172,0.011197916666666667,-2982.738112189612,10.002763049699736,-300.41053866917633,-2.9205621615704707
173,0.011263020833333333,-3120.370064394434,9.645290249299975,-296.69968118230906,-2.99708159570484
174,0.011328125,-3012.8272532213823,9.648627103373716,-301.72268588617504,-3.0911465393337068
175,0.011393229166666666,-3125.142994805474,8.66617122245843,-309.5806205184342,-3.064394428368749
176,0.011458333333333333,-3173.823113793636,8.773881080655329,-308.80790048700334,-3.1571884650807687
177,0.0115234375,-3201.1675892222593,8.35527155378704,-307.78406481307525,-3.182069094501402
178,0.011588541666666667,-3138.698451019786,8.271869758342609,-315.5284639623854,-3.2426414000855672
179,0.011653645833333334,-3154.7455137949696,7.9283645545493595,-321.57785585420476,-3.109314474876942
180,0.01171875,-3327.7241035591937,7.899646956369976,-322.1474556025401,-3.2561025288595613
181,0.011783854166666666,-3310.4563790211055,7.626991518724268,-313.6899446171747,-3.2560109887269526
182,0.011848958333333333,-3335.989889735875,7.510473989464722,-331.61902392877124,-3.199281010429134
183,0.0119140625,-3275.7042803262616,7.160884482063659,-324.4368585214747,-3.3387393740972593
184,0.011979166666666666,-3287.800415177822,6.952159543374816,-328.08699988434756,-3.271366684905438
185,0.012044270833333334,-3370.8073980435593,6.422441243206973,-320.89427260535103,-3.340532909011206
186,0.012109375,-3379.9239893334357,6.211409249239941,-327.1524392698435,-3.273184443784851
187,0.012174479166666667,-3405.314040409237,6.0767084580614865,-332.6225020021892,-3.3987586551882383
188,0.012239583333333333,-3412.307640278723,6.225984408715633,-339.9911693419253,-3.366139655920862
189,0.0123046875,-3428.5956261431534,6.074113787110162,-328.29888264391496,-3.3596754403152502
190,0.012369791666666666,-3459.991480455195,5.706428290807149,-332.8545968751993,-3.340395977765271
191,0.012434895833333333,-3439.3888789148004,5.214825735109199,-340.9924837463353,-3.335565633309359
192,0.0125,-3421.3008007279477,5.338814351185053,-331.8342070944202,-3.3768038904399247
193,0.012565104166666667,-3440.6669278497507,4.96097081084703,-346.8732624004232,-3.3808448117367287
194,0.012630208333333334,-3341.4927739643686,4.925005461961374,-327.12388364206794,-3.3244836091319043
195,0.0126953125,-3348.6204030979666,4.465737573645422,-330.02525422379733,-3.332354964654167
196,0.012760416666666666,-3313.7338597699136,4.238265717620077,-342.10599392907716,-3.3667144608788413
197,0.012825520833333333,-3333.4157802903455,4.019549734907212,-343.2708927844865,-3.343956093770136
198,0.012890625,-3302.3417439967106,3.6656107690899993,-334.78230197948443,-3.325958597361747
199,0.012955729166666666,-3512.8112934593137,3.516403401093777,-323.79334678647706,-3.351981905933664
200,0.013020833333333334,-3299.0377694349622,3.361738826380436,-322.0411690055925,-3.194238626858225
201,0.0130859375,-3364.4191374908996,3.432957644311542,-328.13645846629055,-3.242270362244214
202,0.013151041666666667,-3347.5129477221717,3.325234652459156,-320.53238934480055,-3.25393860472408
203,0.013216145833333333,-3253.6727614774422,2.871383471935521,-327.4089654941058,-3.2259972571850084
204,0.01328125,-3344.963106574336,2.632684130765302,-323.7238729795325,-3.2222498924917775
205,0.013346354166666666,-3202.2987757682768,2.7280586925738612,-311.80296608091845,-3.225006534604006
206,0.013411458333333333,-3125.074774475353,2.3722394409076157,-310.06773634511916,-3.1487937375767205
207,0.013476562499999999,-3222.241836405641,2.3205931792250416,-310.6327933697293,-3.091138518130391
208,0.013541666666666667,-3139.386193168525,1.7638081698870867,-307.21268305276215,-3.1697093720044798
209,0.013606770833333334,-3049.2484192213774,1.978265266606268,-307.2157099579765,-3.0703143957104633
210,0.013671875,-3071.100266332754,1.7658449527357516,-303.85323565416394,-3.075160244638186
211,0.013736979166666666,-3017.2736043500104,0.9793455183342111,-298.108560515887,-2.992343777147845
212,0.013802083333333333,-2998.243568703399,1.1310207455189007,-297.1206606184457,-2.9592888709832605
213,0.0138671875,-2883.3773595749976,1.0884365043456268,-295.0632648483881,-2.855359136466689
214,0.013932291666666666,-2903.6457716190403,0.8490917418993518,-285.1733738913961,-2.9589276988704416
215,0.013997395833333334,-2915.9365413413066,1.0919008719378585,-278.4390576488613,-2.9492296076142535
216,0.0140625,-2758.0395543588947,0.5374536251269042,-280.6288492992203,-2.827452369559744
217,0.014127604166666667,-2743.387037880476,0.7101586875404104,-262.9364310002271,-2.7159887305940082
218,0.014192708333333333,-2707.3124809991623,0.1037014755355593,-271.0089476555064,-2.8069226642643628
219,0.0142578125,-2590.104533005016,0.3375536301852628,-265.41275226377934,-2.628081527351239
220,0.014322916666666666,-2607.0451530698333,0.30489287591633063,-262.72645391141714,-2.6659469521866503
221,0.014388020833333333,-2570.643970200139,0.48534823885403555,-252.0234029732733,-2.64120564864884
222,0.014453124999999999,-2448.89569108704,0.28408485424955926,-256.3553427189138,-2.4706349002871417
223,0.014518229166666667,-2450.5261021212937,0.2999595816745163,-236.0743877208407,-2.4871808199852374
224,0.014583333333333334,-2399.497008744049,-0.3840627931359841,-242.73153871394317,-2.307936137083052
225,0.0146484375,-2396.81314309415,0.20416848605008142,-233.09216288454783,-2.34472246646378
226,0.014713541666666666,-2364.446637081695,-0.4617066353520354,-231.5838864769545,-2.2638031771192364
227,0.014778645833333333,-2270.997917715245,-0.12121312437614595,-221.18836756138433,-2.19914528987607
228,0.01484375,-2123.6562988085493,-0.45771936718562783,-222.41788964937496,-2.054700747325588
229,0.014908854166666666,-2079.861938202594,-0.38886219722326687,-213.8281440748687,-2.0559658351882786
230,0.014973958333333334,-2029.1236935304057,-0.520800737074626,-195.47540263988466,-2.0627357739029533
231,0.0150390625,-2029.6552275767285,-0.730324392109347,-201.28208680424694,-1.861631905823137
232,0.015104166666666667,-2015.0067979893684,-0.8520938673350722,-185.0326299992639,-1.8855424524441036
233,0.015169270833333333,-1887.826143399653,-0.9012951778640255,-183.28048524449133,-1.799569668102925
234,0.015234375,-1755.421954021258,-0.7088930353750154,-173.90223543269116,-1.711925945622039
235,0.015299479166666666,-1647.1777305286214,-0.8321136344421179,-172.3026813366707,-1.6088402238650108
236,0.015364583333333333,-1578.241090953374,-1.0643767824720476,-154.41568335339394,-1.6327371928731098
237,0.015429687499999999,-1539.623730321442,-1.136068194015325,-156.71187767459926,-1.55747035982776
238,0.015494791666666667,-1536.658015346485,-0.7311849819885824,-142.41101971144906,-1.4425402063219561
239,0.015559895833333334,-1383.158887209933,-1.0204056259395273,-139.32493302263572,-1.4475780763593555
240,0.015625,-1384.207891931901,-0.7452326127416858,-121.49528552725054,-1.2837375434013583
241,0.015690104166666666,-1186.0551462779972,-0.9716953218998395,-120.8990051551518,-1.2656292878225726
242,0.015755208333333333,-1085.1218617401883,-0.9697791048533881,-120.35076667706609,-1.0896983368994255
243,0.0158203125,-1042.1688199415591,-0.6312626965474549,-114.80948241783454,-1.0722873268860098
244,0.015885416666666666,-1018.3938153156106,-0.6133802090865172,-94.96957939738697,-1.1128237533763272
245,0.015950520833333332,-898.5947029392565,-1.0331779048662482,-90.3623361902694,-0.8229870691489499
246,0.016015625,-819.7647607226436,-0.664057504698365,-82.40896702057684,-0.819001832999758
247,0.016080729166666665,-685.8035272970418,-0.5690528778511665,-79.3102611736091,-0.7682012204232441
248,0.01614583333333333,-643.6713909518203,-0.7077066741023977,-65.22570674861538,-0.6189400463513923
249,0.0162109375,-533.9874683360348,-0.48579721416300325,-56.09965606859115,-0.6227528800874702
250,0.016276041666666668,-529.5213504575568,-0.28855507472887654,-52.61173318819355,-0.5479168585255332
251,0.016341145833333334,-395.3379728607737,-0.5513057504843136,-35.89127616268439,-0.47334057108131766
252,0.01640625,-289.35716111902025,-0.4792384520615638,-37.94327770194791,-0.348062616885645
253,0.016471354166666667,-339.2036647449538,-0.6545331253719533,-31.161048265768777,-0.32149686095092006
254,0.016536458333333334,-183.92791763310422,-0.21539568388131097,-16.261440391526342,-0.23162393654767513
255,0.0166015625,-93.23858623491058,-0.2049229797068049,-11.194109313695652,-0.1329896446636979
256,0.016666666666666666,4.286717208525721,0.11353991751254605,-5.653516676810679,0.010638669619564459
257,0.016731770833333333,61.80478573234335,-0.2345087676159356,6.213674558614269,-0.0012281534393062954
258,0.016796875,132.39418494701363,0.587265812289886,15.615496758340388,0.13481719361747188
259,0.016861979166666666,249.65556874520746,0.24912676516950594,20.05359560150439,0.3346523586457276
260,0.016927083333333332,335.5410795855507,0.40120172590091097,35.576382697348365,0.33133866905832166
261,0.0169921875,347.06674348494215,0.2923200390342178,40.67605788480509,0.3993905440404723
262,0.017057291666666665,503.06042965453264,0.7981171146823987,52.524448466482106,0.46995393843242145
263,0.01712239583333333,571.1750150897701,0.5492052171099725,57.89682054954004,0.6165732521599866
264,0.0171875,624.4302916383898,0.7594567401658926,58.63794996028852,0.5941873796127025
265,0.017252604166666668,654.7043431092244,0.8217555126745453,75.819230283179,0.7874636906208299
266,0.017317708333333334,883.3129513056722,1.0117756056277907,84.23308297083699,0.7995105112045882
267,0.0173828125,890.436950179971,1.0185160623760503,92.45118558494235,0.9915837252346464
268,0.017447916666666667,913.0577200494547,1.27214917451299,96.67401520989142,0.9263159815853794
269,0.017513020833333334,1062.051104117816,1.510144821104947,107.4545141411324,0.9406612618786363
270,0.017578125,1159.6213727568777,1.5376270331534687,113.83173208429953,1.0873709329596168
271,0.017643229166666666,1147.9753430526841,1.8734143432670143,125.5879937440792,1.1965897217001373
272,0.017708333333333333,1209.8218173194098,2.209207470097242,129.80085414735663,1.1961927936515284
273,0.0177734375,1446.2920284962202,2.1362306641140254,131.43654974772872,1.302178061518251
274,0.017838541666666666,1432.261429190987,1.9657180215236016,145.32749292850667,1.3701660549352312
275,0.017903645833333332,1529.736217450623,2.516842358769608,152.2886275249204,1.4438648774331646
276,0.01796875,1706.7873943596883,2.574300784869292,156.73204093959095,1.5918672725015224
277,0.018033854166666665,1570.9183879983702,3.187452092616395,173.69141616858175,1.7136285652718852
278,0.01809895833333333,1689.7377698864825,3.439309205528491,178.3227654938909,1.7889413913009586
279,0.0181640625,1788.0689377064516,2.5329328158746667,179.87218403613178,1.7549813972806971
280,0.018229166666666668,1900.3108691533985,3.0036108945227333,180.59141432747475,1.8285615482760869
281,0.018294270833333334,1934.2664213379967,3.4266836864704557,195.80185859606055,1.8991924776821116
282,0.018359375,2039.295285995125,4.030676833907373,199.11181110931986,2.037760954778492
283,0.018424479166666667,2102.4505428099355,3.693649548568359,215.28698828985864,2.092587241768731
284,0.018489583333333334,2112.5962061572886,4.332174928975391,209.6719018141554,2.063641606445931
285,0.0185546875,2285.1787774193604,4.466139668468279,214.68101541115362,2.205744481281571
286,0.018619791666666666,2258.7338389805022,5.117954646958875,227.62449173479362,2.2565621936255433
287,0.018684895833333333,2336.4474468140415,4.831697305884372,221.3482476284157,2.3615710034388364
288,0.01875,2444.666165349611,5.148604936963825,229.1390114345579,2.432198977488385
289,0.018815104166666666,2459.4604636727613,5.249575953336338,237.62394435676677,2.4595050500695077
290,0.018880208333333332,2458.0351876632158,5.2189177326593335,248.46798125943107,2.4124702758898255
291,0.0189453125,2595.919798476281,5.457079257198688,246.7016348339474,2.526228376437081
292,0.019010416666666665,2627.785922811048,6.165701187007949,265.78973419654415,2.5830572525611957
293,0.01907552083333333,2674.5772217021413,6.249113332416499,264.16972856840226,2.637407829372259
294,0.019140625,2682.8895422144674,6.487553216742932,272.6174608112983,2.5814216311398193
295,0.019205729166666668,2755.2389492688335,6.490041877599225,278.45040283455825,2.8086544336407715
296,0.019270833333333334,2879.118479972082,7.126578352581281,271.48686760039794,2.8218889805705705
297,0.0193359375,2850.008934095433,6.76724696445284,292.4073349734941,2.8091305126240393
298,0.019401041666666667,2885.7336726407393,7.523377191286559,284.8079720254081,2.909889050697002
299,0.019466145833333334,3012.9690398348075,7.715901615723413,289.2615125569811,2.8711954562502475
300,0.01953125,2974.631661638293,7.997864468638184,295.0665352377142,2.942858867637566
301,0.019596354166666666,2963.913013993784,8.27193465409633,288.317409884548,2.9393397427465002
302,0.019661458333333333,3048.729870849034,8.365073694449014,296.5063038694216,3.028996952738954
303,0.0197265625,3089.9137686826502,8.696718776255814,310.9588270489625,3.066152949528341
304,0.019791666666666666,3085.0894691108165,9.189900928194826,308.17901204163854,3.073948783966887
305,0.019856770833333332,3163.6487250094033,9.140920619093327,313.72497544568967,3.198312302732574
306,0.019921875,3163.600885682384,9.129233354061528,322.5004029722796,3.185603587087658
307,0.019986979166666665,3204.241235109024,9.151079479202675,320.4404939702416,3.1434658749746323
308,0.02005208333333333,3226.870794658495,9.950181405870119,323.50831059305096,3.18476334663303
309,0.0201171875,3261.361119391173,9.553227091384388,321.9285513401725,3.255382902593976
310,0.020182291666666668,3264.5056405919436,10.37819131138213,321.9204980516471,3.225910156239471
311,0.020247395833333334,3326.302271346196,10.330269322361662,314.67169470401376,3.209324497126149
312,0.0203125,3414.294389712574,10.855865977212455,333.33231201108555,3.2640603006327376
313,0.020377604166666667,3320.681224764,10.903712964898729,315.21987077609475,3.2700211711236045
314,0.020442708333333334,3376.6960967884897,10.902356414334198,337.24647810487386,3.3980227325174615
315,0.0205078125,3403.3866528421254,11.386693001314203,328.93555050867866,3.3083650612444275
316,0.020572916666666666,3405.229442183829,11.278848127776335,331.8328369995733,3.4361013086887024
317,0.020638020833333333,3421.7733140902465,11.303063190171985,338.33940371167137,3.362848613661139
318,0.020703125,3444.333724182335,11.762564219257145,334.011826553884,3.219723691174866
319,0.020768229166666666,3442.992677318558,12.045361389303213,331.3051282483263,3.3097318315307307
320,0.020833333333333332,3396.0370644189047,12.124091163114818,332.4388400858788,3.287700559669809
321,0.0208984375,3405.29250064302,12.615608810805373,327.9652883839213,3.2858943185140213
322,0.020963541666666665,3412.8373492159317,12.997808297557459,341.59299133482045,3.346235924024723
323,0.02102864583333333,3363.659231761805,12.675881409526106,328.5735808494024,3.3541994984286627
324,0.02109375,3311.0918979037665,13.04141754799278,335.4178288920091,3.389926140786946
325,0.021158854166666668,3379.718799151821,13.510397784574652,331.909002063643,3.2577631283679964
326,0.021223958333333334,3354.1726667799826,13.444455766163788,329.0535451440004,3.370678772044833
327,0.0212890625,3315.719020326396,13.949918051527243,329.4881410076471,3.3799787260168532
328,0.021354166666666667,3300.04325519887,14.266231714168748,335.6450768377602,3.3291737186293706
329,0.021419270833333334,3317.538730454454,14.182860305684146,328.427170251286,3.3329299641287227
330,0.021484375,3277.190580435637,14.501662472248704,313.51279756128645,3.2748410213004457
331,0.021549479166666666,3382.3588842213917,15.125704276011897,324.872644761956,3.146864385398005
332,0.021614583333333333,3197.1457783489336,15.060195262497984,322.77459653930197,3.2113031316637564
333,0.0216796875,3273.549443916368,14.989894668661387,315.9156147034149,3.155990708930503
334,0.021744791666666666,3182.1804420577464,15.022634133893515,310.7709409894936,3.0932074325870142
335,0.021809895833333332,3224.8485835729202,15.422678355863084,310.590288661884,3.2128126378310564
336,0.021875,3109.301029592239,15.523308396697612,302.16458361710716,3.158652632734508
337,0.021940104166666665,3105.193688932335,15.432029243093435,304.7484536830772,3.046275285247949
338,0.02200520833333333,3037.650376202805,16.059340724207527,302.86926380204756,3.0146983523429123
339,0.0220703125,3032.557742698819,15.743083750339412,293.64693710120844,2.9115808655377995
340,0.022135416666666668,3052.89175334802,16.20601630754437,289.2055515039418,3.068328770559105
341,0.022200520833333334,2888.0116301468074,16.331242229441262,289.41927910791196,2.8763948480455457
342,0.022265625,2859.2394655002636,16.165567393491358,290.87328817931024,2.949382336542882
343,0.022330729166666667,2896.1762773136506,16.591147003799385,276.85909474693864,2.7900519588497823
344,0.022395833333333334,2876.6888992292643,16.579934977974226,278.76565355200785,2.726189221486767
345,0.0224609375,2733.960123410134,17.024154651458456,275.9829264587101,2.675894678149802
346,0.022526041666666666,2678.4835604979653,16.645329366399544,274.8999759036918,2.7302705979976296
347,0.022591145833333333,2653.4892666571145,16.87238142772988,262.47543337702336,2.6399172121918206
348,0.02265625,2660.251062345902,17.149156673853806,266.04248748791554,2.63075690293613
349,0.022721354166666666,2543.3735559729253,17.276367774628536,249.4785013648205,2.628956849862815
350,0.022786458333333332,2477.8461024386675,17.427639313202175,249.04122102269395,2.460276764978047
351,0.0228515625,2407.1708510887083,17.772052206409956,240.33098472919636,2.4984448645917983
352,0.022916666666666665,2367.0237123847905,17.668296433107066,242.52447353643365,2.3475224264305665
353,0.02298177083333333,2428.8079079834465,17.886374956672245,220.02538604499355,2.273421385595164
354,0.023046875,2302.8441669333456,17.838016907942347,226.6383876425771,2.2984023106323863
355,0.023111979166666668,2227.325014038241,17.80588887289662,223.29751121147893,2.165924448963792
356,0.023177083333333334,2145.120214933321,18.252541192215315,218.87283445872404,2.1399342382216324
357,0.0232421875,2106.2442189257795,17.778618748129954,202.49133355603092,1.989581458833616
358,0.023307291666666667,2018.312290671673,17.761313827000322,195.47347376691854,1.9635052708667322
359,0.023372395833333334,2047.1283628108463,18.202773360491477,199.81248797973765,1.9264437127984224
360,0.0234375,1934.3731145848235,17.90409112603899,183.08736097045517,1.7897454049076944
361,0.023502604166666666,1921.0030490898112,17.996936863545862,173.7547101429307,1.7948043876850992
362,0.023567708333333333,1692.4031514368237,18.255312887984452,171.5187915670945,1.7646139656525175
363,0.0236328125,1749.3511745759226,18.242569284619584,168.69800141723098,1.6532250248848688
364,0.023697916666666666,1605.6109106360204,18.531767732286927,165.4538732108893,1.45788489942797
365,0.023763020833333332,1568.927839127205,18.142667953311364,151.48896189730053,1.4429249928328671
366,0.023828125,1519.581529100449,18.841673929398777,149.38874380747475,1.4294428658313636
367,0.023893229166666665,1302.386825214654,18.40698598506878,138.37537243107639,1.373826098751425
368,0.02395833333333333,1348.7955048196573,17.956135150625215,120.45511098263749,1.3089936697770557
369,0.0240234375,1191.5093537904113,18.491252251194236,124.6162753709402,1.1849250217224525
370,0.024088541666666668,1189.95023258551,18.397474644134352,114.32153889891005,1.1318960841322285
371,0.024153645833333334,1106.3060397941015,18.521177760096304,109.471826929074,0.9923888985161436
372,0.02421875,1050.463749466448,18.395075816984743,92.15152085814088,0.9467181519018076
373,0.024283854166666667,906.6785431796958,18.254438065651854,94.159977941721,0.8513924881796228
374,0.024348958333333334,771.3241727988545,18.21471312152665,75.88354497199475,0.829982474201047
375,0.0244140625,837.6666518886046,18.33663690939701,73.0847998816586,0.7643458503726112
376,0.024479166666666666,661.829852103552,18.173380501174513,68.60753008158946,0.7044868919817991
377,0.024544270833333333,638.6950807809669,17.915715355281545,42.03409093656603,0.649606458676988
378,0.024609375,512.9609654870374,18.25429278715606,43.02452966030235,0.5962295285280113
379,0.024674479166666666,388.8057761450677,18.209013297172927,44.24410079386864,0.42130859850920815
380,0.024739583333333332,307.574982074913,17.811459300827416,34.50394673498319,0.309765472210604
381,0.0248046875,277.669992065811,17.754915293037964,18.434100440773143,0.2695880643709639
382,0.024869791666666665,24.391643004439658,17.760682319648538,10.466184360968018,0.1412185510106747
383,0.02493489583333333,45.04435440016295,17.741914983073777,7.6844499830516915,0.01068237688713665
384,0.025,16.910744015270033,17.49248446879457,6.482140927362787,-0.08856306835133321
385,0.025065104166666668,-41.514475224137655,17.386160553563087,-10.571279383256744,-0.11134628210707587
386,0.025130208333333334,-167.68016355838765,17.80307954852301,-23.93506629113448,-0.17661422949790467
387,0.0251953125,-243.628603999331,17.259732880179705,-26.523626591355846,-0.21360928911559102
388,0.025260416666666667,-376.3836829443026,17.18626774837975,-29.4458576629407,-0.36494031226745705
389,0.025325520833333334,-468.9296226479822,16.492618752562844,-41.548470535378236,-0.38146816325805194
390,0.025390625,-458.9180913258688,17.256850048656794,-36.604944809310126,-0.4743121601656258
391,0.025455729166666666,-650.0595927760321,16.645816187179918,-68.68790482938763,-0.543442594572651
392,0.025520833333333333,-649.9654188001094,16.414574868582985,-66.97939272427487,-0.702303027790557
393,0.0255859375,-729.7427220016835,16.34290611687074,-63.43867426556817,-0.6683590179488645
394,0.025651041666666666,-860.3462556721851,16.186617149954024,-80.39696099830473,-0.7136057522102441
395,0.025716145833333332,-856.5469136177298,16.05987583584991,-89.690650712627,-0.8648913941746326
396,0.02578125,-956.6409681966085,16.064404327392033,-89.78377183538376,-0.9276971943391695
397,0.025846354166666665,-1134.9272106135159,15.914347157989544,-112.20482114678029,-0.9791735861928528
398,0.02591145833333333,-1215.6437140545331,16.157428821738286,-113.92156998268733,-1.0875868942501856
399,0.025976562499999998,-1211.0033539408955,16.066909589414248,-103.94865362867634,-1.169540297783928
400,0.026041666666666668,-1268.241766720905,15.604606605141491,-129.72678853619794,-1.302268279443914
401,0.026106770833333334,-1334.0980835518594,15.615242142817491,-145.07620212774594,-1.276894613639098
402,0.026171875,-1515.0237372824008,14.630182743136492,-149.04253030417374,-1.4732389549842606
403,0.026236979166666667,-1450.3118020776296,14.896768580420312,-153.1759550858793,-1.4578967891452983
404,0.026302083333333334,-1647.5785219661107,14.779554188764848,-158.56671011143308,-1.5579688527958093
405,0.0263671875,-1701.0356994272363,14.708923331070539,-163.66557981407917,-1.6013503253678627
406,0.026432291666666666,-1694.2744252038265,14.367803685323121,-169.27821738076793,-1.8453619670323425
407,0.026497395833333333,-1800.266707187208,14.015577355841842,-179.84690635759483,-1.7949146160529366
408,0.0265625,-1919.3884306941632,14.267305273767619,-194.38129534082216,-1.954153861337531
409,0.026627604166666666,-1941.6496849194396,13.83386496267744,-196.94692434852013,-1.9226613831278692
410,0.026692708333333332,-2050.764103499231,13.762419143539812,-196.1131694140752,-2.043142056751347
411,0.0267578125,-2104.729941711224,13.281903596165906,-203.95092213977986,-2.03441675519525
412,0.026822916666666665,-2179.9248456292526,13.364957003740313,-215.8631061569733,-2.124838589391489
413,0.02688802083333333,-2270.824899890078,13.171380978804748,-218.8183434775224,-2.2493834335992795
414,0.026953124999999998,-2276.271855155277,12.622948993459968,-216.8364228307729,-2.1938582747569737
415,0.027018229166666668,-2370.095611941706,12.516255257509695,-233.83374495474612,-2.30461115043708
416,0.027083333333333334,-2397.6937978457518,12.378862741551039,-239.92281027239036,-2.3673353622309943
417,0.0271484375,-2540.2128360702477,11.897256649425294,-247.90998621285215,-2.4140630458681613
418,0.027213541666666667,-2530.5617344336883,11.52211612588763,-246.04150682173403,-2.538499002912067
419,0.027278645833333334,-2522.411911498077,11.387993847897599,-250.92655687912364,-2.6474631429988174
420,0.02734375,-2766.2170742882845,11.43347767911212,-257.29943268314395,-2.5902206659566995
421,0.027408854166666666,-2633.49511444276,11.25080804776751,-265.94270114316066,-2.7723727054455725
422,0.027473958333333333,-2758.3361511817416,11.081059327839672,-267.10033557045716,-2.5634819696929556
423,0.0275390625,-2721.9949383291787,10.87482063757094,-272.313340901218,-2.732231249671064
424,0.027604166666666666,-2757.9198283776773,10.470474466114867,-279.74978846798047,-2.769594722081438
425,0.027669270833333332,-2919.259266688576,10.433162295148417,-289.1837353448558,-2.8794984230754057
426,0.027734375,-2873.038365537927,10.217664621616306,-290.8351863989916,-2.815530676897058
427,0.027799479166666665,-2990.941980281432,9.45697387631327,-296.1974510835078,-2.9543930994144354
428,0.02786458333333333,-3022.1812652810236,9.474527832375673,-297.2994484327569,-2.96628934426228
429,0.027929687499999998,-3072.5815983875204,9.22001177049481,-303.7117222770525,-2.9977473634932057
430,0.027994791666666668,-3019.8770057008455,8.827051130300735,-301.3435487356523,-3.022742710214449
431,0.028059895833333334,-3038.684942430938,8.678501863610384,-312.97090332373085,-3.0472114596685165
432,0.028125,-3179.6188041298956,8.433467152526644,-307.1405567786938,-3.144478021646818
433,0.028190104166666667,-3208.0811738100833,8.82957159883582,-313.802216201787,-3.143963676434083
434,0.028255208333333334,-3235.640741435183,8.304084027131132,-317.12200346465175,-3.1513945808453743
435,0.0283203125,-3288.7073954270495,7.986373737132101,-317.2067581025183,-3.223715651807192
436,0.028385416666666666,-3256.933047760222,7.83400745430322,-321.17474418587597,-3.2102481748240193
437,0.028450520833333333,-3280.755399077265,7.388043167790658,-322.4753647866922,-3.277608643822279
438,0.028515625,-3304.8360461833895,7.351773173326277,-328.0179953392453,-3.243215040314547
439,0.028580729166666666,-3251.932384167366,6.766790413697069,-325.3903512983255,-3.2144716103972026
440,0.028645833333333332,-3357.456370218334,6.578661719239047,-341.1623872748911,-3.3327867765730073
441,0.0287109375,-3449.878328275838,6.685862275300037,-332.574587769188,-3.335488982062822
442,0.028776041666666665,-3377.0789570447905,5.970705796536166,-336.39031536228066,-3.282534084405147
443,0.02884114583333333,-3322.578311269748,5.906447975101392,-334.2218794060871,-3.3698656138357537
444,0.028906249999999998,-3351.7221617155797,5.804897536854428,-330.8185611146837,-3.3625037535321556
445,0.028971354166666668,-3494.0351684859884,5.701266248044139,-327.79692103075,-3.390788274206073
446,0.029036458333333334,-3414.995224818918,5.509410397907673,-330.55326671018,-3.333792578615113
447,0.0291015625,-3366.3504260775676,5.216706076804062,-329.30942404457244,-3.354939172953485
448,0.029166666666666667,-3389.366416761256,5.126639092319986,-337.4666820599007,-3.381932751980282
449,0.029231770833333334,-3387.493986196058,5.139111677970195,-337.85914835584,-3.3534872283285093
450,0.029296875,-3354.6694825740756,4.544270276975346,-332.6225016062673,-3.3014384369709115
451,0.029361979166666666,-3452.1393569770153,4.148469369688965,-336.00967330439454,-3.3942033659347186
452,0.029427083333333333,-3279.8379211326774,4.224128510892243,-335.0545967994027,-3.2310999666833413
453,0.0294921875,-3440.312777035592,3.88211901371464,-331.60292635799186,-3.393628551846207
454,0.029557291666666666,-3291.0862493555233,3.6609803123542863,-331.80450953822856,-3.3539637833923086
455,0.029622395833333332,-3322.3571710488586,3.610509381384407,-336.6619318095877,-3.401482641112137
456,0.0296875,-3330.241963059439,3.5042360008607996,-336.6990791096876,-3.393144258296201
457,0.029752604166666665,-3297.6332231728256,3.1417440262024363,-322.24413676011034,-3.3616656213079374
458,0.02981770833333333,-3311.030396715237,2.9820962405126097,-324.20175782501775,-3.268581579702406
459,0.029882812499999998,-3302.4902734445495,2.9751599671673716,-327.36361453648124,-3.2357005364642597
460,0.029947916666666668,-3242.2104991372544,2.8451656497819213,-330.4643854936002,-3.284000286519077
461,0.030013020833333334,-3197.794193982523,1.947837168181173,-327.1609990447324,-3.134283425797603
462,0.030078125,-3156.193481448937,2.4368694356534415,-312.4419451936615,-3.1564629892146012
463,0.030143229166666667,-3158.850571452784,1.7525134775830253,-319.28829472042264,-3.1398371727037366
464,0.030208333333333334,-3138.141045048471,1.507843692612213,-309.7213261706187,-3.137009865889828
465,0.0302734375,-3103.6279208785527,1.790726881794309,-311.989479539105,-3.1357177357889423
466,0.030338541666666666,-3103.959802917047,1.507865637226548,-312.7224259514303,-3.062427324746614
467,0.030403645833333333,-2957.6220170041806,1.0760904709101402,-303.63358936347294,-2.972008317868632
468,0.03046875,-2896.4861741495984,0.9882985116646429,-299.2234714078415,-2.8952975471172584
469,0.030533854166666666,-2926.5789784069507,1.2609742927174692,-292.3514011476569,-2.981373476388804
470,0.030598958333333332,-2903.4942435599337,0.6308850318277748,-290.74445075727306,-2.8971570441081935
471,0.0306640625,-2776.6047507105072,1.2781994594545654,-285.1190836359176,-2.8827441755521868
472,0.030729166666666665,-2868.8790953571265,0.43634711846862606,-288.09773777994013,-2.788532749474607
473,0.03079427083333333,-2732.820653857557,0.188412649435018,-278.4363894889789,-2.867878581689672
474,0.030859374999999998,-2668.729084875749,0.4756507775798824,-271.9147160033667,-2.727659953811104
475,0.030924479166666668,-2600.5027436922596,0.3401205582556096,-267.12880133469014,-2.625673317131764
476,0.030989583333333334,-2539.6076030843474,0.4519291342870158,-255.7643056076254,-2.654129296179539
477,0.0310546875,-2497.849004719775,-0.001885312694393338,-252.01824943009225,-2.6159117803716456
478,0.031119791666666667,-2554.861578339972,0.23827358878677715,-242.10398948778777,-2.4879320681745365
479,0.031184895833333334,-2456.3460378818695,-0.37844793266388993,-245.01148261328913,-2.4798782569316438
480,0.03125,-2496.027070103474,-0.26286733539464857,-235.72974704395426,-2.375505815599771
481,0.03131510416666666,-2378.290462168797,-0.051441342886705654,-230.49482053936237,-2.4043484403890276
482,0.03138020833333333,-2290.0202765026256,-0.4682443520806823,-223.0656752088317,-2.238792257056881
483,0.0314453125,-2230.3319696364842,-0.7305083067402494,-223.41729069025317,-2.163400683650816
484,0.031510416666666666,-2069.1229664005286,-0.2255302636453807,-221.7419873403569,-2.0722667142479763
485,0.031575520833333336,-2051.3143918814903,-0.5068205354257663,-205.77120758793384,-2.0737803529724195
486,0.031640625,-2083.513494938066,-0.7463529511511041,-199.6451548589574,-2.0440645871896397
487,0.03170572916666667,-1993.0202017290133,-0.7376704660818788,-184.58484539203616,-1.9688169579100072
488,0.03177083333333333,-1864.6228762344329,-1.2106097438315373,-193.94150677092676,-1.9770774552993047
489,0.0318359375,-1740.3846949327979,-1.0460027762345687,-175.11873814851415,-1.7893137987313665
490,0.031901041666666664,-1694.6504149101033,-0.9856186567205552,-170.6587622000196,-1.751820215942423
491,0.031966145833333334,-1610.9071294167316,-0.7886925381761783,-168.34910806750258,-1.6783987281964412
492,0.03203125,-1576.9774936880451,-0.9393637820100292,-155.4915536234471,-1.6461313130526856
493,0.03209635416666667,-1460.3210973207683,-0.8170870311034342,-152.4979203307269,-1.573138584006903
494,0.03216145833333333,-1365.2978279098752,-0.8002477842383668,-147.86280146611477,-1.4678996698448445
495,0.0322265625,-1426.5026842851867,-0.7500258275989411,-140.40213869761362,-1.3904201291284388
496,0.03229166666666666,-1454.5375660933103,-1.0356670445242857,-128.1893625571494,-1.2999048087019767
497,0.03235677083333333,-1237.9197272033323,-1.0186141021793926,-119.94724555921303,-1.2833744866235535
498,0.032421875,-1137.197958634926,-1.2961346111535306,-116.75734244414564,-1.1974517090132772
499,0.032486979166666666,-1106.849868275675,-0.9229780007118455,-113.74708952174971,-1.1448924389755353
500,0.032552083333333336,-1090.6205853010865,-0.6873763346975333,-96.17056433508948,-0.9747011134936894
501,0.0326171875,-891.0427956489013,-0.7959671310109313,-87.18208757470555,-0.9546446631081168
502,0.03268229166666667,-861.8349204383487,-1.3867023013759758,-84.67124777256014,-0.8827399480324158
503,0.03274739583333333,-715.6152924657572,-0.8207391036896248,-79.86286745042415,-0.7263698886407097
504,0.0328125,-633.4692975603659,-0.7361954688465125,-69.17384765953604,-0.6806364914459799
505,0.032877604166666664,-558.3589652275602,-1.1559714734382418,-63.23691920241629,-0.6524840777876896
506,0.032942708333333334,-456.3431381637399,-0.9276727148902877,-51.17459102166767,-0.5417492128514521
507,0.0330078125,-501.8550574557673,-0.7098581127043281,-40.08642762000916,-0.3388858933840443
508,0.03307291666666667,-276.9557885064664,-0.5815989648302518,-32.10071654240365,-0.26062620944895504
509,0.03313802083333333,-296.14432874448937,-0.4931771921950346,-29.936731476245946,-0.2748830540508214
510,0.033203125,-141.62575610145228,-0.5457727530926931,-25.11555741933829,-0.12734258946832852
511,0.03326822916666666,-57.96339244913045,-0.25772606127150327,-7.674132142047917,-0.09176406576048082
512,0.03333333333333333,6.496599422811439,0.12773718592811423,-6.420085308129535,-0.0971208027587609
513,0.0333984375,101.52249569739628,-0.776682363890977,1.0988679225513645,0.07222038126956451
514,0.033463541666666666,145.41078567061234,-0.05876806555657035,7.732992643812941,0.1484456708397197
515,0.033528645833333336,226.54089436552508,0.037444912575007525,28.549977515176213,0.2329920332417408
516,0.03359375,294.19407482289876,0.28713265530749865,34.504655492906515,0.31342551671806074
517,0.03365885416666667,391.68776712821096,0.0065959515214507325,44.781415464640176,0.4037018738702195
518,0.03372395833333333,571.8131617466803,0.810484151345781,42.94486822282564,0.40254278551022316
519,0.0337890625,612.1865004939008,0.40013585195123247,55.96325897937436,0.5731355532981794
520,0.033854166666666664,680.6519220654106,0.7916927202404246,61.75347201868691,0.5978565466561548
521,0.033919270833333334,726.7699395590332,0.7705438114496453,76.00252309428845,0.743714078123695
522,0.033984375,815.8944105313743,0.7259740085480014,90.33509868780126,0.8097539849049591
523,0.03404947916666667,845.2276174411093,1.0014923060045435,81.03713869139126,0.9170175092761018
524,0.03411458333333333,994.941691749211,1.2923572985696385,92.25135551393903,0.9859944646825725
525,0.0341796875,1108.804033503653,1.7012841695843322,103.99360259381866,1.1143962631333135
526,0.03424479166666666,1128.1582692684449,1.5052368190614063,105.00346862677709,1.1932815741117309
527,0.03430989583333333,1218.770182767035,1.6556050390486075,112.18654728523613,1.2099510825047055
528,0.034375,1353.0277778561792,1.5412389097930204,127.21761802863755,1.2299931594824027
529,0.034440104166666666,1313.5058590353449,1.829610760784688,141.2142821229647,1.3792889479599053
530,0.034505208333333336,1434.4901288932033,1.9284239504442644,141.38827566021396,1.4541565431738233
531,0.0345703125,1545.4295439735147,2.7237532526514894,152.95300787270367,1.5310347144722267
532,0.03463541666666667,1578.3762540280443,2.442760026772627,151.50755307764538,1.5269677652058968
533,0.03470052083333333,1680.8540720370943,2.4053382692164353,158.03241059635215,1.61602495074299
534,0.034765625,1724.3624022837835,3.042274419188799,173.15530410513,1.7612708543574795
535,0.034830729166666664,1727.7912453495474,3.159781883377232,181.57003257099572,1.7787669527769627
536,0.034895833333333334,1838.4751946113304,3.018708139096824,183.65928161837346,1.8673107839219822
537,0.0349609375,2045.9614919524765,3.7325099091481793,189.19712078636408,1.9596747815576547
538,0.03502604166666667,1907.5566605503543,3.306081415603722,202.84014825516135,1.9527674239909476
539,0.03509114583333333,2056.405106874016,3.769490869220666,210.65162117240888,2.105385945274427
540,0.03515625,2143.5379777298454,3.6828857578667877,208.15368840039457,2.0929633461531116
541,0.03522135416666666,2238.8476218099454,4.477382712646568,207.9608848786874,2.241476628433773
542,0.03528645833333333,2235.5737052839017,4.545884106548429,219.08204677882168,2.2346288783864066
543,0.0353515625,2302.415150187226,4.619067847309151,235.62351704061183,2.3463743449635794
544,0.035416666666666666,2428.2172545832423,4.759979377037168,228.03589986969573,2.4308551550747364
545,0.035481770833333336,2498.7189145532907,4.876991686800274,243.79825320442956,2.4428347052412183
546,0.035546875,2481.4658673946583,5.620353998464495,243.7904219512433,2.4367935968638497
547,0.03561197916666667,2584.1619229767484,5.736305436759344,251.1943949769098,2.566442400617814
548,0.03567708333333333,2661.797051852002,6.084301348766043,257.8455771844987,2.5560984687895503
549,0.0357421875,2675.8613810122483,6.288214178826249,263.38893288186875,2.6858009914437004
550,0.035807291666666664,2631.056573170823,5.989120464528258,265.32539753532916,2.6350265752525592
551,0.035872395833333334,2820.248764854806,5.934896202498416,271.7699184025384,2.753793529616892
552,0.0359375,2798.5085991680485,6.70453018821644,281.00560224625906,2.7179201844603385
553,0.03600260416666667,2853.0208548065057,6.817447310630863,283.1372802596057,2.779069925830002
554,0.03606770833333333,2882.9408299655656,7.220858186933897,290.719740355349,2.8203068465538363
555,0.0361328125,2996.9276026972775,7.39496849866933,281.27805476046404,2.9242564079971607
556,0.03619791666666666,2904.640339608353,7.729175679754805,297.7798941312976,2.950795540845374
557,0.03626302083333333,3038.2335958457056,7.862642519371623,299.627224559756,2.8842946178968374
558,0.036328125,3073.7877246447592,8.239532720956868,305.00733768613065,2.877792404594286
559,0.036393229166666666,3112.587168852977,8.483974483474464,307.3499881979881,3.0312102355155774
560,0.036458333333333336,3257.4819755288327,8.362411010923523,304.4869308579464,3.1020919248336476
561,0.0365234375,3200.512028245495,9.046238920855245,310.4111336180705,3.1282815932768897
562,0.03658854166666667,3193.433230824675,8.900289705055867,311.27987652689467,3.1684646603231323
563,0.03665364583333333,3279.2070677390725,9.484709783623844,323.0436228289975,3.2443574187234545
564,0.03671875,3142.1819474615777,9.580546559163134,322.50244556430357,3.2117281183518704
565,0.036783854166666664,3279.7389491569133,9.815414116135424,322.08458264190483,3.2186831764571022
566,0.036848958333333334,3266.6616639717313,9.606344908329097,330.4454693139083,3.2433705840635993
567,0.0369140625,3297.7804456672466,10.391327471509037,326.9395155476586,3.407888885035857
568,0.03697916666666667,3362.833209539643,10.574618667875827,331.9431394636693,3.1865670031523834
569,0.03704427083333333,3305.488325356407,10.970446944922607,333.29280210375026,3.258938456866224
570,0.037109375,3362.1641469203423,10.658635840289712,326.8469485180329,3.3094612944317148
571,0.03717447916666666,3334.3067819188877,11.094869641780274,331.12897527078314,3.3527926066421747
572,0.03723958333333333,3405.4863433250803,11.585981165504299,331.47980452573915,3.3971121339292503
573,0.0373046875,3312.686608610485,11.641432732709601,327.2901991389908,3.3095931436126453
574,0.037369791666666666,3348.6305445079824,11.750341464387063,334.74514576126717,3.291516533099895
575,0.037434895833333336,3352.073185642277,11.955208673073871,330.52536213344683,3.292455452348325
576,0.0375,3346.581276338134,12.433512245057216,340.18929481438676,3.4061464117675646
577,0.03756510416666667,3411.440928716334,12.868747290912484,336.16303842281826,3.377028834917904
578,0.03763020833333333,3390.467382917284,12.667416476751582,341.25220774420825,3.4099224262781327
579,0.0376953125,3386.65130544124,12.971263289023707,333.05216777206675,3.3809876810897697
580,0.037760416666666664,3287.625919948824,12.877964400838513,341.54521804678825,3.2753988144008908
581,0.037825520833333334,3407.584256086458,12.960683167636482,330.7350004415457,3.292031828890734
582,0.037890625,3370.5662903553116,13.070181454535389,322.5925029749962,3.2357928393098705
583,0.03795572916666667,3360.9973477102862,13.76905014246231,327.37157037710216,3.2656216504338955
584,0.03802083333333333,3274.081913173416,13.560005140105451,331.45072150301525,3.34442006572453
585,0.0380859375,3329.1186205167332,14.31160446442436,327.1655893759414,3.211930223655758
586,0.03815104166666666,3371.400897945733,14.216399487894973,322.12821079028294,3.2251730151252413
587,0.03821614583333333,3248.921412482977,14.640198835106245,324.5351567201633,3.2841746167143557
588,0.03828125,3234.8958068072593,14.375445042023088,321.5064556322207,3.217690158725216
589,0.038346354166666666,3315.896385658392,14.82389954706944,314.576727478682,3.251624582707932
590,0.038411458333333336,3205.1685305367123,15.257502150643727,311.1938291373566,3.1633287379014297
591,0.0384765625,3211.0756246351098,15.358880715343906,320.6594340121209,3.0761168290970615
592,0.03854166666666667,3112.1196980118993,15.218428943087824,306.9104509759117,3.090032723450839
593,0.03860677083333333,3120.942613278348,14.890528340752896,311.6339782447791,2.9737913677850663
594,0.038671875,3068.4562358057265,15.645939845996603,308.2336846871828,2.924131035677789
595,0.038736979166666664,3050.812032300024,15.890402722127412,295.6717556924941,3.0433081673074214
596,0.038802083333333334,2940.6931142840185,15.561111846953171,297.17729125153016,2.9784087792445177
597,0.0388671875,2957.546336442877,16.321773701112487,287.9399916775866,2.998259061872059
598,0.03893229166666667,2892.5570220105587,16.324594115200913,297.5345001835648,2.8223643525287208
599,0.03899739583333333,2903.7200185681645,16.716076159817703,283.56343423412295,2.877638986444854
600,0.0390625,2871.6506016970734,16.574600561187008,282.81414964692664,2.7666616521484166
601,0.03912760416666666,2772.7781564680254,16.719398246649618,268.9684484506991,2.7848873477850375
602,0.03919270833333333,2643.10174528437,16.93164238393878,260.4578765743979,2.6781627257143734
603,0.0392578125,2689.3096922848017,17.214842278934388,269.7046980697326,2.66524099273137
604,0.039322916666666666,2658.5316924418435,17.036730477798358,264.0289904295643,2.536868634798728
605,0.039388020833333336,2510.040203771276,17.112258967125413,243.22260552164707,2.537684081382938
606,0.039453125,2470.2828048909455,17.425559332496288,251.65852456280516,2.5380750256676343
607,0.03951822916666667,2435.390760582816,17.52557291092949,240.07608439291317,2.489239637455415
608,0.03958333333333333,2411.2297743585177,17.3211291997882,245.0457365474093,2.39148283240848
609,0.0396484375,2358.91674357395,17.51705231099379,243.44779591107368,2.259297765073177
610,0.039713541666666664,2271.891923256167,17.571798530600685,223.21038360544705,2.228755320582121
611,0.039778645833333334,2320.320637216093,17.772584652352478,219.37233779341986,2.1946484504841672
612,0.03984375,2151.1149529588206,17.52633153189922,219.74594939533478,2.087765147168461
613,0.03990885416666667,2094.270912714181,17.91870310597518,214.53261183804858,2.026931623389082
614,0.03997395833333333,2015.6045021221541,18.127802281257427,197.48442557017896,2.0359874654005705
615,0.0400390625,1913.3077164215354,17.831237577780534,194.76665099153908,1.9443554617124315
616,0.04010416666666666,1890.7438867693843,17.6824579674323,182.41452822559083,1.747385728372697
617,0.04016927083333333,1756.855740534771,17.892003698774662,178.14311703316676,1.7551965623793953
618,0.040234375,1754.7839465017098,18.14623765080497,172.46474837482432,1.6884356914176326
619,0.040299479166666666,1629.934298142039,18.198055712267745,163.88201814360983,1.6481856880275791
620,0.040364583333333336,1592.1092430136823,17.83192452246831,165.54515213057073,1.5982290959400351
621,0.0404296875,1463.7261888341288,17.662184100812215,145.7522393543621,1.564978428711097
622,0.04049479166666667,1389.7584397399187,18.360643620180227,141.85621120696973,1.4231945110130206
623,0.04055989583333333,1368.445007633056,18.379558442608417,140.04176469307242,1.3177462587187085
624,0.040625,1304.3312305136105,18.485590341981638,127.02353470161985,1.1653145416788138
625,0.040690104166666664,1268.6435676818235,18.321168674770377,113.60898599147936,1.155315379633519
626,0.040755208333333334,1202.6707675892478,18.02085301424464,103.04712683370441,1.2045580150841988
627,0.0408203125,1041.0075747220617,18.48855797275183,100.44725196131826,1.029417255243655
628,0.04088541666666667,1133.0143838723423,18.380205358081735,97.47739022928448,0.9509427945375752
629,0.04095052083333333,861.8339658482794,17.53977725899898,85.26940042730938,0.8991137679367336
630,0.041015625,850.4574982227064,18.200702099170922,87.8997730795058,0.8612950904435754
631,0.04108072916666666,719.6228130840683,18.316661088699316,64.60144262143369,0.8164632496650545
632,0.04114583333333333,713.187464909206,18.031638538942993,62.564737533188854,0.6578099849284824
633,0.0412109375,619.2746572794816,18.283452383479197,61.165134945212905,0.5659522987545932
634,0.041276041666666666,487.0843472516477,17.97384537333606,50.072512550458136,0.4781759327113897
635,0.041341145833333336,363.38389927903785,17.787001294049816,45.686484592877434,0.38224526161229155
636,0.04140625,371.48791311366324,17.846276441231627,33.42884723942229,0.3281365765404031
637,0.04147135416666667,229.64078919826565,17.55008820767381,25.111234713614923,0.23115176699880097
638,0.04153645833333333,126.37677360213328,17.7242072986805,11.428443532739415,0.1611368940974408
639,0.0416015625,245.90636748767906,17.452948894721153,7.497181716539634,0.09149564322949466
640,0.041666666666666664,2.506270427312065,17.719915047887365,-5.332732931333387,-0.04957242607421508
641,0.041731770833333334,-99.45329592326038,17.474114861907648,-5.725837711339612,-0.027697011780140106
642,0.041796875,-176.734178295764,17.364243988278364,-8.774318466718107,-0.14758764921247217
643,0.04186197916666667,-304.8921845900622,16.991289184757594,-15.474006190503774,-0.2563216936087966
644,0.04192708333333333,-250.287090236486,17.20248583819969,-29.138810211213116,-0.23620485641308026
645,0.0419921875,-382.1912978475732,17.041465159193038,-41.36306528303669,-0.4005984648375568
646,0.04205729166666666,-451.7847247866283,17.158420511234233,-45.2374675736629,-0.5679740590357152
647,0.04212239583333333,-510.34452592723545,16.816010582062756,-60.68336845480525,-0.6114192118170483
648,0.0421875,-664.5107152501895,16.750677648495483,-67.8860211790492,-0.6416541082813801
649,0.042252604166666666,-741.2740888198003,16.464976750712783,-80.29713064331615,-0.6937074564781516
650,0.042317708333333336,-832.8559559842909,16.350600353715336,-83.64263278280617,-0.8072921850215795
651,0.0423828125,-956.4551405442796,16.34634927033996,-95.7386168742805,-0.9050629015092918
652,0.04244791666666667,-945.8948026279378,16.227824040613623,-98.92069916498255,-0.9494157537870127
653,0.04251302083333333,-1097.9751939864436,15.761196728726738,-94.6987531901476,-1.0047721256076827
654,0.042578125,-1244.5972043418283,15.617941434980642,-109.30119869899278,-1.193875626815155
655,0.042643229166666664,-1273.8330960801247,16.06976321133236,-123.27670889115716,-1.1754571246819905
656,0.042708333333333334,-1342.806862045538,15.405482924214798,-126.89572495964251,-1.3419518808061879
657,0.0427734375,-1352.233252559451,15.645909722583047,-143.05587279579075,-1.3705111532670264
658,0.04283854166666667,-1519.4532083826123,15.038905299588356,-148.84893341750103,-1.432381168589928
659,0.04290364583333333,-1531.0558224582621,14.766479749211788,-152.6401517879167,-1.4818908248582257
660,0.04296875,-1670.1793083142343,14.591568310852063,-156.04388855884082,-1.5734684878576501
661,0.04303385416666666,-1692.9908499982346,14.803807756279458,-156.7010191985232,-1.6492684649708096
662,0.04309895833333333,-1733.1072092342868,14.228028834551981,-168.85349480547922,-1.6787804543205336
663,0.0431640625,-1870.4424965059172,13.787293965436374,-182.39030756302813,-1.813269715732279
664,0.043229166666666666,-1854.65519108165,13.887300507195317,-194.42043166522316,-1.8468113071493342
665,0.043294270833333336,-1925.3599785157414,13.6557728026599,-194.94258820074745,-1.8990083510992983
666,0.043359375,-2068.566339155977,13.641088695288278,-206.03121188780622,-2.003476424827476
667,0.04342447916666667,-2013.1079604936194,13.788723568264398,-208.94342409871294,-2.0259490981033808
668,0.04348958333333333,-2170.622500884945,12.934426877824274,-218.93683658437155,-2.1726697579169443
669,0.0435546875,-2228.854248372766,12.924811867987154,-212.87818757390323,-2.2032301086982415
670,0.043619791666666664,-2229.695927027859,12.94133009565272,-223.67964065228745,-2.268764462612123
671,0.043684895833333334,-2405.1226364803088,12.43243228429985,-232.9707551678163,-2.369305966668651
672,0.04375,-2323.414073482003,12.183970992056809,-234.09550624906765,-2.4118705867362835
673,0.04381510416666667,-2487.3897063871477,12.210108170927946,-241.55858995931112,-2.5116496814739264
674,0.04388020833333333,-2492.9400846855206,11.836826179015421,-258.66155677881085,-2.5341895308074216
675,0.0439453125,-2513.2718642418545,11.849347377103363,-252.70515411835427,-2.5966518610487053
676,0.04401041666666666,-2641.474861179394,11.620671754109948,-256.96199815168245,-2.6132023907026145
677,0.04407552083333333,-2689.9213809129637,11.067764226702412,-255.0833708128883,-2.5643526686405913
678,0.044140625,-2617.389165007241,11.07159385604336,-269.9250025172489,-2.6933634102513935
679,0.044205729166666666,-2713.1236126538884,10.510564009829437,-268.27017784602265,-2.7008380267169807
680,0.044270833333333336,-2824.60252227394,10.339422427852345,-266.32260611287603,-2.8066384455081654
681,0.0443359375,-2826.182113376482,10.243028241241198,-281.0393837083251,-2.8614387942665034
682,0.04440104166666667,-2897.145137381811,9.678404220952105,-290.38550065870396,-2.8690329955164073
683,0.04446614583333333,-2941.2796256381143,9.59519739917682,-297.53785910649594,-2.9283481034757988
684,0.04453125,-3011.550678014718,9.282666206235477,-299.55513630590997,-3.0085227062162754
685,0.044596354166666664,-3101.4157419449334,9.3618774412043,-298.13026484977433,-3.0464145460810124
686,0.044661458333333334,-3038.666798293449,9.007788402749929,-298.46536448253767,-3.0045182859250015
687,0.0447265625,-3101.8702409992534,8.771782576175344,-310.76842742486946,-3.141866572515794
688,0.04479166666666667,-3033.94354696267,8.4758501044669,-307.87407093399116,-3.1375328511216427
689,0.04485677083333333,-3187.484068873061,8.226674192901639,-308.4562428427792,-3.186721499952498
690,0.044921875,-3147.687736175798,8.299442178610027,-313.45137099200457,-3.201907771335318
691,0.04498697916666666,-3216.4792364751565,8.099345232403223,-317.1914286026741,-3.1158198428646178
692,0.04505208333333333,-3275.056482863259,7.5196890460243955,-326.9602324386003,-3.185825843512505
693,0.0451171875,-3215.0031059042135,7.5354422644529855,-324.5609435898851,-3.2261499178320454
694,0.045182291666666666,-3399.9001598685354,7.206486866940976,-330.6732988988056,-3.320169761705701
695,0.045247395833333336,-3293.9988618443995,6.8209818277345615,-327.70585555398134,-3.295606539099643
696,0.0453125,-3289.1027390607833,6.544710142914393,-326.84792078911437,-3.309551744830425
697,0.04537760416666667,-3463.779004839314,5.658365459614122,-323.1860265903859,-3.3146219139056314
698,0.04544270833333333,-3340.7013345991804,5.873446969927739,-329.18794904883606,-3.34193564402274
699,0.0455078125,-3352.1770045002895,6.067594489158552,-327.8587831416987,-3.231838150081467
700,0.045572916666666664,-3360.714594079029,5.866656713030106,-334.5428277782609,-3.3770939059627048
701,0.045638020833333334,-3345.90318603402,5.239392472317497,-334.9375925873268,-3.3537878065400015
702,0.045703125,-3411.9313182914175,5.235407526917829,-340.64951971430355,-3.4428123135996094
703,0.04576822916666667,-3366.676202008381,5.077176112791001,-337.3707826966265,-3.3516558873320603
704,0.04583333333333333,-3413.727569782459,4.773727260555657,-342.7197769603731,-3.387123526133541
705,0.0458984375,-3454.507715983149,4.431840476892244,-334.5630567307542,-3.3578055228231296
706,0.04596354166666666,-3368.403394234913,4.562129758197659,-344.13994596203673,-3.330611949347518
707,0.04602864583333333,-3407.1570452936658,4.224104524709911,-339.4809146408784,-3.361446550222056
708,0.04609375,-3378.4421180612844,4.080348720874748,-338.9528740710927,-3.2634710287563427
709,0.046158854166666666,-3370.7216625251444,3.855643603940299,-334.5174722826319,-3.383206243267859
710,0.046223958333333336,-3363.3611390670517,3.348002153222326,-328.96937417983617,-3.309741561675733
711,0.0462890625,-3344.013264230277,3.6992713558798127,-338.70799040785016,-3.30626291573825
712,0.04635416666666667,-3270.8503998788137,3.421664188334128,-329.18707570473094,-3.267580504465719
713,0.04641927083333333,-3291.805279962766,2.807883639166884,-327.5151859445711,-3.3278573269437883
714,0.046484375,-3361.372032848148,2.4824033372651764,-339.1372872040492,-3.2232653441847647
715,0.046549479166666664,-3203.966754441579,2.7798487044786455,-330.0562094604734,-3.2613177786547145
716,0.046614583333333334,-3184.8711594251436,2.1956041717977515,-326.16736275577074,-3.175780538778992
717,0.0466796875,-3183.7511460748788,1.869391331146718,-316.4852218128924,-3.123421128935071
718,0.04674479166666667,-3172.9524195092913,2.1939616586940596,-313.37221697375463,-3.190821905257914
719,0.04680989583333333,-3254.7943224588407,2.090924518419637,-313.65030915483686,-3.1426628098827782
720,0.046875,-3100.3063323135607,2.013077173979235,-317.45825266433144,-3.1308295257207353
721,0.04694010416666666,-3145.955462732429,1.3323240708945758,-307.66982571678403,-3.0121811405457475
722,0.04700520833333333,-3057.2232254989954,1.022378744680471,-302.16716773016384,-3.0369395460958013
723,0.0470703125,-3020.8756652072348,1.3976232149159178,-304.59881607550034,-3.0393433087723207
724,0.047135416666666666,-2938.5268310880856,1.4436246795485126,-290.6958044440018,-2.9881090578861325
725,0.047200520833333336,-2960.035015200133,1.034534770618548,-297.21796080668315,-2.9483276466606383
726,0.047265625,-2841.2006662160384,0.8085991634913702,-291.8974243520624,-2.8793197848151166
727,0.04733072916666667,-2865.07316187111,0.4246986088458844,-281.7264057620075,-2.7662969713704806
728,0.04739583333333333,-2888.342063751118,0.4407991851262809,-279.7313786879798,-2.847403471175874
729,0.0474609375,-2727.782256503828,0.17996524144200315,-268.38112036062915,-2.6774088047903977
730,0.047526041666666664,-2709.871058869918,0.07647764709938037,-267.60527895731826,-2.7574659938838657
731,0.047591145833333334,-2717.0379394416955,-0.13234903457503241,-261.5208509250661,-2.6285168190659487
732,0.04765625,-2563.505379814912,0.02223301947936513,-258.76036999846764,-2.548128741422398
733,0.04772135416666667,-2600.5751378847685,0.4253891489368744,-252.6429656194249,-2.514470858648828
734,0.04778645833333333,-2494.634907292286,-0.31123430302213134,-255.92918110476614,-2.418600655280843
735,0.0478515625,-2473.785563549499,-0.7117817766889453,-240.35777692681074,-2.5215541923440323
736,0.04791666666666666,-2426.887253353366,-0.511464040299953,-241.27948465981905,-2.394312894214695
737,0.04798177083333333,-2339.4740939884973,-0.1058159341659321,-228.86884071639417,-2.3361020274705107
738,0.048046875,-2329.3776715264403,-0.413810230535613,-222.08217424111757,-2.269434433485511
739,0.048111979166666666,-2192.276082812563,-0.4045120537743346,-223.3775432511933,-2.1742582651958005
740,0.048177083333333336,-2198.0557651972445,-0.7451842699840863,-216.5896151034255,-2.1471150320820014
741,0.0482421875,-2066.433929992105,-0.7501219662715598,-213.74271669811122,-2.124355594457365
742,0.04830729166666667,-2001.110362829924,-0.6462210114231315,-202.70838106242547,-2.0189183404748805
743,0.04837239583333333,-1978.4354820074188,-1.0176293609666254,-195.06796232334761,-2.0038780470002706
744,0.0484375,-1897.7373837855764,-0.7658561901737893,-191.6006709602066,-1.772059712101584
745,0.048502604166666664,-1861.0112861474913,-1.006093690599335,-179.30583733812577,-1.8095866160962537
746,0.048567708333333334,-1694.9447540311105,-0.74416793333887,-162.24440851011795,-1.7259521687964852
747,0.0486328125,-1680.9024853796582,-0.8693261771020062,-165.65708915641738,-1.6452095244083542
748,0.04869791666666667,-1629.4572761908569,-0.949310169931523,-164.4857498342031,-1.565250602253867
749,0.04876302083333333,-1526.369479218289,-1.3745042664962435,-159.78505630493908,-1.522895888479428
750,0.048828125,-1504.9036769879617,-1.187836513685937,-144.2482736812478,-1.4025444131246505
751,0.04889322916666666,-1345.1471224405705,-1.0134536253350512,-128.45007943703916,-1.3388038762145862
752,0.04895833333333333,-1352.1591983896283,-1.2692552620479511,-135.6542922086391,-1.2535919110734297
753,0.0490234375,-1169.740889316552,-1.1665959324966553,-118.61428998044765,-1.2306611212475587
754,0.049088541666666666,-1079.9092213444653,-1.0336750318021894,-107.56809743454137,-1.1099220830981746
755,0.049153645833333336,-1054.8205988641962,-1.11704991088276,-107.89672128511218,-1.0734565487196923
756,0.04921875,-1056.8437469977985,-0.9742744508197131,-98.91721368809193,-1.00951573999453
757,0.04928385416666667,-867.6164077158702,-1.092834709250901,-90.87555018031226,-0.9839640875728436
758,0.04934895833333333,-815.3360671042725,-0.9879831453694798,-78.3182577110892,-0.8456851341543618
759,0.0494140625,-743.810661070447,-1.5265351742520399,-74.05484377312877,-0.7795834462454314
760,0.049479166666666664,-731.0412109114438,-1.1831278666208664,-65.91086302201333,-0.6791645638685269
761,0.049544270833333334,-615.3285149060358,-0.7336164538674933,-54.39187225300475,-0.5914038258979191
762,0.049609375,-483.5016143411758,-1.442746892693747,-58.99182138683616,-0.5572447925438221
763,0.04967447916666667,-396.32315705709726,-0.8900659146897805,-38.50797610292747,-0.4472412509220713
764,0.04973958333333333,-257.1786679826547,-0.300666629476276,-33.78859933085891,-0.37899503423807296
765,0.0498046875,-226.56496157890876,-0.5438102178540156,-24.253783869733386,-0.2206588246541011
766,0.04986979166666666,-176.58626898388928,-0.16611155723990567,-21.504546118763095,-0.18946657473796452
767,0.04993489583333333,-28.378129398080794,-0.3280278053171473,-11.6560767127043,-0.13563638906608794
